id,file
1,"Black_Footed_Albatross_0046_18.jpg"
2,"Black_Footed_Albatross_0009_34.jpg"
3,"Black_Footed_Albatross_0002_55.jpg"
4,"Black_Footed_Albatross_0074_59.jpg"
5,"Black_Footed_Albatross_0014_89.jpg"
6,"Black_Footed_Albatross_0085_92.jpg"
7,"Black_Footed_Albatross_0031_100.jpg"
8,"Black_Footed_Albatross_0051_796103.jpg"
9,"Black_Footed_Albatross_0010_796097.jpg"
10,"Black_Footed_Albatross_0025_796057.jpg"
11,"Black_Footed_Albatross_0023_796059.jpg"
12,"Black_Footed_Albatross_0086_796062.jpg"
13,"Black_Footed_Albatross_0049_796063.jpg"
14,"Black_Footed_Albatross_0006_796065.jpg"
15,"Black_Footed_Albatross_0040_796066.jpg"
16,"Black_Footed_Albatross_0016_796067.jpg"
17,"Black_Footed_Albatross_0065_796068.jpg"
18,"Black_Footed_Albatross_0089_796069.jpg"
19,"Black_Footed_Albatross_0042_796071.jpg"
20,"Black_Footed_Albatross_0067_170.jpg"
21,"Black_Footed_Albatross_0060_796076.jpg"
22,"Black_Footed_Albatross_0090_796077.jpg"
23,"Black_Footed_Albatross_0056_796078.jpg"
24,"Black_Footed_Albatross_0061_796082.jpg"
25,"Black_Footed_Albatross_0008_796083.jpg"
26,"Black_Footed_Albatross_0033_796086.jpg"
27,"Black_Footed_Albatross_0024_796089.jpg"
28,"Black_Footed_Albatross_0005_796090.jpg"
29,"Black_Footed_Albatross_0026_796095.jpg"
30,"Black_Footed_Albatross_0080_796096.jpg"
31,"Black_Footed_Albatross_0047_796064.jpg"
32,"Black_Footed_Albatross_0017_796098.jpg"
33,"Black_Footed_Albatross_0064_796101.jpg"
34,"Black_Footed_Albatross_0076_417.jpg"
35,"Black_Footed_Albatross_0019_796104.jpg"
36,"Black_Footed_Albatross_0057_796106.jpg"
37,"Black_Footed_Albatross_0041_796108.jpg"
38,"Black_Footed_Albatross_0053_796109.jpg"
39,"Black_Footed_Albatross_0001_796111.jpg"
40,"Black_Footed_Albatross_0071_796113.jpg"
41,"Black_Footed_Albatross_0077_796114.jpg"
42,"Black_Footed_Albatross_0032_796115.jpg"
43,"Black_Footed_Albatross_0038_212.jpg"
44,"Black_Footed_Albatross_0037_796120.jpg"
45,"Black_Footed_Albatross_0082_796121.jpg"
46,"Black_Footed_Albatross_0079_796122.jpg"
47,"Black_Footed_Albatross_0050_796125.jpg"
48,"Black_Footed_Albatross_0078_796126.jpg"
49,"Black_Footed_Albatross_0036_796127.jpg"
50,"Black_Footed_Albatross_0045_796129.jpg"
51,"Black_Footed_Albatross_0039_796132.jpg"
52,"Black_Footed_Albatross_0088_796133.jpg"
53,"Black_Footed_Albatross_0068_796135.jpg"
54,"Black_Footed_Albatross_0003_796136.jpg"
55,"Black_Footed_Albatross_0007_796138.jpg"
56,"Black_Footed_Albatross_0069_796139.jpg"
57,"Black_Footed_Albatross_0035_796140.jpg"
58,"Black_Footed_Albatross_0063_796141.jpg"
59,"Black_Footed_Albatross_0058_796074.jpg"
60,"Black_Footed_Albatross_0081_426.jpg"
61,"Laysan_Albatross_0002_1027.jpg"
62,"Laysan_Albatross_0003_1033.jpg"
63,"Laysan_Albatross_0082_524.jpg"
64,"Laysan_Albatross_0044_784.jpg"
65,"Laysan_Albatross_0070_788.jpg"
66,"Laysan_Albatross_0050_870.jpg"
67,"Laysan_Albatross_0071_792.jpg"
68,"Laysan_Albatross_0053_543.jpg"
69,"Laysan_Albatross_0081_800.jpg"
70,"Laysan_Albatross_0001_545.jpg"
71,"Laysan_Albatross_0023_1059.jpg"
72,"Laysan_Albatross_0065_809.jpg"
73,"Laysan_Albatross_0061_563.jpg"
74,"Laysan_Albatross_0085_564.jpg"
75,"Laysan_Albatross_0005_565.jpg"
76,"Laysan_Albatross_0060_777.jpg"
77,"Laysan_Albatross_0055_570.jpg"
78,"Laysan_Albatross_0025_571.jpg"
79,"Laysan_Albatross_0080_821.jpg"
80,"Laysan_Albatross_0092_834.jpg"
81,"Laysan_Albatross_0013_910.jpg"
82,"Laysan_Albatross_0091_602.jpg"
83,"Laysan_Albatross_0102_611.jpg"
84,"Laysan_Albatross_0099_869.jpg"
85,"Laysan_Albatross_0017_614.jpg"
86,"Laysan_Albatross_0047_619.jpg"
87,"Laysan_Albatross_0035_876.jpg"
88,"Laysan_Albatross_0098_621.jpg"
89,"Laysan_Albatross_0088_883.jpg"
90,"Laysan_Albatross_0034_628.jpg"
91,"Laysan_Albatross_0104_630.jpg"
92,"Laysan_Albatross_0058_637.jpg"
93,"Laysan_Albatross_0028_643.jpg"
94,"Laysan_Albatross_0033_658.jpg"
95,"Laysan_Albatross_0075_668.jpg"
96,"Laysan_Albatross_0076_671.jpg"
97,"Laysan_Albatross_0096_673.jpg"
98,"Laysan_Albatross_0064_674.jpg"
99,"Laysan_Albatross_0039_924.jpg"
100,"Laysan_Albatross_0049_918.jpg"
101,"Laysan_Albatross_0012_696.jpg"
102,"Laysan_Albatross_0056_500.jpg"
103,"Laysan_Albatross_0037_699.jpg"
104,"Laysan_Albatross_0006_702.jpg"
105,"Laysan_Albatross_0073_927.jpg"
106,"Laysan_Albatross_0042_801.jpg"
107,"Laysan_Albatross_0004_930.jpg"
108,"Laysan_Albatross_0093_725.jpg"
109,"Laysan_Albatross_0068_726.jpg"
110,"Laysan_Albatross_0040_472.jpg"
111,"Laysan_Albatross_0100_735.jpg"
112,"Laysan_Albatross_0021_737.jpg"
113,"Laysan_Albatross_0029_482.jpg"
114,"Laysan_Albatross_0059_488.jpg"
115,"Laysan_Albatross_0018_492.jpg"
116,"Laysan_Albatross_0083_756.jpg"
117,"Laysan_Albatross_0094_1013.jpg"
118,"Laysan_Albatross_0103_504.jpg"
119,"Laysan_Albatross_0079_506.jpg"
120,"Laysan_Albatross_0051_1020.jpg"
121,"Sooty_Albatross_0038_1065.jpg"
122,"Sooty_Albatross_0031_1066.jpg"
123,"Sooty_Albatross_0001_1071.jpg"
124,"Sooty_Albatross_0016_1075.jpg"
125,"Sooty_Albatross_0043_1076.jpg"
126,"Sooty_Albatross_0003_1078.jpg"
127,"Sooty_Albatross_0077_1080.jpg"
128,"Sooty_Albatross_0063_1101.jpg"
129,"Sooty_Albatross_0044_1105.jpg"
130,"Sooty_Albatross_0071_1116.jpg"
131,"Sooty_Albatross_0070_796346.jpg"
132,"Sooty_Albatross_0030_1122.jpg"
133,"Sooty_Albatross_0054_796347.jpg"
134,"Sooty_Albatross_0033_1128.jpg"
135,"Sooty_Albatross_0048_1130.jpg"
136,"Sooty_Albatross_0032_1149.jpg"
137,"Sooty_Albatross_0034_1154.jpg"
138,"Sooty_Albatross_0055_1160.jpg"
139,"Sooty_Albatross_0024_1161.jpg"
140,"Sooty_Albatross_0045_1162.jpg"
141,"Sooty_Albatross_0073_1171.jpg"
142,"Sooty_Albatross_0074_1221.jpg"
143,"Sooty_Albatross_0021_796339.jpg"
144,"Sooty_Albatross_0005_796342.jpg"
145,"Sooty_Albatross_0064_796343.jpg"
146,"Sooty_Albatross_0042_1210.jpg"
147,"Sooty_Albatross_0046_1211.jpg"
148,"Sooty_Albatross_0017_796349.jpg"
149,"Sooty_Albatross_0049_796350.jpg"
150,"Sooty_Albatross_0050_796351.jpg"
151,"Sooty_Albatross_0075_796352.jpg"
152,"Sooty_Albatross_0068_796353.jpg"
153,"Sooty_Albatross_0057_796354.jpg"
154,"Sooty_Albatross_0010_796355.jpg"
155,"Sooty_Albatross_0029_796357.jpg"
156,"Sooty_Albatross_0069_796358.jpg"
157,"Sooty_Albatross_0020_796359.jpg"
158,"Sooty_Albatross_0058_796360.jpg"
159,"Sooty_Albatross_0025_796361.jpg"
160,"Sooty_Albatross_0041_796364.jpg"
161,"Sooty_Albatross_0076_796365.jpg"
162,"Sooty_Albatross_0004_796366.jpg"
163,"Sooty_Albatross_0065_796367.jpg"
164,"Sooty_Albatross_0072_796371.jpg"
165,"Sooty_Albatross_0007_796372.jpg"
166,"Sooty_Albatross_0014_796373.jpg"
167,"Sooty_Albatross_0051_796374.jpg"
168,"Sooty_Albatross_0040_796375.jpg"
169,"Sooty_Albatross_0067_796376.jpg"
170,"Sooty_Albatross_0066_796382.jpg"
171,"Sooty_Albatross_0036_796387.jpg"
172,"Sooty_Albatross_0079_796389.jpg"
173,"Sooty_Albatross_0006_796390.jpg"
174,"Sooty_Albatross_0019_796391.jpg"
175,"Sooty_Albatross_0002_796395.jpg"
176,"Sooty_Albatross_0022_796398.jpg"
177,"Sooty_Albatross_0023_796401.jpg"
178,"Sooty_Albatross_0013_796402.jpg"
179,"Groove_Billed_Ani_0068_1538.jpg"
180,"Groove_Billed_Ani_0094_1540.jpg"
181,"Groove_Billed_Ani_0033_1494.jpg"
182,"Groove_Billed_Ani_0069_1546.jpg"
183,"Groove_Billed_Ani_0080_1549.jpg"
184,"Groove_Billed_Ani_0071_1559.jpg"
185,"Groove_Billed_Ani_0037_1560.jpg"
186,"Groove_Billed_Ani_0017_1561.jpg"
187,"Groove_Billed_Ani_0105_1562.jpg"
188,"Groove_Billed_Ani_0090_1567.jpg"
189,"Groove_Billed_Ani_0019_1585.jpg"
190,"Groove_Billed_Ani_0031_1588.jpg"
191,"Groove_Billed_Ani_0107_1590.jpg"
192,"Groove_Billed_Ani_0035_1591.jpg"
193,"Groove_Billed_Ani_0109_1592.jpg"
194,"Groove_Billed_Ani_0036_1604.jpg"
195,"Groove_Billed_Ani_0085_1612.jpg"
196,"Groove_Billed_Ani_0018_1613.jpg"
197,"Groove_Billed_Ani_0007_1615.jpg"
198,"Groove_Billed_Ani_0075_1617.jpg"
199,"Groove_Billed_Ani_0029_1620.jpg"
200,"Groove_Billed_Ani_0108_1639.jpg"
201,"Groove_Billed_Ani_0100_1646.jpg"
202,"Groove_Billed_Ani_0051_1650.jpg"
203,"Groove_Billed_Ani_0015_1653.jpg"
204,"Groove_Billed_Ani_0076_1661.jpg"
205,"Groove_Billed_Ani_0046_1663.jpg"
206,"Groove_Billed_Ani_0002_1670.jpg"
207,"Groove_Billed_Ani_0053_1672.jpg"
208,"Groove_Billed_Ani_0088_1678.jpg"
209,"Groove_Billed_Ani_0072_1696.jpg"
210,"Groove_Billed_Ani_0082_1697.jpg"
211,"Groove_Billed_Ani_0101_1700.jpg"
212,"Groove_Billed_Ani_0010_1704.jpg"
213,"Groove_Billed_Ani_0047_1706.jpg"
214,"Groove_Billed_Ani_0040_1715.jpg"
215,"Groove_Billed_Ani_0077_1724.jpg"
216,"Groove_Billed_Ani_0091_1728.jpg"
217,"Groove_Billed_Ani_0074_1730.jpg"
218,"Groove_Billed_Ani_0044_1731.jpg"
219,"Groove_Billed_Ani_0059_1480.jpg"
220,"Groove_Billed_Ani_0023_1485.jpg"
221,"Groove_Billed_Ani_0004_1528.jpg"
222,"Groove_Billed_Ani_0056_1493.jpg"
223,"Groove_Billed_Ani_0005_1750.jpg"
224,"Groove_Billed_Ani_0058_1751.jpg"
225,"Groove_Billed_Ani_0027_1754.jpg"
226,"Groove_Billed_Ani_0014_1755.jpg"
227,"Groove_Billed_Ani_0055_1501.jpg"
228,"Groove_Billed_Ani_0065_1502.jpg"
229,"Groove_Billed_Ani_0060_1505.jpg"
230,"Groove_Billed_Ani_0006_1763.jpg"
231,"Groove_Billed_Ani_0087_1765.jpg"
232,"Groove_Billed_Ani_0061_1510.jpg"
233,"Groove_Billed_Ani_0062_1767.jpg"
234,"Groove_Billed_Ani_0092_1516.jpg"
235,"Groove_Billed_Ani_0032_1776.jpg"
236,"Groove_Billed_Ani_0009_1522.jpg"
237,"Groove_Billed_Ani_0078_1780.jpg"
238,"Groove_Billed_Ani_0012_1784.jpg"
239,"Crested_Auklet_0006_1813.jpg"
240,"Crested_Auklet_0042_794902.jpg"
241,"Crested_Auklet_0061_794904.jpg"
242,"Crested_Auklet_0018_1817.jpg"
243,"Crested_Auklet_0010_794907.jpg"
244,"Crested_Auklet_0041_794910.jpg"
245,"Crested_Auklet_0029_1824.jpg"
246,"Crested_Auklet_0044_1825.jpg"
247,"Crested_Auklet_0013_794914.jpg"
248,"Crested_Auklet_0047_794918.jpg"
249,"Crested_Auklet_0005_794922.jpg"
250,"Crested_Auklet_0019_794925.jpg"
251,"Crested_Auklet_0011_794927.jpg"
252,"Crested_Auklet_0059_794929.jpg"
253,"Crested_Auklet_0032_794931.jpg"
254,"Crested_Auklet_0057_794932.jpg"
255,"Crested_Auklet_0021_794938.jpg"
256,"Crested_Auklet_0045_794940.jpg"
257,"Crested_Auklet_0001_794941.jpg"
258,"Crested_Auklet_0039_794944.jpg"
259,"Crested_Auklet_0074_794949.jpg"
260,"Crested_Auklet_0028_794951.jpg"
261,"Crested_Auklet_0052_794952.jpg"
262,"Crested_Auklet_0012_794960.jpg"
263,"Crested_Auklet_0003_794962.jpg"
264,"Crested_Auklet_0033_794964.jpg"
265,"Crested_Auklet_0053_794966.jpg"
266,"Crested_Auklet_0062_794968.jpg"
267,"Crested_Auklet_0073_785248.jpg"
268,"Crested_Auklet_0067_785249.jpg"
269,"Crested_Auklet_0066_785251.jpg"
270,"Crested_Auklet_0076_785252.jpg"
271,"Crested_Auklet_0068_785253.jpg"
272,"Crested_Auklet_0071_785255.jpg"
273,"Crested_Auklet_0077_785257.jpg"
274,"Crested_Auklet_0069_785258.jpg"
275,"Crested_Auklet_0075_785259.jpg"
276,"Crested_Auklet_0072_785260.jpg"
277,"Crested_Auklet_0070_785261.jpg"
278,"Crested_Auklet_0063_794901.jpg"
279,"Crested_Auklet_0036_794905.jpg"
280,"Crested_Auklet_0030_794937.jpg"
281,"Crested_Auklet_0040_794912.jpg"
282,"Crested_Auklet_0048_1791.jpg"
283,"Least_Auklet_0035_1888.jpg"
284,"Least_Auklet_0050_1924.jpg"
285,"Least_Auklet_0058_1931.jpg"
286,"Least_Auklet_0014_1901.jpg"
287,"Least_Auklet_0016_1903.jpg"
288,"Least_Auklet_0040_795100.jpg"
289,"Least_Auklet_0015_795065.jpg"
290,"Least_Auklet_0026_795066.jpg"
291,"Least_Auklet_0043_795067.jpg"
292,"Least_Auklet_0032_795068.jpg"
293,"Least_Auklet_0045_795069.jpg"
294,"Least_Auklet_0008_795071.jpg"
295,"Least_Auklet_0012_795074.jpg"
296,"Least_Auklet_0018_795077.jpg"
297,"Least_Auklet_0020_795080.jpg"
298,"Least_Auklet_0039_795081.jpg"
299,"Least_Auklet_0017_795084.jpg"
300,"Least_Auklet_0025_795087.jpg"
301,"Least_Auklet_0052_795088.jpg"
302,"Least_Auklet_0027_795091.jpg"
303,"Least_Auklet_0010_795092.jpg"
304,"Least_Auklet_0028_795094.jpg"
305,"Least_Auklet_0060_795095.jpg"
306,"Least_Auklet_0034_795096.jpg"
307,"Least_Auklet_0042_1874.jpg"
308,"Least_Auklet_0055_795106.jpg"
309,"Least_Auklet_0041_795107.jpg"
310,"Least_Auklet_0011_795109.jpg"
311,"Least_Auklet_0004_795112.jpg"
312,"Least_Auklet_0023_1898.jpg"
313,"Least_Auklet_0030_795116.jpg"
314,"Least_Auklet_0046_795118.jpg"
315,"Least_Auklet_0005_795119.jpg"
316,"Least_Auklet_0024_795120.jpg"
317,"Least_Auklet_0029_795122.jpg"
318,"Least_Auklet_0007_795123.jpg"
319,"Least_Auklet_0057_795126.jpg"
320,"Least_Auklet_0021_795127.jpg"
321,"Least_Auklet_0054_795130.jpg"
322,"Least_Auklet_0038_795132.jpg"
323,"Least_Auklet_0063_795134.jpg"
324,"Parakeet_Auklet_0004_795921.jpg"
325,"Parakeet_Auklet_0017_795924.jpg"
326,"Parakeet_Auklet_0027_795925.jpg"
327,"Parakeet_Auklet_0056_795926.jpg"
328,"Parakeet_Auklet_0012_795927.jpg"
329,"Parakeet_Auklet_0072_795929.jpg"
330,"Parakeet_Auklet_0030_795930.jpg"
331,"Parakeet_Auklet_0007_795932.jpg"
332,"Parakeet_Auklet_0041_795933.jpg"
333,"Parakeet_Auklet_0035_795934.jpg"
334,"Parakeet_Auklet_0038_795935.jpg"
335,"Parakeet_Auklet_0069_795936.jpg"
336,"Parakeet_Auklet_0073_795939.jpg"
337,"Parakeet_Auklet_0058_795942.jpg"
338,"Parakeet_Auklet_0036_795943.jpg"
339,"Parakeet_Auklet_0028_795944.jpg"
340,"Parakeet_Auklet_0020_795947.jpg"
341,"Parakeet_Auklet_0043_795948.jpg"
342,"Parakeet_Auklet_0045_795953.jpg"
343,"Parakeet_Auklet_0064_795954.jpg"
344,"Parakeet_Auklet_0039_795955.jpg"
345,"Parakeet_Auklet_0047_795956.jpg"
346,"Parakeet_Auklet_0050_795957.jpg"
347,"Parakeet_Auklet_0062_795958.jpg"
348,"Parakeet_Auklet_0031_795960.jpg"
349,"Parakeet_Auklet_0042_795961.jpg"
350,"Parakeet_Auklet_0026_795962.jpg"
351,"Parakeet_Auklet_0055_795963.jpg"
352,"Parakeet_Auklet_0067_795964.jpg"
353,"Parakeet_Auklet_0080_795965.jpg"
354,"Parakeet_Auklet_0015_795966.jpg"
355,"Parakeet_Auklet_0065_795969.jpg"
356,"Parakeet_Auklet_0013_795970.jpg"
357,"Parakeet_Auklet_0051_795971.jpg"
358,"Parakeet_Auklet_0001_795972.jpg"
359,"Parakeet_Auklet_0059_795973.jpg"
360,"Parakeet_Auklet_0040_795974.jpg"
361,"Parakeet_Auklet_0025_795975.jpg"
362,"Parakeet_Auklet_0074_795976.jpg"
363,"Parakeet_Auklet_0016_795977.jpg"
364,"Parakeet_Auklet_0048_795980.jpg"
365,"Parakeet_Auklet_0075_795981.jpg"
366,"Parakeet_Auklet_0003_795982.jpg"
367,"Parakeet_Auklet_0032_795986.jpg"
368,"Parakeet_Auklet_0019_795987.jpg"
369,"Parakeet_Auklet_0061_795990.jpg"
370,"Parakeet_Auklet_0008_795992.jpg"
371,"Parakeet_Auklet_0034_795994.jpg"
372,"Parakeet_Auklet_0010_795995.jpg"
373,"Parakeet_Auklet_0070_795998.jpg"
374,"Parakeet_Auklet_0076_796001.jpg"
375,"Parakeet_Auklet_0078_2004.jpg"
376,"Parakeet_Auklet_0024_2045.jpg"
377,"Rhinoceros_Auklet_0028_2056.jpg"
378,"Rhinoceros_Auklet_0020_2195.jpg"
379,"Rhinoceros_Auklet_0021_2089.jpg"
380,"Rhinoceros_Auklet_0043_2096.jpg"
381,"Rhinoceros_Auklet_0042_2101.jpg"
382,"Rhinoceros_Auklet_0027_797496.jpg"
383,"Rhinoceros_Auklet_0034_797497.jpg"
384,"Rhinoceros_Auklet_0037_797499.jpg"
385,"Rhinoceros_Auklet_0023_797501.jpg"
386,"Rhinoceros_Auklet_0044_797502.jpg"
387,"Rhinoceros_Auklet_0040_797503.jpg"
388,"Rhinoceros_Auklet_0016_2114.jpg"
389,"Rhinoceros_Auklet_0025_797508.jpg"
390,"Rhinoceros_Auklet_0030_797509.jpg"
391,"Rhinoceros_Auklet_0051_797510.jpg"
392,"Rhinoceros_Auklet_0006_797512.jpg"
393,"Rhinoceros_Auklet_0019_797513.jpg"
394,"Rhinoceros_Auklet_0041_797515.jpg"
395,"Rhinoceros_Auklet_0032_797516.jpg"
396,"Rhinoceros_Auklet_0018_797517.jpg"
397,"Rhinoceros_Auklet_0031_797518.jpg"
398,"Rhinoceros_Auklet_0026_797519.jpg"
399,"Rhinoceros_Auklet_0029_797520.jpg"
400,"Rhinoceros_Auklet_0007_797521.jpg"
401,"Rhinoceros_Auklet_0014_797522.jpg"
402,"Rhinoceros_Auklet_0024_797529.jpg"
403,"Rhinoceros_Auklet_0011_797530.jpg"
404,"Rhinoceros_Auklet_0008_797531.jpg"
405,"Rhinoceros_Auklet_0046_797532.jpg"
406,"Rhinoceros_Auklet_0050_797534.jpg"
407,"Rhinoceros_Auklet_0003_797535.jpg"
408,"Rhinoceros_Auklet_0045_797536.jpg"
409,"Rhinoceros_Auklet_0013_797537.jpg"
410,"Rhinoceros_Auklet_0001_797538.jpg"
411,"Rhinoceros_Auklet_0009_797539.jpg"
412,"Rhinoceros_Auklet_0004_797541.jpg"
413,"Rhinoceros_Auklet_0049_797543.jpg"
414,"Rhinoceros_Auklet_0038_797544.jpg"
415,"Rhinoceros_Auklet_0010_797545.jpg"
416,"Rhinoceros_Auklet_0017_2155.jpg"
417,"Rhinoceros_Auklet_0015_2160.jpg"
418,"Rhinoceros_Auklet_0012_2161.jpg"
419,"Rhinoceros_Auklet_0048_2162.jpg"
420,"Rhinoceros_Auklet_0035_2166.jpg"
421,"Rhinoceros_Auklet_0033_2169.jpg"
422,"Rhinoceros_Auklet_0022_2170.jpg"
423,"Rhinoceros_Auklet_0005_2111.jpg"
424,"Rhinoceros_Auklet_0039_2174.jpg"
425,"Brewer_Blackbird_0099_2560.jpg"
426,"Brewer_Blackbird_0139_2567.jpg"
427,"Brewer_Blackbird_0140_2586.jpg"
428,"Brewer_Blackbird_0082_2593.jpg"
429,"Brewer_Blackbird_0135_2607.jpg"
430,"Brewer_Blackbird_0106_2608.jpg"
431,"Brewer_Blackbird_0095_2610.jpg"
432,"Brewer_Blackbird_0035_2611.jpg"
433,"Brewer_Blackbird_0111_2613.jpg"
434,"Brewer_Blackbird_0009_2616.jpg"
435,"Brewer_Blackbird_0102_2620.jpg"
436,"Brewer_Blackbird_0087_2622.jpg"
437,"Brewer_Blackbird_0026_2625.jpg"
438,"Brewer_Blackbird_0101_2630.jpg"
439,"Brewer_Blackbird_0054_2631.jpg"
440,"Brewer_Blackbird_0096_2634.jpg"
441,"Brewer_Blackbird_0142_2636.jpg"
442,"Brewer_Blackbird_0041_2653.jpg"
443,"Brewer_Blackbird_0090_2658.jpg"
444,"Brewer_Blackbird_0078_2659.jpg"
445,"Brewer_Blackbird_0017_2668.jpg"
446,"Brewer_Blackbird_0014_2679.jpg"
447,"Brewer_Blackbird_0137_2680.jpg"
448,"Brewer_Blackbird_0028_2682.jpg"
449,"Brewer_Blackbird_0046_2688.jpg"
450,"Brewer_Blackbird_0012_2691.jpg"
451,"Brewer_Blackbird_0066_2693.jpg"
452,"Brewer_Blackbird_0032_2214.jpg"
453,"Brewer_Blackbird_0016_2225.jpg"
454,"Brewer_Blackbird_0104_2230.jpg"
455,"Brewer_Blackbird_0025_2231.jpg"
456,"Brewer_Blackbird_0109_2232.jpg"
457,"Brewer_Blackbird_0080_2234.jpg"
458,"Brewer_Blackbird_0127_2235.jpg"
459,"Brewer_Blackbird_0049_2258.jpg"
460,"Brewer_Blackbird_0018_2261.jpg"
461,"Brewer_Blackbird_0030_2268.jpg"
462,"Brewer_Blackbird_0010_2269.jpg"
463,"Brewer_Blackbird_0061_2270.jpg"
464,"Brewer_Blackbird_0103_2273.jpg"
465,"Brewer_Blackbird_0074_2277.jpg"
466,"Brewer_Blackbird_0002_2278.jpg"
467,"Brewer_Blackbird_0115_2279.jpg"
468,"Brewer_Blackbird_0015_2286.jpg"
469,"Brewer_Blackbird_0131_2289.jpg"
470,"Brewer_Blackbird_0064_2290.jpg"
471,"Brewer_Blackbird_0132_2293.jpg"
472,"Brewer_Blackbird_0038_2294.jpg"
473,"Brewer_Blackbird_0042_2302.jpg"
474,"Brewer_Blackbird_0045_2303.jpg"
475,"Brewer_Blackbird_0065_2310.jpg"
476,"Brewer_Blackbird_0097_2322.jpg"
477,"Brewer_Blackbird_0133_2324.jpg"
478,"Brewer_Blackbird_0070_2325.jpg"
479,"Brewer_Blackbird_0116_2327.jpg"
480,"Brewer_Blackbird_0027_2329.jpg"
481,"Brewer_Blackbird_0112_2340.jpg"
482,"Brewer_Blackbird_0079_2343.jpg"
483,"Brewer_Blackbird_0004_2345.jpg"
484,"Red_Winged_Blackbird_0091_4096.jpg"
485,"Red_Winged_Blackbird_0059_4612.jpg"
486,"Red_Winged_Blackbird_0054_4625.jpg"
487,"Red_Winged_Blackbird_0022_4483.jpg"
488,"Red_Winged_Blackbird_0017_4116.jpg"
489,"Red_Winged_Blackbird_0079_4527.jpg"
490,"Red_Winged_Blackbird_0075_4953.jpg"
491,"Red_Winged_Blackbird_0005_5636.jpg"
492,"Red_Winged_Blackbird_0058_4141.jpg"
493,"Red_Winged_Blackbird_0074_4146.jpg"
494,"Red_Winged_Blackbird_0042_3635.jpg"
495,"Red_Winged_Blackbird_0049_5598.jpg"
496,"Red_Winged_Blackbird_0023_5257.jpg"
497,"Red_Winged_Blackbird_0093_5948.jpg"
498,"Red_Winged_Blackbird_0064_4936.jpg"
499,"Red_Winged_Blackbird_0104_3918.jpg"
500,"Red_Winged_Blackbird_0060_4688.jpg"
501,"Red_Winged_Blackbird_0024_4180.jpg"
502,"Red_Winged_Blackbird_0061_4196.jpg"
503,"Red_Winged_Blackbird_0089_4188.jpg"
504,"Red_Winged_Blackbird_0101_6244.jpg"
505,"Red_Winged_Blackbird_0028_4709.jpg"
506,"Red_Winged_Blackbird_0109_4454.jpg"
507,"Red_Winged_Blackbird_0001_3695.jpg"
508,"Red_Winged_Blackbird_0053_4072.jpg"
509,"Red_Winged_Blackbird_0006_6005.jpg"
510,"Red_Winged_Blackbird_0007_3706.jpg"
511,"Red_Winged_Blackbird_0012_6015.jpg"
512,"Red_Winged_Blackbird_0013_5762.jpg"
513,"Red_Winged_Blackbird_0062_4233.jpg"
514,"Red_Winged_Blackbird_0099_3985.jpg"
515,"Red_Winged_Blackbird_0046_4242.jpg"
516,"Red_Winged_Blackbird_0071_3988.jpg"
517,"Red_Winged_Blackbird_0027_4123.jpg"
518,"Red_Winged_Blackbird_0032_4004.jpg"
519,"Red_Winged_Blackbird_0088_4007.jpg"
520,"Red_Winged_Blackbird_0040_4522.jpg"
521,"Red_Winged_Blackbird_0010_6386.jpg"
522,"Red_Winged_Blackbird_0045_4526.jpg"
523,"Red_Winged_Blackbird_0014_3761.jpg"
524,"Red_Winged_Blackbird_0021_3767.jpg"
525,"Red_Winged_Blackbird_0065_4026.jpg"
526,"Red_Winged_Blackbird_0039_4285.jpg"
527,"Red_Winged_Blackbird_0081_6081.jpg"
528,"Red_Winged_Blackbird_0029_4804.jpg"
529,"Red_Winged_Blackbird_0052_5575.jpg"
530,"Red_Winged_Blackbird_0096_5019.jpg"
531,"Red_Winged_Blackbird_0066_5070.jpg"
532,"Red_Winged_Blackbird_0009_5841.jpg"
533,"Red_Winged_Blackbird_0020_4050.jpg"
534,"Red_Winged_Blackbird_0011_5845.jpg"
535,"Red_Winged_Blackbird_0085_5846.jpg"
536,"Red_Winged_Blackbird_0047_3802.jpg"
537,"Red_Winged_Blackbird_0025_5342.jpg"
538,"Red_Winged_Blackbird_0094_5856.jpg"
539,"Red_Winged_Blackbird_0105_4842.jpg"
540,"Red_Winged_Blackbird_0072_4338.jpg"
541,"Red_Winged_Blackbird_0044_5621.jpg"
542,"Red_Winged_Blackbird_0055_4345.jpg"
543,"Red_Winged_Blackbird_0078_5372.jpg"
544,"Rusty_Blackbird_0086_6658.jpg"
545,"Rusty_Blackbird_0113_6664.jpg"
546,"Rusty_Blackbird_0055_6923.jpg"
547,"Rusty_Blackbird_0054_6676.jpg"
548,"Rusty_Blackbird_0020_6679.jpg"
549,"Rusty_Blackbird_0016_6684.jpg"
550,"Rusty_Blackbird_0104_6685.jpg"
551,"Rusty_Blackbird_0043_2597.jpg"
552,"Rusty_Blackbird_0091_6695.jpg"
553,"Rusty_Blackbird_0109_6698.jpg"
554,"Rusty_Blackbird_0031_6699.jpg"
555,"Rusty_Blackbird_0019_6704.jpg"
556,"Rusty_Blackbird_0081_6967.jpg"
557,"Rusty_Blackbird_0085_6713.jpg"
558,"Rusty_Blackbird_0051_6715.jpg"
559,"Rusty_Blackbird_0076_6716.jpg"
560,"Rusty_Blackbird_0075_6717.jpg"
561,"Rusty_Blackbird_0087_6727.jpg"
562,"Rusty_Blackbird_0122_6736.jpg"
563,"Rusty_Blackbird_0112_3415.jpg"
564,"Rusty_Blackbird_0073_6744.jpg"
565,"Rusty_Blackbird_0003_6749.jpg"
566,"Rusty_Blackbird_0023_6752.jpg"
567,"Rusty_Blackbird_0047_7009.jpg"
568,"Rusty_Blackbird_0017_6755.jpg"
569,"Rusty_Blackbird_0060_6756.jpg"
570,"Rusty_Blackbird_0114_6760.jpg"
571,"Rusty_Blackbird_0120_6762.jpg"
572,"Rusty_Blackbird_0026_6768.jpg"
573,"Rusty_Blackbird_0005_6771.jpg"
574,"Rusty_Blackbird_0011_7028.jpg"
575,"Rusty_Blackbird_0102_6590.jpg"
576,"Rusty_Blackbird_0006_6633.jpg"
577,"Rusty_Blackbird_0001_6548.jpg"
578,"Rusty_Blackbird_0052_7035.jpg"
579,"Rusty_Blackbird_0057_6935.jpg"
580,"Rusty_Blackbird_0111_3220.jpg"
581,"Rusty_Blackbird_0036_6550.jpg"
582,"Rusty_Blackbird_0105_6937.jpg"
583,"Rusty_Blackbird_0022_6808.jpg"
584,"Rusty_Blackbird_0100_6597.jpg"
585,"Rusty_Blackbird_0092_2727.jpg"
586,"Rusty_Blackbird_0094_6582.jpg"
587,"Rusty_Blackbird_0107_6839.jpg"
588,"Rusty_Blackbird_0074_6585.jpg"
589,"Rusty_Blackbird_0096_6846.jpg"
590,"Rusty_Blackbird_0027_6593.jpg"
591,"Rusty_Blackbird_0009_6853.jpg"
592,"Rusty_Blackbird_0056_6856.jpg"
593,"Rusty_Blackbird_0108_6867.jpg"
594,"Rusty_Blackbird_0080_6877.jpg"
595,"Rusty_Blackbird_0033_6879.jpg"
596,"Rusty_Blackbird_0101_6880.jpg"
597,"Rusty_Blackbird_0015_6885.jpg"
598,"Rusty_Blackbird_0048_6632.jpg"
599,"Rusty_Blackbird_0093_6628.jpg"
600,"Rusty_Blackbird_0121_6637.jpg"
601,"Rusty_Blackbird_0032_6611.jpg"
602,"Rusty_Blackbird_0013_6902.jpg"
603,"Rusty_Blackbird_0082_6906.jpg"
604,"Yellow_Headed_Blackbird_0108_7937.jpg"
605,"Yellow_Headed_Blackbird_0074_8452.jpg"
606,"Yellow_Headed_Blackbird_0031_8456.jpg"
607,"Yellow_Headed_Blackbird_0095_8458.jpg"
608,"Yellow_Headed_Blackbird_0015_8207.jpg"
609,"Yellow_Headed_Blackbird_0061_8208.jpg"
610,"Yellow_Headed_Blackbird_0065_8481.jpg"
611,"Yellow_Headed_Blackbird_0086_8487.jpg"
612,"Yellow_Headed_Blackbird_0057_8236.jpg"
613,"Yellow_Headed_Blackbird_0082_8577.jpg"
614,"Yellow_Headed_Blackbird_0008_8756.jpg"
615,"Yellow_Headed_Blackbird_0009_8248.jpg"
616,"Yellow_Headed_Blackbird_0043_8250.jpg"
617,"Yellow_Headed_Blackbird_0017_8511.jpg"
618,"Yellow_Headed_Blackbird_0088_8257.jpg"
619,"Yellow_Headed_Blackbird_0025_8262.jpg"
620,"Yellow_Headed_Blackbird_0041_8264.jpg"
621,"Yellow_Headed_Blackbird_0018_8588.jpg"
622,"Yellow_Headed_Blackbird_0109_8271.jpg"
623,"Yellow_Headed_Blackbird_0034_7736.jpg"
624,"Yellow_Headed_Blackbird_0079_8535.jpg"
625,"Yellow_Headed_Blackbird_0040_7514.jpg"
626,"Yellow_Headed_Blackbird_0026_8545.jpg"
627,"Yellow_Headed_Blackbird_0049_8548.jpg"
628,"Yellow_Headed_Blackbird_0020_8549.jpg"
629,"Yellow_Headed_Blackbird_0091_8555.jpg"
630,"Yellow_Headed_Blackbird_0083_8300.jpg"
631,"Yellow_Headed_Blackbird_0062_8310.jpg"
632,"Yellow_Headed_Blackbird_0042_8574.jpg"
633,"Yellow_Headed_Blackbird_0089_8326.jpg"
634,"Yellow_Headed_Blackbird_0024_8586.jpg"
635,"Yellow_Headed_Blackbird_0077_8332.jpg"
636,"Yellow_Headed_Blackbird_0003_8337.jpg"
637,"Yellow_Headed_Blackbird_0080_8601.jpg"
638,"Yellow_Headed_Blackbird_0023_7325.jpg"
639,"Yellow_Headed_Blackbird_0058_8350.jpg"
640,"Yellow_Headed_Blackbird_0055_8357.jpg"
641,"Yellow_Headed_Blackbird_0087_8358.jpg"
642,"Yellow_Headed_Blackbird_0038_8689.jpg"
643,"Yellow_Headed_Blackbird_0013_8362.jpg"
644,"Yellow_Headed_Blackbird_0085_8363.jpg"
645,"Yellow_Headed_Blackbird_0007_8366.jpg"
646,"Yellow_Headed_Blackbird_0098_8367.jpg"
647,"Yellow_Headed_Blackbird_0072_8606.jpg"
648,"Yellow_Headed_Blackbird_0051_8387.jpg"
649,"Yellow_Headed_Blackbird_0059_8079.jpg"
650,"Yellow_Headed_Blackbird_0100_8407.jpg"
651,"Yellow_Headed_Blackbird_0053_8410.jpg"
652,"Yellow_Headed_Blackbird_0056_8455.jpg"
653,"Yellow_Headed_Blackbird_0070_8583.jpg"
654,"Yellow_Headed_Blackbird_0102_8441.jpg"
655,"Yellow_Headed_Blackbird_0084_8435.jpg"
656,"Yellow_Headed_Blackbird_0047_7929.jpg"
657,"Yellow_Headed_Blackbird_0073_8442.jpg"
658,"Yellow_Headed_Blackbird_0012_8443.jpg"
659,"Yellow_Headed_Blackbird_0035_8447.jpg"
660,"Bobolink_0107_10252.jpg"
661,"Bobolink_0007_9246.jpg"
662,"Bobolink_0104_10273.jpg"
663,"Bobolink_0001_9261.jpg"
664,"Bobolink_0115_9265.jpg"
665,"Bobolink_0039_9779.jpg"
666,"Bobolink_0102_10807.jpg"
667,"Bobolink_0033_10809.jpg"
668,"Bobolink_0094_9823.jpg"
669,"Bobolink_0008_9289.jpg"
670,"Bobolink_0099_9314.jpg"
671,"Bobolink_0101_9811.jpg"
672,"Bobolink_0050_9821.jpg"
673,"Bobolink_0074_9311.jpg"
674,"Bobolink_0120_10859.jpg"
675,"Bobolink_0097_10861.jpg"
676,"Bobolink_0109_9869.jpg"
677,"Bobolink_0013_9367.jpg"
678,"Bobolink_0065_9375.jpg"
679,"Bobolink_0018_9402.jpg"
680,"Bobolink_0119_10430.jpg"
681,"Bobolink_0126_11458.jpg"
682,"Bobolink_0052_9423.jpg"
683,"Bobolink_0081_9439.jpg"
684,"Bobolink_0048_9988.jpg"
685,"Bobolink_0044_9990.jpg"
686,"Bobolink_0067_11533.jpg"
687,"Bobolink_0110_9496.jpg"
688,"Bobolink_0071_9503.jpg"
689,"Bobolink_0128_9947.jpg"
690,"Bobolink_0092_10026.jpg"
691,"Bobolink_0014_11055.jpg"
692,"Bobolink_0026_11057.jpg"
693,"Bobolink_0019_10552.jpg"
694,"Bobolink_0059_10041.jpg"
695,"Bobolink_0112_11073.jpg"
696,"Bobolink_0057_10051.jpg"
697,"Bobolink_0049_9540.jpg"
698,"Bobolink_0027_10569.jpg"
699,"Bobolink_0002_11085.jpg"
700,"Bobolink_0076_11093.jpg"
701,"Bobolink_0131_9578.jpg"
702,"Bobolink_0064_10092.jpg"
703,"Bobolink_0035_11117.jpg"
704,"Bobolink_0043_10607.jpg"
705,"Bobolink_0056_9080.jpg"
706,"Bobolink_0069_9085.jpg"
707,"Bobolink_0021_10623.jpg"
708,"Bobolink_0070_10624.jpg"
709,"Bobolink_0114_10627.jpg"
710,"Bobolink_0133_9618.jpg"
711,"Bobolink_0106_9126.jpg"
712,"Bobolink_0053_10166.jpg"
713,"Bobolink_0124_10182.jpg"
714,"Bobolink_0040_9681.jpg"
715,"Bobolink_0117_10215.jpg"
716,"Bobolink_0032_10217.jpg"
717,"Bobolink_0020_9194.jpg"
718,"Bobolink_0079_10736.jpg"
719,"Bobolink_0047_9204.jpg"
720,"Indigo_Bunting_0005_13832.jpg"
721,"Indigo_Bunting_0014_14167.jpg"
722,"Indigo_Bunting_0002_12163.jpg"
723,"Indigo_Bunting_0068_13081.jpg"
724,"Indigo_Bunting_0040_11805.jpg"
725,"Indigo_Bunting_0075_12835.jpg"
726,"Indigo_Bunting_0063_11820.jpg"
727,"Indigo_Bunting_0028_12335.jpg"
728,"Indigo_Bunting_0037_14128.jpg"
729,"Indigo_Bunting_0044_14389.jpg"
730,"Indigo_Bunting_0017_11574.jpg"
731,"Indigo_Bunting_0027_11579.jpg"
732,"Indigo_Bunting_0001_12469.jpg"
733,"Indigo_Bunting_0066_12869.jpg"
734,"Indigo_Bunting_0084_11848.jpg"
735,"Indigo_Bunting_0049_13641.jpg"
736,"Indigo_Bunting_0059_11596.jpg"
737,"Indigo_Bunting_0053_13391.jpg"
738,"Indigo_Bunting_0015_12632.jpg"
739,"Indigo_Bunting_0016_13661.jpg"
740,"Indigo_Bunting_0080_13416.jpg"
741,"Indigo_Bunting_0018_11883.jpg"
742,"Indigo_Bunting_0073_13933.jpg"
743,"Indigo_Bunting_0072_14197.jpg"
744,"Indigo_Bunting_0056_12637.jpg"
745,"Indigo_Bunting_0071_11639.jpg"
746,"Indigo_Bunting_0082_11907.jpg"
747,"Indigo_Bunting_0004_13195.jpg"
748,"Indigo_Bunting_0022_12781.jpg"
749,"Indigo_Bunting_0036_13716.jpg"
750,"Indigo_Bunting_0013_12949.jpg"
751,"Indigo_Bunting_0076_12950.jpg"
752,"Indigo_Bunting_0021_13979.jpg"
753,"Indigo_Bunting_0060_14495.jpg"
754,"Indigo_Bunting_0055_13473.jpg"
755,"Indigo_Bunting_0041_13987.jpg"
756,"Indigo_Bunting_0047_12966.jpg"
757,"Indigo_Bunting_0058_12207.jpg"
758,"Indigo_Bunting_0034_12464.jpg"
759,"Indigo_Bunting_0054_12213.jpg"
760,"Indigo_Bunting_0032_12215.jpg"
761,"Indigo_Bunting_0025_12532.jpg"
762,"Indigo_Bunting_0026_11964.jpg"
763,"Indigo_Bunting_0052_11893.jpg"
764,"Indigo_Bunting_0029_13761.jpg"
765,"Indigo_Bunting_0010_13000.jpg"
766,"Indigo_Bunting_0078_11852.jpg"
767,"Indigo_Bunting_0061_13259.jpg"
768,"Indigo_Bunting_0050_11811.jpg"
769,"Indigo_Bunting_0039_12756.jpg"
770,"Indigo_Bunting_0085_11991.jpg"
771,"Indigo_Bunting_0065_14558.jpg"
772,"Indigo_Bunting_0051_12837.jpg"
773,"Indigo_Bunting_0033_12777.jpg"
774,"Indigo_Bunting_0077_14060.jpg"
775,"Indigo_Bunting_0006_14317.jpg"
776,"Indigo_Bunting_0024_13523.jpg"
777,"Indigo_Bunting_0031_13300.jpg"
778,"Indigo_Bunting_0003_13049.jpg"
779,"Indigo_Bunting_0074_12829.jpg"
780,"Lazuli_Bunting_0073_14594.jpg"
781,"Lazuli_Bunting_0074_14854.jpg"
782,"Lazuli_Bunting_0102_14605.jpg"
783,"Lazuli_Bunting_0047_14863.jpg"
784,"Lazuli_Bunting_0034_14864.jpg"
785,"Lazuli_Bunting_0101_14873.jpg"
786,"Lazuli_Bunting_0052_14618.jpg"
787,"Lazuli_Bunting_0085_14627.jpg"
788,"Lazuli_Bunting_0089_14598.jpg"
789,"Lazuli_Bunting_0004_14887.jpg"
790,"Lazuli_Bunting_0080_14893.jpg"
791,"Lazuli_Bunting_0027_14895.jpg"
792,"Lazuli_Bunting_0041_15152.jpg"
793,"Lazuli_Bunting_0061_15155.jpg"
794,"Lazuli_Bunting_0009_15163.jpg"
795,"Lazuli_Bunting_0078_15164.jpg"
796,"Lazuli_Bunting_0092_14656.jpg"
797,"Lazuli_Bunting_0066_14914.jpg"
798,"Lazuli_Bunting_0010_14915.jpg"
799,"Lazuli_Bunting_0001_14916.jpg"
800,"Lazuli_Bunting_0076_14662.jpg"
801,"Lazuli_Bunting_0095_14919.jpg"
802,"Lazuli_Bunting_0035_14920.jpg"
803,"Lazuli_Bunting_0070_14665.jpg"
804,"Lazuli_Bunting_0040_14923.jpg"
805,"Lazuli_Bunting_0026_14669.jpg"
806,"Lazuli_Bunting_0067_14672.jpg"
807,"Lazuli_Bunting_0008_15195.jpg"
808,"Lazuli_Bunting_0032_14778.jpg"
809,"Lazuli_Bunting_0021_14686.jpg"
810,"Lazuli_Bunting_0015_14690.jpg"
811,"Lazuli_Bunting_0028_14950.jpg"
812,"Lazuli_Bunting_0045_14954.jpg"
813,"Lazuli_Bunting_0107_14705.jpg"
814,"Lazuli_Bunting_0081_14709.jpg"
815,"Lazuli_Bunting_0094_11894.jpg"
816,"Lazuli_Bunting_0054_14714.jpg"
817,"Lazuli_Bunting_0030_14986.jpg"
818,"Lazuli_Bunting_0086_14992.jpg"
819,"Lazuli_Bunting_0046_14787.jpg"
820,"Lazuli_Bunting_0097_14617.jpg"
821,"Lazuli_Bunting_0059_14749.jpg"
822,"Lazuli_Bunting_0105_15017.jpg"
823,"Lazuli_Bunting_0031_15018.jpg"
824,"Lazuli_Bunting_0037_15021.jpg"
825,"Lazuli_Bunting_0093_15030.jpg"
826,"Lazuli_Bunting_0057_14775.jpg"
827,"Lazuli_Bunting_0056_15032.jpg"
828,"Lazuli_Bunting_0055_15043.jpg"
829,"Lazuli_Bunting_0082_15047.jpg"
830,"Lazuli_Bunting_0084_14815.jpg"
831,"Lazuli_Bunting_0042_14820.jpg"
832,"Lazuli_Bunting_0025_15079.jpg"
833,"Lazuli_Bunting_0014_14824.jpg"
834,"Lazuli_Bunting_0039_15081.jpg"
835,"Lazuli_Bunting_0020_14837.jpg"
836,"Lazuli_Bunting_0087_15096.jpg"
837,"Lazuli_Bunting_0048_14844.jpg"
838,"Painted_Bunting_0102_16642.jpg"
839,"Painted_Bunting_0004_16641.jpg"
840,"Painted_Bunting_0077_16819.jpg"
841,"Painted_Bunting_0039_15235.jpg"
842,"Painted_Bunting_0053_16404.jpg"
843,"Painted_Bunting_0050_16670.jpg"
844,"Painted_Bunting_0008_16416.jpg"
845,"Painted_Bunting_0061_16930.jpg"
846,"Painted_Bunting_0011_16690.jpg"
847,"Painted_Bunting_0040_16691.jpg"
848,"Painted_Bunting_0010_16948.jpg"
849,"Painted_Bunting_0072_16697.jpg"
850,"Painted_Bunting_0054_16711.jpg"
851,"Painted_Bunting_0069_16462.jpg"
852,"Painted_Bunting_0058_16719.jpg"
853,"Painted_Bunting_0025_16722.jpg"
854,"Painted_Bunting_0094_16467.jpg"
855,"Painted_Bunting_0079_15197.jpg"
856,"Painted_Bunting_0091_15198.jpg"
857,"Painted_Bunting_0100_16735.jpg"
858,"Painted_Bunting_0016_15200.jpg"
859,"Painted_Bunting_0073_16737.jpg"
860,"Painted_Bunting_0005_15202.jpg"
861,"Painted_Bunting_0028_15205.jpg"
862,"Painted_Bunting_0034_15207.jpg"
863,"Painted_Bunting_0055_15208.jpg"
864,"Painted_Bunting_0071_15209.jpg"
865,"Painted_Bunting_0093_15212.jpg"
866,"Painted_Bunting_0098_15226.jpg"
867,"Painted_Bunting_0076_16765.jpg"
868,"Painted_Bunting_0081_15230.jpg"
869,"Painted_Bunting_0019_15231.jpg"
870,"Painted_Bunting_0087_15232.jpg"
871,"Painted_Bunting_0096_15233.jpg"
872,"Painted_Bunting_0070_16515.jpg"
873,"Painted_Bunting_0066_15241.jpg"
874,"Painted_Bunting_0099_16525.jpg"
875,"Painted_Bunting_0006_15249.jpg"
876,"Painted_Bunting_0029_16530.jpg"
877,"Painted_Bunting_0084_16531.jpg"
878,"Painted_Bunting_0080_16534.jpg"
879,"Painted_Bunting_0046_16535.jpg"
880,"Painted_Bunting_0027_16536.jpg"
881,"Painted_Bunting_0086_16540.jpg"
882,"Painted_Bunting_0044_16557.jpg"
883,"Painted_Bunting_0085_15282.jpg"
884,"Painted_Bunting_0036_16563.jpg"
885,"Painted_Bunting_0078_16565.jpg"
886,"Painted_Bunting_0013_15294.jpg"
887,"Painted_Bunting_0021_15295.jpg"
888,"Painted_Bunting_0001_16585.jpg"
889,"Painted_Bunting_0083_16587.jpg"
890,"Painted_Bunting_0009_16674.jpg"
891,"Painted_Bunting_0056_16599.jpg"
892,"Painted_Bunting_0032_16605.jpg"
893,"Painted_Bunting_0049_16869.jpg"
894,"Painted_Bunting_0060_15224.jpg"
895,"Painted_Bunting_0002_16887.jpg"
896,"Cardinal_0038_19203.jpg"
897,"Cardinal_0072_17159.jpg"
898,"Cardinal_0085_19162.jpg"
899,"Cardinal_0047_17673.jpg"
900,"Cardinal_0094_17165.jpg"
901,"Cardinal_0035_17678.jpg"
902,"Cardinal_0045_18021.jpg"
903,"Cardinal_0103_17425.jpg"
904,"Cardinal_0102_17808.jpg"
905,"Cardinal_0006_17684.jpg"
906,"Cardinal_0054_19334.jpg"
907,"Cardinal_0075_17946.jpg"
908,"Cardinal_0078_17181.jpg"
909,"Cardinal_0041_17189.jpg"
910,"Cardinal_0066_17803.jpg"
911,"Cardinal_0040_17477.jpg"
912,"Cardinal_0051_17223.jpg"
913,"Cardinal_0093_17676.jpg"
914,"Cardinal_0022_17233.jpg"
915,"Cardinal_0023_19026.jpg"
916,"Cardinal_0019_17368.jpg"
917,"Cardinal_0089_18005.jpg"
918,"Cardinal_0025_17239.jpg"
919,"Cardinal_0033_19215.jpg"
920,"Cardinal_0079_19044.jpg"
921,"Cardinal_0105_19045.jpg"
922,"Cardinal_0029_17297.jpg"
923,"Cardinal_0081_17291.jpg"
924,"Cardinal_0050_18035.jpg"
925,"Cardinal_0007_18537.jpg"
926,"Cardinal_0083_18042.jpg"
927,"Cardinal_0020_18664.jpg"
928,"Cardinal_0053_17541.jpg"
929,"Cardinal_0028_18054.jpg"
930,"Cardinal_0014_17389.jpg"
931,"Cardinal_0052_18334.jpg"
932,"Cardinal_0001_17057.jpg"
933,"Cardinal_0074_18339.jpg"
934,"Cardinal_0084_17576.jpg"
935,"Cardinal_0037_18092.jpg"
936,"Cardinal_0018_17071.jpg"
937,"Cardinal_0056_18352.jpg"
938,"Cardinal_0062_17334.jpg"
939,"Cardinal_0092_17591.jpg"
940,"Cardinal_0095_18108.jpg"
941,"Cardinal_0039_17597.jpg"
942,"Cardinal_0016_17862.jpg"
943,"Cardinal_0012_18638.jpg"
944,"Cardinal_0055_18898.jpg"
945,"Cardinal_0010_18894.jpg"
946,"Cardinal_0104_17122.jpg"
947,"Cardinal_0057_17128.jpg"
948,"Cardinal_0049_18258.jpg"
949,"Cardinal_0082_17875.jpg"
950,"Cardinal_0060_17139.jpg"
951,"Cardinal_0097_17396.jpg"
952,"Cardinal_0002_18424.jpg"
953,"Spotted_Catbird_0018_796800.jpg"
954,"Spotted_Catbird_0030_796801.jpg"
955,"Spotted_Catbird_0012_796802.jpg"
956,"Spotted_Catbird_0016_796803.jpg"
957,"Spotted_Catbird_0004_796804.jpg"
958,"Spotted_Catbird_0033_796805.jpg"
959,"Spotted_Catbird_0031_796806.jpg"
960,"Spotted_Catbird_0041_796807.jpg"
961,"Spotted_Catbird_0015_796808.jpg"
962,"Spotted_Catbird_0044_796809.jpg"
963,"Spotted_Catbird_0037_796810.jpg"
964,"Spotted_Catbird_0039_796811.jpg"
965,"Spotted_Catbird_0028_796813.jpg"
966,"Spotted_Catbird_0045_796814.jpg"
967,"Spotted_Catbird_0011_796815.jpg"
968,"Spotted_Catbird_0048_796817.jpg"
969,"Spotted_Catbird_0026_796818.jpg"
970,"Spotted_Catbird_0025_796819.jpg"
971,"Spotted_Catbird_0040_796820.jpg"
972,"Spotted_Catbird_0022_796821.jpg"
973,"Spotted_Catbird_0003_796822.jpg"
974,"Spotted_Catbird_0006_796823.jpg"
975,"Spotted_Catbird_0029_796825.jpg"
976,"Spotted_Catbird_0002_796827.jpg"
977,"Spotted_Catbird_0032_796828.jpg"
978,"Spotted_Catbird_0046_19399.jpg"
979,"Spotted_Catbird_0047_19400.jpg"
980,"Spotted_Catbird_0036_19406.jpg"
981,"Spotted_Catbird_0005_19411.jpg"
982,"Spotted_Catbird_0007_19424.jpg"
983,"Spotted_Catbird_0014_19425.jpg"
984,"Spotted_Catbird_0013_19428.jpg"
985,"Spotted_Catbird_0042_19430.jpg"
986,"Spotted_Catbird_0010_19436.jpg"
987,"Spotted_Catbird_0034_19437.jpg"
988,"Spotted_Catbird_0019_796788.jpg"
989,"Spotted_Catbird_0008_796789.jpg"
990,"Spotted_Catbird_0024_796791.jpg"
991,"Spotted_Catbird_0023_796793.jpg"
992,"Spotted_Catbird_0020_796794.jpg"
993,"Spotted_Catbird_0009_796795.jpg"
994,"Spotted_Catbird_0027_796796.jpg"
995,"Spotted_Catbird_0001_796797.jpg"
996,"Spotted_Catbird_0021_796798.jpg"
997,"Spotted_Catbird_0035_796799.jpg"
998,"Gray_Catbird_0043_21008.jpg"
999,"Gray_Catbird_0032_21551.jpg"
1000,"Gray_Catbird_0067_21043.jpg"
1001,"Gray_Catbird_0039_21040.jpg"
1002,"Gray_Catbird_0127_20034.jpg"
1003,"Gray_Catbird_0069_21065.jpg"
1004,"Gray_Catbird_0048_20558.jpg"
1005,"Gray_Catbird_0013_20562.jpg"
1006,"Gray_Catbird_0019_20567.jpg"
1007,"Gray_Catbird_0111_19550.jpg"
1008,"Gray_Catbird_0023_20668.jpg"
1009,"Gray_Catbird_0130_20328.jpg"
1010,"Gray_Catbird_0134_20596.jpg"
1011,"Gray_Catbird_0028_20598.jpg"
1012,"Gray_Catbird_0022_19585.jpg"
1013,"Gray_Catbird_0031_21635.jpg"
1014,"Gray_Catbird_0075_21125.jpg"
1015,"Gray_Catbird_0074_19601.jpg"
1016,"Gray_Catbird_0102_20644.jpg"
1017,"Gray_Catbird_0080_20139.jpg"
1018,"Gray_Catbird_0060_20656.jpg"
1019,"Gray_Catbird_0131_19633.jpg"
1020,"Gray_Catbird_0141_21174.jpg"
1021,"Gray_Catbird_0101_21178.jpg"
1022,"Gray_Catbird_0055_20671.jpg"
1023,"Gray_Catbird_0100_20674.jpg"
1024,"Gray_Catbird_0107_20513.jpg"
1025,"Gray_Catbird_0053_20694.jpg"
1026,"Gray_Catbird_0001_20695.jpg"
1027,"Gray_Catbird_0063_20707.jpg"
1028,"Gray_Catbird_0104_20716.jpg"
1029,"Gray_Catbird_0015_21230.jpg"
1030,"Gray_Catbird_0092_20735.jpg"
1031,"Gray_Catbird_0024_20739.jpg"
1032,"Gray_Catbird_0091_20416.jpg"
1033,"Gray_Catbird_0113_21270.jpg"
1034,"Gray_Catbird_0050_20763.jpg"
1035,"Gray_Catbird_0007_20186.jpg"
1036,"Gray_Catbird_0139_21281.jpg"
1037,"Gray_Catbird_0094_21303.jpg"
1038,"Gray_Catbird_0049_21311.jpg"
1039,"Gray_Catbird_0117_21333.jpg"
1040,"Gray_Catbird_0125_19833.jpg"
1041,"Gray_Catbird_0105_20864.jpg"
1042,"Gray_Catbird_0042_20546.jpg"
1043,"Gray_Catbird_0002_21395.jpg"
1044,"Gray_Catbird_0057_20979.jpg"
1045,"Gray_Catbird_0103_20930.jpg"
1046,"Gray_Catbird_0008_20430.jpg"
1047,"Gray_Catbird_0138_20945.jpg"
1048,"Gray_Catbird_0045_20950.jpg"
1049,"Gray_Catbird_0090_21464.jpg"
1050,"Gray_Catbird_0044_20955.jpg"
1051,"Gray_Catbird_0027_20968.jpg"
1052,"Gray_Catbird_0118_20476.jpg"
1053,"Gray_Catbird_0006_20867.jpg"
1054,"Gray_Catbird_0071_20974.jpg"
1055,"Gray_Catbird_0126_19446.jpg"
1056,"Gray_Catbird_0129_20987.jpg"
1057,"Yellow_Breasted_Chat_0029_22017.jpg"
1058,"Yellow_Breasted_Chat_0090_21931.jpg"
1059,"Yellow_Breasted_Chat_0073_21932.jpg"
1060,"Yellow_Breasted_Chat_0106_22032.jpg"
1061,"Yellow_Breasted_Chat_0010_21777.jpg"
1062,"Yellow_Breasted_Chat_0063_21783.jpg"
1063,"Yellow_Breasted_Chat_0109_21796.jpg"
1064,"Yellow_Breasted_Chat_0048_21797.jpg"
1065,"Yellow_Breasted_Chat_0089_21804.jpg"
1066,"Yellow_Breasted_Chat_0011_21820.jpg"
1067,"Yellow_Breasted_Chat_0032_21823.jpg"
1068,"Yellow_Breasted_Chat_0084_22082.jpg"
1069,"Yellow_Breasted_Chat_0005_21828.jpg"
1070,"Yellow_Breasted_Chat_0072_21830.jpg"
1071,"Yellow_Breasted_Chat_0095_21832.jpg"
1072,"Yellow_Breasted_Chat_0066_21839.jpg"
1073,"Yellow_Breasted_Chat_0026_21845.jpg"
1074,"Yellow_Breasted_Chat_0044_22106.jpg"
1075,"Yellow_Breasted_Chat_0091_22111.jpg"
1076,"Yellow_Breasted_Chat_0008_21856.jpg"
1077,"Yellow_Breasted_Chat_0002_21819.jpg"
1078,"Yellow_Breasted_Chat_0068_21860.jpg"
1079,"Yellow_Breasted_Chat_0058_21864.jpg"
1080,"Yellow_Breasted_Chat_0052_21866.jpg"
1081,"Yellow_Breasted_Chat_0035_21870.jpg"
1082,"Yellow_Breasted_Chat_0110_21871.jpg"
1083,"Yellow_Breasted_Chat_0071_22129.jpg"
1084,"Yellow_Breasted_Chat_0086_21877.jpg"
1085,"Yellow_Breasted_Chat_0065_22137.jpg"
1086,"Yellow_Breasted_Chat_0085_21899.jpg"
1087,"Yellow_Breasted_Chat_0039_21654.jpg"
1088,"Yellow_Breasted_Chat_0100_21913.jpg"
1089,"Yellow_Breasted_Chat_0081_21829.jpg"
1090,"Yellow_Breasted_Chat_0023_21664.jpg"
1091,"Yellow_Breasted_Chat_0103_21670.jpg"
1092,"Yellow_Breasted_Chat_0001_21928.jpg"
1093,"Yellow_Breasted_Chat_0062_21673.jpg"
1094,"Yellow_Breasted_Chat_0101_21677.jpg"
1095,"Yellow_Breasted_Chat_0041_21683.jpg"
1096,"Yellow_Breasted_Chat_0088_21686.jpg"
1097,"Yellow_Breasted_Chat_0022_21944.jpg"
1098,"Yellow_Breasted_Chat_0094_21693.jpg"
1099,"Yellow_Breasted_Chat_0087_21695.jpg"
1100,"Yellow_Breasted_Chat_0102_21696.jpg"
1101,"Yellow_Breasted_Chat_0107_21698.jpg"
1102,"Yellow_Breasted_Chat_0034_21955.jpg"
1103,"Yellow_Breasted_Chat_0012_21961.jpg"
1104,"Yellow_Breasted_Chat_0030_21964.jpg"
1105,"Yellow_Breasted_Chat_0061_21967.jpg"
1106,"Yellow_Breasted_Chat_0105_21714.jpg"
1107,"Yellow_Breasted_Chat_0075_21715.jpg"
1108,"Yellow_Breasted_Chat_0017_21719.jpg"
1109,"Yellow_Breasted_Chat_0079_21978.jpg"
1110,"Yellow_Breasted_Chat_0077_21986.jpg"
1111,"Yellow_Breasted_Chat_0098_21987.jpg"
1112,"Yellow_Breasted_Chat_0014_21970.jpg"
1113,"Yellow_Breasted_Chat_0033_21873.jpg"
1114,"Yellow_Breasted_Chat_0097_21748.jpg"
1115,"Yellow_Breasted_Chat_0013_22008.jpg"
1116,"Eastern_Towhee_0122_22538.jpg"
1117,"Eastern_Towhee_0018_22546.jpg"
1118,"Eastern_Towhee_0110_22549.jpg"
1119,"Eastern_Towhee_0048_22557.jpg"
1120,"Eastern_Towhee_0052_22558.jpg"
1121,"Eastern_Towhee_0101_22559.jpg"
1122,"Eastern_Towhee_0099_22566.jpg"
1123,"Eastern_Towhee_0068_22194.jpg"
1124,"Eastern_Towhee_0097_22580.jpg"
1125,"Eastern_Towhee_0124_22585.jpg"
1126,"Eastern_Towhee_0075_22588.jpg"
1127,"Eastern_Towhee_0095_22594.jpg"
1128,"Eastern_Towhee_0086_22611.jpg"
1129,"Eastern_Towhee_0074_22620.jpg"
1130,"Eastern_Towhee_0093_22621.jpg"
1131,"Eastern_Towhee_0053_22623.jpg"
1132,"Eastern_Towhee_0134_22624.jpg"
1133,"Eastern_Towhee_0091_22629.jpg"
1134,"Eastern_Towhee_0126_22639.jpg"
1135,"Eastern_Towhee_0064_22649.jpg"
1136,"Eastern_Towhee_0017_22138.jpg"
1137,"Eastern_Towhee_0020_22141.jpg"
1138,"Eastern_Towhee_0067_22142.jpg"
1139,"Eastern_Towhee_0054_22147.jpg"
1140,"Eastern_Towhee_0021_22152.jpg"
1141,"Eastern_Towhee_0042_22155.jpg"
1142,"Eastern_Towhee_0085_22674.jpg"
1143,"Eastern_Towhee_0105_22675.jpg"
1144,"Eastern_Towhee_0098_22676.jpg"
1145,"Eastern_Towhee_0111_22168.jpg"
1146,"Eastern_Towhee_0007_22172.jpg"
1147,"Eastern_Towhee_0030_22693.jpg"
1148,"Eastern_Towhee_0108_22182.jpg"
1149,"Eastern_Towhee_0120_22189.jpg"
1150,"Eastern_Towhee_0125_22220.jpg"
1151,"Eastern_Towhee_0035_22223.jpg"
1152,"Eastern_Towhee_0117_22741.jpg"
1153,"Eastern_Towhee_0112_22231.jpg"
1154,"Eastern_Towhee_0031_22233.jpg"
1155,"Eastern_Towhee_0073_22247.jpg"
1156,"Eastern_Towhee_0050_22257.jpg"
1157,"Eastern_Towhee_0090_22273.jpg"
1158,"Eastern_Towhee_0015_22275.jpg"
1159,"Eastern_Towhee_0022_22279.jpg"
1160,"Eastern_Towhee_0080_22303.jpg"
1161,"Eastern_Towhee_0115_22304.jpg"
1162,"Eastern_Towhee_0001_22314.jpg"
1163,"Eastern_Towhee_0002_22318.jpg"
1164,"Eastern_Towhee_0121_22319.jpg"
1165,"Eastern_Towhee_0082_22330.jpg"
1166,"Eastern_Towhee_0013_22336.jpg"
1167,"Eastern_Towhee_0040_22341.jpg"
1168,"Eastern_Towhee_0049_22357.jpg"
1169,"Eastern_Towhee_0129_22358.jpg"
1170,"Eastern_Towhee_0014_22367.jpg"
1171,"Eastern_Towhee_0027_22372.jpg"
1172,"Eastern_Towhee_0024_22382.jpg"
1173,"Eastern_Towhee_0038_22399.jpg"
1174,"Eastern_Towhee_0062_22418.jpg"
1175,"Eastern_Towhee_0079_22690.jpg"
1176,"Chuck_Will_Widow_0033_22792.jpg"
1177,"Chuck_Will_Widow_0045_22798.jpg"
1178,"Chuck_Will_Widow_0032_22802.jpg"
1179,"Chuck_Will_Widow_0019_22806.jpg"
1180,"Chuck_Will_Widow_0021_796952.jpg"
1181,"Chuck_Will_Widow_0053_796953.jpg"
1182,"Chuck_Will_Widow_0011_796954.jpg"
1183,"Chuck_Will_Widow_0009_796955.jpg"
1184,"Chuck_Will_Widow_0012_796956.jpg"
1185,"Chuck_Will_Widow_0004_796957.jpg"
1186,"Chuck_Will_Widow_0007_796958.jpg"
1187,"Chuck_Will_Widow_0002_796959.jpg"
1188,"Chuck_Will_Widow_0017_796960.jpg"
1189,"Chuck_Will_Widow_0037_796961.jpg"
1190,"Chuck_Will_Widow_0015_796962.jpg"
1191,"Chuck_Will_Widow_0026_796963.jpg"
1192,"Chuck_Will_Widow_0010_796964.jpg"
1193,"Chuck_Will_Widow_0020_796965.jpg"
1194,"Chuck_Will_Widow_0046_796966.jpg"
1195,"Chuck_Will_Widow_0022_796967.jpg"
1196,"Chuck_Will_Widow_0008_796968.jpg"
1197,"Chuck_Will_Widow_0034_796969.jpg"
1198,"Chuck_Will_Widow_0057_796970.jpg"
1199,"Chuck_Will_Widow_0047_796971.jpg"
1200,"Chuck_Will_Widow_0025_796972.jpg"
1201,"Chuck_Will_Widow_0055_796973.jpg"
1202,"Chuck_Will_Widow_0016_796974.jpg"
1203,"Chuck_Will_Widow_0001_796975.jpg"
1204,"Chuck_Will_Widow_0040_796976.jpg"
1205,"Chuck_Will_Widow_0003_796977.jpg"
1206,"Chuck_Will_Widow_0027_796978.jpg"
1207,"Chuck_Will_Widow_0023_796979.jpg"
1208,"Chuck_Will_Widow_0018_796980.jpg"
1209,"Chuck_Will_Widow_0031_796981.jpg"
1210,"Chuck_Will_Widow_0059_796982.jpg"
1211,"Chuck_Will_Widow_0042_796983.jpg"
1212,"Chuck_Will_Widow_0052_796984.jpg"
1213,"Chuck_Will_Widow_0035_796985.jpg"
1214,"Chuck_Will_Widow_0006_796986.jpg"
1215,"Chuck_Will_Widow_0014_796987.jpg"
1216,"Chuck_Will_Widow_0028_796988.jpg"
1217,"Chuck_Will_Widow_0038_796989.jpg"
1218,"Chuck_Will_Widow_0051_796991.jpg"
1219,"Chuck_Will_Widow_0024_796993.jpg"
1220,"Chuck_Will_Widow_0030_796994.jpg"
1221,"Chuck_Will_Widow_0048_796995.jpg"
1222,"Chuck_Will_Widow_0056_796996.jpg"
1223,"Chuck_Will_Widow_0041_796997.jpg"
1224,"Chuck_Will_Widow_0005_796998.jpg"
1225,"Chuck_Will_Widow_0058_796999.jpg"
1226,"Chuck_Will_Widow_0039_797000.jpg"
1227,"Chuck_Will_Widow_0043_797001.jpg"
1228,"Chuck_Will_Widow_0049_22747.jpg"
1229,"Chuck_Will_Widow_0050_22750.jpg"
1230,"Chuck_Will_Widow_0029_22751.jpg"
1231,"Chuck_Will_Widow_0054_22782.jpg"
1232,"Brandt_Cormorant_0029_23043.jpg"
1233,"Brandt_Cormorant_0014_23050.jpg"
1234,"Brandt_Cormorant_0019_23058.jpg"
1235,"Brandt_Cormorant_0092_23061.jpg"
1236,"Brandt_Cormorant_0072_23069.jpg"
1237,"Brandt_Cormorant_0002_23072.jpg"
1238,"Brandt_Cormorant_0025_22820.jpg"
1239,"Brandt_Cormorant_0016_23077.jpg"
1240,"Brandt_Cormorant_0018_23090.jpg"
1241,"Brandt_Cormorant_0067_23352.jpg"
1242,"Brandt_Cormorant_0021_23097.jpg"
1243,"Brandt_Cormorant_0052_23356.jpg"
1244,"Brandt_Cormorant_0064_22849.jpg"
1245,"Brandt_Cormorant_0038_23110.jpg"
1246,"Brandt_Cormorant_0074_22881.jpg"
1247,"Brandt_Cormorant_0065_23118.jpg"
1248,"Brandt_Cormorant_0087_23126.jpg"
1249,"Brandt_Cormorant_0079_22874.jpg"
1250,"Brandt_Cormorant_0013_23391.jpg"
1251,"Brandt_Cormorant_0070_23137.jpg"
1252,"Brandt_Cormorant_0044_22884.jpg"
1253,"Brandt_Cormorant_0017_23141.jpg"
1254,"Brandt_Cormorant_0001_23398.jpg"
1255,"Brandt_Cormorant_0040_23144.jpg"
1256,"Brandt_Cormorant_0009_22890.jpg"
1257,"Brandt_Cormorant_0028_22892.jpg"
1258,"Brandt_Cormorant_0042_23151.jpg"
1259,"Brandt_Cormorant_0083_23156.jpg"
1260,"Brandt_Cormorant_0022_23157.jpg"
1261,"Brandt_Cormorant_0061_22902.jpg"
1262,"Brandt_Cormorant_0026_22913.jpg"
1263,"Brandt_Cormorant_0045_22916.jpg"
1264,"Brandt_Cormorant_0003_22922.jpg"
1265,"Brandt_Cormorant_0049_22924.jpg"
1266,"Brandt_Cormorant_0030_22926.jpg"
1267,"Brandt_Cormorant_0007_22934.jpg"
1268,"Brandt_Cormorant_0036_22937.jpg"
1269,"Brandt_Cormorant_0091_22825.jpg"
1270,"Brandt_Cormorant_0015_23198.jpg"
1271,"Brandt_Cormorant_0039_22945.jpg"
1272,"Brandt_Cormorant_0078_23203.jpg"
1273,"Brandt_Cormorant_0053_22957.jpg"
1274,"Brandt_Cormorant_0075_22970.jpg"
1275,"Brandt_Cormorant_0033_22975.jpg"
1276,"Brandt_Cormorant_0082_22978.jpg"
1277,"Brandt_Cormorant_0032_22886.jpg"
1278,"Brandt_Cormorant_0006_22925.jpg"
1279,"Brandt_Cormorant_0023_23254.jpg"
1280,"Brandt_Cormorant_0035_23000.jpg"
1281,"Brandt_Cormorant_0088_22948.jpg"
1282,"Brandt_Cormorant_0080_23002.jpg"
1283,"Brandt_Cormorant_0073_23259.jpg"
1284,"Brandt_Cormorant_0071_23007.jpg"
1285,"Brandt_Cormorant_0084_23265.jpg"
1286,"Brandt_Cormorant_0063_22865.jpg"
1287,"Brandt_Cormorant_0068_23019.jpg"
1288,"Brandt_Cormorant_0076_23021.jpg"
1289,"Brandt_Cormorant_0047_23337.jpg"
1290,"Brandt_Cormorant_0062_23038.jpg"
1291,"Red_Faced_Cormorant_0053_796331.jpg"
1292,"Red_Faced_Cormorant_0026_796289.jpg"
1293,"Red_Faced_Cormorant_0021_796265.jpg"
1294,"Red_Faced_Cormorant_0072_796269.jpg"
1295,"Red_Faced_Cormorant_0003_796270.jpg"
1296,"Red_Faced_Cormorant_0040_796272.jpg"
1297,"Red_Faced_Cormorant_0069_796274.jpg"
1298,"Red_Faced_Cormorant_0002_796275.jpg"
1299,"Red_Faced_Cormorant_0050_796276.jpg"
1300,"Red_Faced_Cormorant_0042_796277.jpg"
1301,"Red_Faced_Cormorant_0013_796278.jpg"
1302,"Red_Faced_Cormorant_0049_796279.jpg"
1303,"Red_Faced_Cormorant_0007_796280.jpg"
1304,"Red_Faced_Cormorant_0063_796284.jpg"
1305,"Red_Faced_Cormorant_0024_796285.jpg"
1306,"Red_Faced_Cormorant_0057_796286.jpg"
1307,"Red_Faced_Cormorant_0034_23425.jpg"
1308,"Red_Faced_Cormorant_0065_796293.jpg"
1309,"Red_Faced_Cormorant_0035_796294.jpg"
1310,"Red_Faced_Cormorant_0048_796296.jpg"
1311,"Red_Faced_Cormorant_0056_796297.jpg"
1312,"Red_Faced_Cormorant_0061_796300.jpg"
1313,"Red_Faced_Cormorant_0054_796301.jpg"
1314,"Red_Faced_Cormorant_0037_796305.jpg"
1315,"Red_Faced_Cormorant_0025_796306.jpg"
1316,"Red_Faced_Cormorant_0015_796307.jpg"
1317,"Red_Faced_Cormorant_0039_796308.jpg"
1318,"Red_Faced_Cormorant_0046_23446.jpg"
1319,"Red_Faced_Cormorant_0038_796313.jpg"
1320,"Red_Faced_Cormorant_0009_796314.jpg"
1321,"Red_Faced_Cormorant_0058_796315.jpg"
1322,"Red_Faced_Cormorant_0052_796316.jpg"
1323,"Red_Faced_Cormorant_0020_796318.jpg"
1324,"Red_Faced_Cormorant_0070_796319.jpg"
1325,"Red_Faced_Cormorant_0068_796321.jpg"
1326,"Red_Faced_Cormorant_0028_796322.jpg"
1327,"Red_Faced_Cormorant_0017_796323.jpg"
1328,"Red_Faced_Cormorant_0045_796324.jpg"
1329,"Red_Faced_Cormorant_0030_796325.jpg"
1330,"Red_Faced_Cormorant_0001_796327.jpg"
1331,"Red_Faced_Cormorant_0064_23464.jpg"
1332,"Red_Faced_Cormorant_0036_796329.jpg"
1333,"Red_Faced_Cormorant_0047_796330.jpg"
1334,"Red_Faced_Cormorant_0073_796332.jpg"
1335,"Red_Faced_Cormorant_0066_796333.jpg"
1336,"Red_Faced_Cormorant_0032_796334.jpg"
1337,"Red_Faced_Cormorant_0062_796336.jpg"
1338,"Red_Faced_Cormorant_0033_796337.jpg"
1339,"Red_Faced_Cormorant_0027_23482.jpg"
1340,"Red_Faced_Cormorant_0060_23416.jpg"
1341,"Red_Faced_Cormorant_0010_23421.jpg"
1342,"Red_Faced_Cormorant_0023_796328.jpg"
1343,"Pelagic_Cormorant_0054_23812.jpg"
1344,"Pelagic_Cormorant_0083_23557.jpg"
1345,"Pelagic_Cormorant_0009_23561.jpg"
1346,"Pelagic_Cormorant_0012_23565.jpg"
1347,"Pelagic_Cormorant_0032_23570.jpg"
1348,"Pelagic_Cormorant_0070_23513.jpg"
1349,"Pelagic_Cormorant_0084_23836.jpg"
1350,"Pelagic_Cormorant_0063_23515.jpg"
1351,"Pelagic_Cormorant_0046_23588.jpg"
1352,"Pelagic_Cormorant_0036_23503.jpg"
1353,"Pelagic_Cormorant_0035_23849.jpg"
1354,"Pelagic_Cormorant_0088_23855.jpg"
1355,"Pelagic_Cormorant_0008_23602.jpg"
1356,"Pelagic_Cormorant_0071_23964.jpg"
1357,"Pelagic_Cormorant_0017_23875.jpg"
1358,"Pelagic_Cormorant_0062_23623.jpg"
1359,"Pelagic_Cormorant_0042_23522.jpg"
1360,"Pelagic_Cormorant_0085_23821.jpg"
1361,"Pelagic_Cormorant_0037_23889.jpg"
1362,"Pelagic_Cormorant_0080_23890.jpg"
1363,"Pelagic_Cormorant_0100_23894.jpg"
1364,"Pelagic_Cormorant_0092_23639.jpg"
1365,"Pelagic_Cormorant_0064_23641.jpg"
1366,"Pelagic_Cormorant_0038_23643.jpg"
1367,"Pelagic_Cormorant_0075_23645.jpg"
1368,"Pelagic_Cormorant_0011_23667.jpg"
1369,"Pelagic_Cormorant_0029_23545.jpg"
1370,"Pelagic_Cormorant_0055_23415.jpg"
1371,"Pelagic_Cormorant_0002_23680.jpg"
1372,"Pelagic_Cormorant_0003_23695.jpg"
1373,"Pelagic_Cormorant_0010_23711.jpg"
1374,"Pelagic_Cormorant_0024_23712.jpg"
1375,"Pelagic_Cormorant_0044_23536.jpg"
1376,"Pelagic_Cormorant_0049_23714.jpg"
1377,"Pelagic_Cormorant_0047_23718.jpg"
1378,"Pelagic_Cormorant_0086_23719.jpg"
1379,"Pelagic_Cormorant_0005_23720.jpg"
1380,"Pelagic_Cormorant_0093_23722.jpg"
1381,"Pelagic_Cormorant_0018_23880.jpg"
1382,"Pelagic_Cormorant_0030_23732.jpg"
1383,"Pelagic_Cormorant_0057_24002.jpg"
1384,"Pelagic_Cormorant_0053_23760.jpg"
1385,"Pelagic_Cormorant_0041_23763.jpg"
1386,"Pelagic_Cormorant_0016_23509.jpg"
1387,"Pelagic_Cormorant_0074_23511.jpg"
1388,"Pelagic_Cormorant_0082_23844.jpg"
1389,"Pelagic_Cormorant_0019_23546.jpg"
1390,"Pelagic_Cormorant_0096_23775.jpg"
1391,"Pelagic_Cormorant_0025_23776.jpg"
1392,"Pelagic_Cormorant_0102_23778.jpg"
1393,"Pelagic_Cormorant_0076_23523.jpg"
1394,"Pelagic_Cormorant_0098_23783.jpg"
1395,"Pelagic_Cormorant_0099_23784.jpg"
1396,"Pelagic_Cormorant_0073_23785.jpg"
1397,"Pelagic_Cormorant_0033_23530.jpg"
1398,"Pelagic_Cormorant_0026_23792.jpg"
1399,"Pelagic_Cormorant_0001_23538.jpg"
1400,"Pelagic_Cormorant_0014_23801.jpg"
1401,"Pelagic_Cormorant_0022_23802.jpg"
1402,"Pelagic_Cormorant_0061_23548.jpg"
1403,"Bronzed_Cowbird_0027_24022.jpg"
1404,"Bronzed_Cowbird_0057_24074.jpg"
1405,"Bronzed_Cowbird_0012_796247.jpg"
1406,"Bronzed_Cowbird_0055_24076.jpg"
1407,"Bronzed_Cowbird_0085_24152.jpg"
1408,"Bronzed_Cowbird_0060_24082.jpg"
1409,"Bronzed_Cowbird_0051_24083.jpg"
1410,"Bronzed_Cowbird_0030_24103.jpg"
1411,"Bronzed_Cowbird_0034_796209.jpg"
1412,"Bronzed_Cowbird_0091_796212.jpg"
1413,"Bronzed_Cowbird_0025_796213.jpg"
1414,"Bronzed_Cowbird_0092_796215.jpg"
1415,"Bronzed_Cowbird_0052_796216.jpg"
1416,"Bronzed_Cowbird_0046_796218.jpg"
1417,"Bronzed_Cowbird_0001_796219.jpg"
1418,"Bronzed_Cowbird_0089_796220.jpg"
1419,"Bronzed_Cowbird_0022_796221.jpg"
1420,"Bronzed_Cowbird_0056_796222.jpg"
1421,"Bronzed_Cowbird_0087_796223.jpg"
1422,"Bronzed_Cowbird_0043_796224.jpg"
1423,"Bronzed_Cowbird_0073_796226.jpg"
1424,"Bronzed_Cowbird_0013_24131.jpg"
1425,"Bronzed_Cowbird_0026_796229.jpg"
1426,"Bronzed_Cowbird_0040_24134.jpg"
1427,"Bronzed_Cowbird_0061_796232.jpg"
1428,"Bronzed_Cowbird_0032_796233.jpg"
1429,"Bronzed_Cowbird_0011_24138.jpg"
1430,"Bronzed_Cowbird_0076_796235.jpg"
1431,"Bronzed_Cowbird_0020_796237.jpg"
1432,"Bronzed_Cowbird_0062_796238.jpg"
1433,"Bronzed_Cowbird_0058_796239.jpg"
1434,"Bronzed_Cowbird_0010_24146.jpg"
1435,"Bronzed_Cowbird_0049_24147.jpg"
1436,"Bronzed_Cowbird_0002_796244.jpg"
1437,"Bronzed_Cowbird_0003_796246.jpg"
1438,"Bronzed_Cowbird_0008_796250.jpg"
1439,"Bronzed_Cowbird_0054_24159.jpg"
1440,"Bronzed_Cowbird_0029_796256.jpg"
1441,"Bronzed_Cowbird_0086_796259.jpg"
1442,"Bronzed_Cowbird_0078_796262.jpg"
1443,"Bronzed_Cowbird_0024_24167.jpg"
1444,"Bronzed_Cowbird_0053_24170.jpg"
1445,"Bronzed_Cowbird_0005_24173.jpg"
1446,"Bronzed_Cowbird_0082_24175.jpg"
1447,"Bronzed_Cowbird_0090_24179.jpg"
1448,"Bronzed_Cowbird_0021_24189.jpg"
1449,"Bronzed_Cowbird_0081_24198.jpg"
1450,"Bronzed_Cowbird_0064_24199.jpg"
1451,"Bronzed_Cowbird_0031_24139.jpg"
1452,"Bronzed_Cowbird_0018_24140.jpg"
1453,"Bronzed_Cowbird_0017_24019.jpg"
1454,"Bronzed_Cowbird_0019_796242.jpg"
1455,"Bronzed_Cowbird_0039_24026.jpg"
1456,"Bronzed_Cowbird_0014_24030.jpg"
1457,"Bronzed_Cowbird_0037_24032.jpg"
1458,"Bronzed_Cowbird_0009_24033.jpg"
1459,"Bronzed_Cowbird_0044_24145.jpg"
1460,"Bronzed_Cowbird_0074_24045.jpg"
1461,"Bronzed_Cowbird_0023_24058.jpg"
1462,"Bronzed_Cowbird_0016_796245.jpg"
1463,"Shiny_Cowbird_0056_24321.jpg"
1464,"Shiny_Cowbird_0019_24323.jpg"
1465,"Shiny_Cowbird_0055_24331.jpg"
1466,"Shiny_Cowbird_0075_24335.jpg"
1467,"Shiny_Cowbird_0057_24345.jpg"
1468,"Shiny_Cowbird_0026_796847.jpg"
1469,"Shiny_Cowbird_0069_24351.jpg"
1470,"Shiny_Cowbird_0066_24358.jpg"
1471,"Shiny_Cowbird_0039_24359.jpg"
1472,"Shiny_Cowbird_0076_24363.jpg"
1473,"Shiny_Cowbird_0029_24372.jpg"
1474,"Shiny_Cowbird_0040_24379.jpg"
1475,"Shiny_Cowbird_0002_24380.jpg"
1476,"Shiny_Cowbird_0086_24386.jpg"
1477,"Shiny_Cowbird_0067_24392.jpg"
1478,"Shiny_Cowbird_0079_24399.jpg"
1479,"Shiny_Cowbird_0012_24249.jpg"
1480,"Shiny_Cowbird_0068_24413.jpg"
1481,"Shiny_Cowbird_0059_24421.jpg"
1482,"Shiny_Cowbird_0007_24434.jpg"
1483,"Shiny_Cowbird_0051_24438.jpg"
1484,"Shiny_Cowbird_0010_24439.jpg"
1485,"Shiny_Cowbird_0037_24440.jpg"
1486,"Shiny_Cowbird_0025_24444.jpg"
1487,"Shiny_Cowbird_0030_24206.jpg"
1488,"Shiny_Cowbird_0047_24210.jpg"
1489,"Shiny_Cowbird_0014_24214.jpg"
1490,"Shiny_Cowbird_0018_796830.jpg"
1491,"Shiny_Cowbird_0070_796832.jpg"
1492,"Shiny_Cowbird_0081_796833.jpg"
1493,"Shiny_Cowbird_0083_796834.jpg"
1494,"Shiny_Cowbird_0009_796835.jpg"
1495,"Shiny_Cowbird_0035_796837.jpg"
1496,"Shiny_Cowbird_0085_796839.jpg"
1497,"Shiny_Cowbird_0004_796841.jpg"
1498,"Shiny_Cowbird_0078_796846.jpg"
1499,"Shiny_Cowbird_0044_24239.jpg"
1500,"Shiny_Cowbird_0064_796848.jpg"
1501,"Shiny_Cowbird_0034_796849.jpg"
1502,"Shiny_Cowbird_0027_796850.jpg"
1503,"Shiny_Cowbird_0031_796851.jpg"
1504,"Shiny_Cowbird_0017_796853.jpg"
1505,"Shiny_Cowbird_0045_796856.jpg"
1506,"Shiny_Cowbird_0043_796857.jpg"
1507,"Shiny_Cowbird_0015_796858.jpg"
1508,"Shiny_Cowbird_0001_796860.jpg"
1509,"Shiny_Cowbird_0006_796864.jpg"
1510,"Shiny_Cowbird_0063_24259.jpg"
1511,"Shiny_Cowbird_0021_796870.jpg"
1512,"Shiny_Cowbird_0061_796874.jpg"
1513,"Shiny_Cowbird_0080_796875.jpg"
1514,"Shiny_Cowbird_0062_24271.jpg"
1515,"Shiny_Cowbird_0077_24273.jpg"
1516,"Shiny_Cowbird_0036_24274.jpg"
1517,"Shiny_Cowbird_0020_24276.jpg"
1518,"Shiny_Cowbird_0082_24279.jpg"
1519,"Shiny_Cowbird_0024_24281.jpg"
1520,"Shiny_Cowbird_0005_796873.jpg"
1521,"Shiny_Cowbird_0032_24284.jpg"
1522,"Shiny_Cowbird_0074_24297.jpg"
1523,"Brown_Creeper_0042_24578.jpg"
1524,"Brown_Creeper_0093_24581.jpg"
1525,"Brown_Creeper_0123_24589.jpg"
1526,"Brown_Creeper_0111_24590.jpg"
1527,"Brown_Creeper_0061_24601.jpg"
1528,"Brown_Creeper_0106_24617.jpg"
1529,"Brown_Creeper_0069_24618.jpg"
1530,"Brown_Creeper_0103_24632.jpg"
1531,"Brown_Creeper_0079_24647.jpg"
1532,"Brown_Creeper_0114_24649.jpg"
1533,"Brown_Creeper_0127_24656.jpg"
1534,"Brown_Creeper_0005_24659.jpg"
1535,"Brown_Creeper_0053_24451.jpg"
1536,"Brown_Creeper_0104_24698.jpg"
1537,"Brown_Creeper_0063_24724.jpg"
1538,"Brown_Creeper_0027_24729.jpg"
1539,"Brown_Creeper_0088_24731.jpg"
1540,"Brown_Creeper_0074_24789.jpg"
1541,"Brown_Creeper_0032_24800.jpg"
1542,"Brown_Creeper_0107_24827.jpg"
1543,"Brown_Creeper_0002_24838.jpg"
1544,"Brown_Creeper_0064_24840.jpg"
1545,"Brown_Creeper_0089_24841.jpg"
1546,"Brown_Creeper_0004_24851.jpg"
1547,"Brown_Creeper_0110_24866.jpg"
1548,"Brown_Creeper_0007_24902.jpg"
1549,"Brown_Creeper_0049_24911.jpg"
1550,"Brown_Creeper_0029_24912.jpg"
1551,"Brown_Creeper_0065_24464.jpg"
1552,"Brown_Creeper_0058_24933.jpg"
1553,"Brown_Creeper_0085_24938.jpg"
1554,"Brown_Creeper_0023_24940.jpg"
1555,"Brown_Creeper_0035_24941.jpg"
1556,"Brown_Creeper_0075_24947.jpg"
1557,"Brown_Creeper_0120_24955.jpg"
1558,"Brown_Creeper_0012_24956.jpg"
1559,"Brown_Creeper_0001_24449.jpg"
1560,"Brown_Creeper_0124_24963.jpg"
1561,"Brown_Creeper_0056_24452.jpg"
1562,"Brown_Creeper_0083_24967.jpg"
1563,"Brown_Creeper_0046_24463.jpg"
1564,"Brown_Creeper_0048_24976.jpg"
1565,"Brown_Creeper_0072_24977.jpg"
1566,"Brown_Creeper_0051_24468.jpg"
1567,"Brown_Creeper_0047_24984.jpg"
1568,"Brown_Creeper_0101_24987.jpg"
1569,"Brown_Creeper_0125_24995.jpg"
1570,"Brown_Creeper_0031_24999.jpg"
1571,"Brown_Creeper_0115_24488.jpg"
1572,"Brown_Creeper_0059_25010.jpg"
1573,"Brown_Creeper_0118_24500.jpg"
1574,"Brown_Creeper_0100_24502.jpg"
1575,"Brown_Creeper_0006_25034.jpg"
1576,"Brown_Creeper_0057_24529.jpg"
1577,"Brown_Creeper_0073_24546.jpg"
1578,"Brown_Creeper_0043_24549.jpg"
1579,"Brown_Creeper_0113_24560.jpg"
1580,"Brown_Creeper_0102_25000.jpg"
1581,"Brown_Creeper_0121_24574.jpg"
1582,"American_Crow_0117_25090.jpg"
1583,"American_Crow_0030_25092.jpg"
1584,"American_Crow_0119_25610.jpg"
1585,"American_Crow_0020_25618.jpg"
1586,"American_Crow_0016_25112.jpg"
1587,"American_Crow_0136_25117.jpg"
1588,"American_Crow_0101_25118.jpg"
1589,"American_Crow_0002_25122.jpg"
1590,"American_Crow_0109_25123.jpg"
1591,"American_Crow_0111_25127.jpg"
1592,"American_Crow_0003_25130.jpg"
1593,"American_Crow_0021_25137.jpg"
1594,"American_Crow_0027_25146.jpg"
1595,"American_Crow_0113_25149.jpg"
1596,"American_Crow_0011_25151.jpg"
1597,"American_Crow_0043_25666.jpg"
1598,"American_Crow_0130_25163.jpg"
1599,"American_Crow_0093_25694.jpg"
1600,"American_Crow_0139_25186.jpg"
1601,"American_Crow_0132_25704.jpg"
1602,"American_Crow_0131_25706.jpg"
1603,"American_Crow_0068_25198.jpg"
1604,"American_Crow_0116_25199.jpg"
1605,"American_Crow_0122_25200.jpg"
1606,"American_Crow_0053_25203.jpg"
1607,"American_Crow_0099_25717.jpg"
1608,"American_Crow_0134_25206.jpg"
1609,"American_Crow_0121_25720.jpg"
1610,"American_Crow_0080_25220.jpg"
1611,"American_Crow_0137_25221.jpg"
1612,"American_Crow_0050_25255.jpg"
1613,"American_Crow_0085_25260.jpg"
1614,"American_Crow_0105_25283.jpg"
1615,"American_Crow_0014_25287.jpg"
1616,"American_Crow_0088_25303.jpg"
1617,"American_Crow_0012_25305.jpg"
1618,"American_Crow_0004_25819.jpg"
1619,"American_Crow_0036_25313.jpg"
1620,"American_Crow_0081_25837.jpg"
1621,"American_Crow_0074_25350.jpg"
1622,"American_Crow_0107_25353.jpg"
1623,"American_Crow_0124_25356.jpg"
1624,"American_Crow_0047_25397.jpg"
1625,"American_Crow_0127_25412.jpg"
1626,"American_Crow_0066_25827.jpg"
1627,"American_Crow_0031_25433.jpg"
1628,"American_Crow_0067_25443.jpg"
1629,"American_Crow_0079_25463.jpg"
1630,"American_Crow_0051_25505.jpg"
1631,"American_Crow_0069_25506.jpg"
1632,"American_Crow_0025_25522.jpg"
1633,"American_Crow_0110_25541.jpg"
1634,"American_Crow_0001_25053.jpg"
1635,"American_Crow_0039_25061.jpg"
1636,"American_Crow_0048_25062.jpg"
1637,"American_Crow_0094_25576.jpg"
1638,"American_Crow_0102_25066.jpg"
1639,"American_Crow_0062_25587.jpg"
1640,"American_Crow_0104_25086.jpg"
1641,"American_Crow_0059_25599.jpg"
1642,"Fish_Crow_0068_25859.jpg"
1643,"Fish_Crow_0080_25861.jpg"
1644,"Fish_Crow_0059_25864.jpg"
1645,"Fish_Crow_0011_25866.jpg"
1646,"Fish_Crow_0067_26124.jpg"
1647,"Fish_Crow_0017_26127.jpg"
1648,"Fish_Crow_0018_25879.jpg"
1649,"Fish_Crow_0041_25887.jpg"
1650,"Fish_Crow_0078_26144.jpg"
1651,"Fish_Crow_0034_25891.jpg"
1652,"Fish_Crow_0042_26148.jpg"
1653,"Fish_Crow_0025_25893.jpg"
1654,"Fish_Crow_0081_25908.jpg"
1655,"Fish_Crow_0031_25909.jpg"
1656,"Fish_Crow_0036_25911.jpg"
1657,"Fish_Crow_0005_25912.jpg"
1658,"Fish_Crow_0033_25915.jpg"
1659,"Fish_Crow_0085_25919.jpg"
1660,"Fish_Crow_0071_25155.jpg"
1661,"Fish_Crow_0040_25158.jpg"
1662,"Fish_Crow_0051_25934.jpg"
1663,"Fish_Crow_0004_25936.jpg"
1664,"Fish_Crow_0013_25939.jpg"
1665,"Fish_Crow_0065_25942.jpg"
1666,"Fish_Crow_0072_25945.jpg"
1667,"Fish_Crow_0012_25946.jpg"
1668,"Fish_Crow_0083_25949.jpg"
1669,"Fish_Crow_0044_25964.jpg"
1670,"Fish_Crow_0028_25968.jpg"
1671,"Fish_Crow_0003_25970.jpg"
1672,"Fish_Crow_0076_25971.jpg"
1673,"Fish_Crow_0073_25977.jpg"
1674,"Fish_Crow_0010_25836.jpg"
1675,"Fish_Crow_0058_25999.jpg"
1676,"Fish_Crow_0038_26000.jpg"
1677,"Fish_Crow_0069_26008.jpg"
1678,"Fish_Crow_0082_26012.jpg"
1679,"Fish_Crow_0032_26014.jpg"
1680,"Fish_Crow_0070_25504.jpg"
1681,"Fish_Crow_0007_26023.jpg"
1682,"Fish_Crow_0061_25884.jpg"
1683,"Fish_Crow_0020_26027.jpg"
1684,"Fish_Crow_0079_26030.jpg"
1685,"Fish_Crow_0001_26031.jpg"
1686,"Fish_Crow_0023_26037.jpg"
1687,"Fish_Crow_0049_26040.jpg"
1688,"Fish_Crow_0014_26041.jpg"
1689,"Fish_Crow_0060_26016.jpg"
1690,"Fish_Crow_0022_26062.jpg"
1691,"Fish_Crow_0024_26064.jpg"
1692,"Fish_Crow_0053_26067.jpg"
1693,"Fish_Crow_0047_26070.jpg"
1694,"Fish_Crow_0037_26071.jpg"
1695,"Fish_Crow_0002_26072.jpg"
1696,"Fish_Crow_0055_26077.jpg"
1697,"Fish_Crow_0035_26081.jpg"
1698,"Fish_Crow_0063_26094.jpg"
1699,"Fish_Crow_0043_25847.jpg"
1700,"Fish_Crow_0056_25851.jpg"
1701,"Fish_Crow_0016_25854.jpg"
1702,"Black_Billed_Cuckoo_0071_26288.jpg"
1703,"Black_Billed_Cuckoo_0005_26161.jpg"
1704,"Black_Billed_Cuckoo_0028_26165.jpg"
1705,"Black_Billed_Cuckoo_0032_26292.jpg"
1706,"Black_Billed_Cuckoo_0084_26175.jpg"
1707,"Black_Billed_Cuckoo_0047_26176.jpg"
1708,"Black_Billed_Cuckoo_0076_26177.jpg"
1709,"Black_Billed_Cuckoo_0079_26180.jpg"
1710,"Black_Billed_Cuckoo_0051_795318.jpg"
1711,"Black_Billed_Cuckoo_0086_26188.jpg"
1712,"Black_Billed_Cuckoo_0045_26194.jpg"
1713,"Black_Billed_Cuckoo_0065_26203.jpg"
1714,"Black_Billed_Cuckoo_0096_26204.jpg"
1715,"Black_Billed_Cuckoo_0015_26208.jpg"
1716,"Black_Billed_Cuckoo_0081_26209.jpg"
1717,"Black_Billed_Cuckoo_0088_26217.jpg"
1718,"Black_Billed_Cuckoo_0018_26218.jpg"
1719,"Black_Billed_Cuckoo_0017_26221.jpg"
1720,"Black_Billed_Cuckoo_0077_26222.jpg"
1721,"Black_Billed_Cuckoo_0055_26223.jpg"
1722,"Black_Billed_Cuckoo_0052_26232.jpg"
1723,"Black_Billed_Cuckoo_0006_26233.jpg"
1724,"Black_Billed_Cuckoo_0066_26303.jpg"
1725,"Black_Billed_Cuckoo_0030_26240.jpg"
1726,"Black_Billed_Cuckoo_0082_26241.jpg"
1727,"Black_Billed_Cuckoo_0001_26242.jpg"
1728,"Black_Billed_Cuckoo_0044_26243.jpg"
1729,"Black_Billed_Cuckoo_0091_26246.jpg"
1730,"Black_Billed_Cuckoo_0023_26258.jpg"
1731,"Black_Billed_Cuckoo_0074_795286.jpg"
1732,"Black_Billed_Cuckoo_0058_795292.jpg"
1733,"Black_Billed_Cuckoo_0085_795294.jpg"
1734,"Black_Billed_Cuckoo_0075_795298.jpg"
1735,"Black_Billed_Cuckoo_0087_795300.jpg"
1736,"Black_Billed_Cuckoo_0073_795304.jpg"
1737,"Black_Billed_Cuckoo_0008_795305.jpg"
1738,"Black_Billed_Cuckoo_0095_795307.jpg"
1739,"Black_Billed_Cuckoo_0042_795308.jpg"
1740,"Black_Billed_Cuckoo_0062_795309.jpg"
1741,"Black_Billed_Cuckoo_0070_795310.jpg"
1742,"Black_Billed_Cuckoo_0092_795313.jpg"
1743,"Black_Billed_Cuckoo_0083_795315.jpg"
1744,"Black_Billed_Cuckoo_0093_795316.jpg"
1745,"Black_Billed_Cuckoo_0022_795319.jpg"
1746,"Black_Billed_Cuckoo_0034_795320.jpg"
1747,"Black_Billed_Cuckoo_0053_795321.jpg"
1748,"Black_Billed_Cuckoo_0089_795322.jpg"
1749,"Black_Billed_Cuckoo_0057_795323.jpg"
1750,"Black_Billed_Cuckoo_0043_795324.jpg"
1751,"Black_Billed_Cuckoo_0069_795326.jpg"
1752,"Black_Billed_Cuckoo_0061_795327.jpg"
1753,"Black_Billed_Cuckoo_0046_795328.jpg"
1754,"Black_Billed_Cuckoo_0019_795329.jpg"
1755,"Black_Billed_Cuckoo_0037_795330.jpg"
1756,"Black_Billed_Cuckoo_0024_795331.jpg"
1757,"Black_Billed_Cuckoo_0090_26311.jpg"
1758,"Black_Billed_Cuckoo_0054_26313.jpg"
1759,"Black_Billed_Cuckoo_0031_26318.jpg"
1760,"Black_Billed_Cuckoo_0027_26319.jpg"
1761,"Black_Billed_Cuckoo_0007_26320.jpg"
1762,"Mangrove_Cuckoo_0029_794624.jpg"
1763,"Mangrove_Cuckoo_0022_794625.jpg"
1764,"Mangrove_Cuckoo_0041_26370.jpg"
1765,"Mangrove_Cuckoo_0051_794627.jpg"
1766,"Mangrove_Cuckoo_0042_794628.jpg"
1767,"Mangrove_Cuckoo_0020_794629.jpg"
1768,"Mangrove_Cuckoo_0024_794630.jpg"
1769,"Mangrove_Cuckoo_0025_26375.jpg"
1770,"Mangrove_Cuckoo_0039_26348.jpg"
1771,"Mangrove_Cuckoo_0040_26378.jpg"
1772,"Mangrove_Cuckoo_0015_26380.jpg"
1773,"Mangrove_Cuckoo_0006_794626.jpg"
1774,"Mangrove_Cuckoo_0012_26382.jpg"
1775,"Mangrove_Cuckoo_0014_26388.jpg"
1776,"Mangrove_Cuckoo_0037_26389.jpg"
1777,"Mangrove_Cuckoo_0053_26390.jpg"
1778,"Mangrove_Cuckoo_0044_26393.jpg"
1779,"Mangrove_Cuckoo_0048_26351.jpg"
1780,"Mangrove_Cuckoo_0010_26399.jpg"
1781,"Mangrove_Cuckoo_0031_26401.jpg"
1782,"Mangrove_Cuckoo_0011_26406.jpg"
1783,"Mangrove_Cuckoo_0023_26409.jpg"
1784,"Mangrove_Cuckoo_0002_26410.jpg"
1785,"Mangrove_Cuckoo_0049_794631.jpg"
1786,"Mangrove_Cuckoo_0009_26354.jpg"
1787,"Mangrove_Cuckoo_0034_26415.jpg"
1788,"Mangrove_Cuckoo_0030_26350.jpg"
1789,"Mangrove_Cuckoo_0028_26358.jpg"
1790,"Mangrove_Cuckoo_0027_26360.jpg"
1791,"Mangrove_Cuckoo_0018_794593.jpg"
1792,"Mangrove_Cuckoo_0050_794594.jpg"
1793,"Mangrove_Cuckoo_0035_794595.jpg"
1794,"Mangrove_Cuckoo_0005_794599.jpg"
1795,"Mangrove_Cuckoo_0038_794600.jpg"
1796,"Mangrove_Cuckoo_0001_794601.jpg"
1797,"Mangrove_Cuckoo_0021_794602.jpg"
1798,"Mangrove_Cuckoo_0032_794603.jpg"
1799,"Mangrove_Cuckoo_0047_794604.jpg"
1800,"Mangrove_Cuckoo_0043_794605.jpg"
1801,"Mangrove_Cuckoo_0036_794606.jpg"
1802,"Mangrove_Cuckoo_0016_794607.jpg"
1803,"Mangrove_Cuckoo_0052_794608.jpg"
1804,"Mangrove_Cuckoo_0026_794609.jpg"
1805,"Mangrove_Cuckoo_0007_794610.jpg"
1806,"Mangrove_Cuckoo_0045_794612.jpg"
1807,"Mangrove_Cuckoo_0008_26357.jpg"
1808,"Mangrove_Cuckoo_0004_794614.jpg"
1809,"Mangrove_Cuckoo_0033_26359.jpg"
1810,"Mangrove_Cuckoo_0046_794616.jpg"
1811,"Mangrove_Cuckoo_0003_794619.jpg"
1812,"Mangrove_Cuckoo_0013_794620.jpg"
1813,"Mangrove_Cuckoo_0019_794621.jpg"
1814,"Mangrove_Cuckoo_0017_794623.jpg"
1815,"Yellow_Billed_Cuckoo_0048_26632.jpg"
1816,"Yellow_Billed_Cuckoo_0023_26637.jpg"
1817,"Yellow_Billed_Cuckoo_0094_26643.jpg"
1818,"Yellow_Billed_Cuckoo_0027_26844.jpg"
1819,"Yellow_Billed_Cuckoo_0117_26651.jpg"
1820,"Yellow_Billed_Cuckoo_0082_26655.jpg"
1821,"Yellow_Billed_Cuckoo_0009_26656.jpg"
1822,"Yellow_Billed_Cuckoo_0078_26888.jpg"
1823,"Yellow_Billed_Cuckoo_0022_26423.jpg"
1824,"Yellow_Billed_Cuckoo_0050_26424.jpg"
1825,"Yellow_Billed_Cuckoo_0036_26682.jpg"
1826,"Yellow_Billed_Cuckoo_0005_26684.jpg"
1827,"Yellow_Billed_Cuckoo_0045_26685.jpg"
1828,"Yellow_Billed_Cuckoo_0060_26686.jpg"
1829,"Yellow_Billed_Cuckoo_0007_26687.jpg"
1830,"Yellow_Billed_Cuckoo_0093_26432.jpg"
1831,"Yellow_Billed_Cuckoo_0042_26479.jpg"
1832,"Yellow_Billed_Cuckoo_0061_26692.jpg"
1833,"Yellow_Billed_Cuckoo_0034_26694.jpg"
1834,"Yellow_Billed_Cuckoo_0028_26446.jpg"
1835,"Yellow_Billed_Cuckoo_0039_26510.jpg"
1836,"Yellow_Billed_Cuckoo_0012_26712.jpg"
1837,"Yellow_Billed_Cuckoo_0097_26713.jpg"
1838,"Yellow_Billed_Cuckoo_0090_26714.jpg"
1839,"Yellow_Billed_Cuckoo_0002_26715.jpg"
1840,"Yellow_Billed_Cuckoo_0074_26466.jpg"
1841,"Yellow_Billed_Cuckoo_0091_26428.jpg"
1842,"Yellow_Billed_Cuckoo_0081_26429.jpg"
1843,"Yellow_Billed_Cuckoo_0053_26738.jpg"
1844,"Yellow_Billed_Cuckoo_0073_26744.jpg"
1845,"Yellow_Billed_Cuckoo_0077_26431.jpg"
1846,"Yellow_Billed_Cuckoo_0043_26492.jpg"
1847,"Yellow_Billed_Cuckoo_0014_26754.jpg"
1848,"Yellow_Billed_Cuckoo_0098_26501.jpg"
1849,"Yellow_Billed_Cuckoo_0084_26761.jpg"
1850,"Yellow_Billed_Cuckoo_0049_26766.jpg"
1851,"Yellow_Billed_Cuckoo_0033_26521.jpg"
1852,"Yellow_Billed_Cuckoo_0004_26790.jpg"
1853,"Yellow_Billed_Cuckoo_0018_26535.jpg"
1854,"Yellow_Billed_Cuckoo_0026_26794.jpg"
1855,"Yellow_Billed_Cuckoo_0010_26795.jpg"
1856,"Yellow_Billed_Cuckoo_0003_26797.jpg"
1857,"Yellow_Billed_Cuckoo_0116_26544.jpg"
1858,"Yellow_Billed_Cuckoo_0019_26803.jpg"
1859,"Yellow_Billed_Cuckoo_0119_26550.jpg"
1860,"Yellow_Billed_Cuckoo_0121_26807.jpg"
1861,"Yellow_Billed_Cuckoo_0088_26812.jpg"
1862,"Yellow_Billed_Cuckoo_0104_26814.jpg"
1863,"Yellow_Billed_Cuckoo_0038_26912.jpg"
1864,"Yellow_Billed_Cuckoo_0059_26828.jpg"
1865,"Yellow_Billed_Cuckoo_0024_26832.jpg"
1866,"Yellow_Billed_Cuckoo_0006_26578.jpg"
1867,"Yellow_Billed_Cuckoo_0107_26838.jpg"
1868,"Yellow_Billed_Cuckoo_0069_26597.jpg"
1869,"Yellow_Billed_Cuckoo_0066_26600.jpg"
1870,"Yellow_Billed_Cuckoo_0092_26859.jpg"
1871,"Yellow_Billed_Cuckoo_0029_26865.jpg"
1872,"Yellow_Billed_Cuckoo_0032_26616.jpg"
1873,"Yellow_Billed_Cuckoo_0067_26878.jpg"
1874,"Gray_Crowned_Rosy_Finch_0078_27136.jpg"
1875,"Gray_Crowned_Rosy_Finch_0042_27143.jpg"
1876,"Gray_Crowned_Rosy_Finch_0027_27153.jpg"
1877,"Gray_Crowned_Rosy_Finch_0074_27156.jpg"
1878,"Gray_Crowned_Rosy_Finch_0026_27160.jpg"
1879,"Gray_Crowned_Rosy_Finch_0075_27165.jpg"
1880,"Gray_Crowned_Rosy_Finch_0016_27181.jpg"
1881,"Gray_Crowned_Rosy_Finch_0043_26990.jpg"
1882,"Gray_Crowned_Rosy_Finch_0019_27192.jpg"
1883,"Gray_Crowned_Rosy_Finch_0068_27196.jpg"
1884,"Gray_Crowned_Rosy_Finch_0076_27200.jpg"
1885,"Gray_Crowned_Rosy_Finch_0009_26977.jpg"
1886,"Gray_Crowned_Rosy_Finch_0001_27211.jpg"
1887,"Gray_Crowned_Rosy_Finch_0018_26978.jpg"
1888,"Gray_Crowned_Rosy_Finch_0067_797289.jpg"
1889,"Gray_Crowned_Rosy_Finch_0061_26979.jpg"
1890,"Gray_Crowned_Rosy_Finch_0004_797272.jpg"
1891,"Gray_Crowned_Rosy_Finch_0048_27236.jpg"
1892,"Gray_Crowned_Rosy_Finch_0025_797274.jpg"
1893,"Gray_Crowned_Rosy_Finch_0053_797276.jpg"
1894,"Gray_Crowned_Rosy_Finch_0007_797278.jpg"
1895,"Gray_Crowned_Rosy_Finch_0044_26976.jpg"
1896,"Gray_Crowned_Rosy_Finch_0083_797281.jpg"
1897,"Gray_Crowned_Rosy_Finch_0006_797284.jpg"
1898,"Gray_Crowned_Rosy_Finch_0071_797285.jpg"
1899,"Gray_Crowned_Rosy_Finch_0021_797286.jpg"
1900,"Gray_Crowned_Rosy_Finch_0036_797287.jpg"
1901,"Gray_Crowned_Rosy_Finch_0023_797288.jpg"
1902,"Gray_Crowned_Rosy_Finch_0040_26985.jpg"
1903,"Gray_Crowned_Rosy_Finch_0015_797291.jpg"
1904,"Gray_Crowned_Rosy_Finch_0051_26988.jpg"
1905,"Gray_Crowned_Rosy_Finch_0056_797293.jpg"
1906,"Gray_Crowned_Rosy_Finch_0079_797294.jpg"
1907,"Gray_Crowned_Rosy_Finch_0046_797295.jpg"
1908,"Gray_Crowned_Rosy_Finch_0066_797298.jpg"
1909,"Gray_Crowned_Rosy_Finch_0031_797299.jpg"
1910,"Gray_Crowned_Rosy_Finch_0029_797300.jpg"
1911,"Gray_Crowned_Rosy_Finch_0065_797301.jpg"
1912,"Gray_Crowned_Rosy_Finch_0047_797303.jpg"
1913,"Gray_Crowned_Rosy_Finch_0034_797305.jpg"
1914,"Gray_Crowned_Rosy_Finch_0038_797309.jpg"
1915,"Gray_Crowned_Rosy_Finch_0064_27007.jpg"
1916,"Gray_Crowned_Rosy_Finch_0072_26993.jpg"
1917,"Gray_Crowned_Rosy_Finch_0022_27028.jpg"
1918,"Gray_Crowned_Rosy_Finch_0052_27032.jpg"
1919,"Gray_Crowned_Rosy_Finch_0084_27034.jpg"
1920,"Gray_Crowned_Rosy_Finch_0010_27039.jpg"
1921,"Gray_Crowned_Rosy_Finch_0024_27057.jpg"
1922,"Gray_Crowned_Rosy_Finch_0012_27062.jpg"
1923,"Gray_Crowned_Rosy_Finch_0030_27068.jpg"
1924,"Gray_Crowned_Rosy_Finch_0037_27088.jpg"
1925,"Gray_Crowned_Rosy_Finch_0073_27104.jpg"
1926,"Gray_Crowned_Rosy_Finch_0041_27105.jpg"
1927,"Gray_Crowned_Rosy_Finch_0057_27107.jpg"
1928,"Gray_Crowned_Rosy_Finch_0080_27108.jpg"
1929,"Gray_Crowned_Rosy_Finch_0013_27110.jpg"
1930,"Gray_Crowned_Rosy_Finch_0055_27112.jpg"
1931,"Gray_Crowned_Rosy_Finch_0028_27114.jpg"
1932,"Gray_Crowned_Rosy_Finch_0063_27123.jpg"
1933,"Purple_Finch_0025_28174.jpg"
1934,"Purple_Finch_0048_27670.jpg"
1935,"Purple_Finch_0115_28190.jpg"
1936,"Purple_Finch_0096_27688.jpg"
1937,"Purple_Finch_0001_27571.jpg"
1938,"Purple_Finch_0050_27702.jpg"
1939,"Purple_Finch_0021_28235.jpg"
1940,"Purple_Finch_0031_28175.jpg"
1941,"Purple_Finch_0110_27750.jpg"
1942,"Purple_Finch_0030_27255.jpg"
1943,"Purple_Finch_0079_27258.jpg"
1944,"Purple_Finch_0119_27260.jpg"
1945,"Purple_Finch_0092_27264.jpg"
1946,"Purple_Finch_0002_27266.jpg"
1947,"Purple_Finch_0098_27280.jpg"
1948,"Purple_Finch_0097_27288.jpg"
1949,"Purple_Finch_0111_27293.jpg"
1950,"Purple_Finch_0046_27295.jpg"
1951,"Purple_Finch_0032_27305.jpg"
1952,"Purple_Finch_0102_27308.jpg"
1953,"Purple_Finch_0014_27322.jpg"
1954,"Purple_Finch_0094_27323.jpg"
1955,"Purple_Finch_0114_27837.jpg"
1956,"Purple_Finch_0117_27427.jpg"
1957,"Purple_Finch_0081_27913.jpg"
1958,"Purple_Finch_0033_27926.jpg"
1959,"Purple_Finch_0133_27928.jpg"
1960,"Purple_Finch_0091_27425.jpg"
1961,"Purple_Finch_0006_27950.jpg"
1962,"Purple_Finch_0076_27441.jpg"
1963,"Purple_Finch_0071_27443.jpg"
1964,"Purple_Finch_0020_27961.jpg"
1965,"Purple_Finch_0059_27966.jpg"
1966,"Purple_Finch_0008_27455.jpg"
1967,"Purple_Finch_0035_27972.jpg"
1968,"Purple_Finch_0103_27461.jpg"
1969,"Purple_Finch_0065_27473.jpg"
1970,"Purple_Finch_0013_27506.jpg"
1971,"Purple_Finch_0049_27507.jpg"
1972,"Purple_Finch_0005_27512.jpg"
1973,"Purple_Finch_0134_27526.jpg"
1974,"Purple_Finch_0053_27543.jpg"
1975,"Purple_Finch_0113_27547.jpg"
1976,"Purple_Finch_0130_27555.jpg"
1977,"Purple_Finch_0011_27633.jpg"
1978,"Purple_Finch_0088_28076.jpg"
1979,"Purple_Finch_0004_27565.jpg"
1980,"Purple_Finch_0124_27567.jpg"
1981,"Purple_Finch_0104_28088.jpg"
1982,"Purple_Finch_0074_28101.jpg"
1983,"Purple_Finch_0120_27597.jpg"
1984,"Purple_Finch_0118_27604.jpg"
1985,"Purple_Finch_0043_28117.jpg"
1986,"Purple_Finch_0106_27607.jpg"
1987,"Purple_Finch_0023_27986.jpg"
1988,"Purple_Finch_0108_28143.jpg"
1989,"Purple_Finch_0067_27431.jpg"
1990,"Purple_Finch_0086_27637.jpg"
1991,"Purple_Finch_0082_27639.jpg"
1992,"Purple_Finch_0036_27641.jpg"
1993,"Northern_Flicker_0072_28678.jpg"
1994,"Northern_Flicker_0036_28681.jpg"
1995,"Northern_Flicker_0041_28697.jpg"
1996,"Northern_Flicker_0093_28700.jpg"
1997,"Northern_Flicker_0094_28726.jpg"
1998,"Northern_Flicker_0075_28729.jpg"
1999,"Northern_Flicker_0034_28740.jpg"
2000,"Northern_Flicker_0021_28741.jpg"
2001,"Northern_Flicker_0037_28751.jpg"
2002,"Northern_Flicker_0050_28284.jpg"
2003,"Northern_Flicker_0091_28799.jpg"
2004,"Northern_Flicker_0006_28290.jpg"
2005,"Northern_Flicker_0135_28291.jpg"
2006,"Northern_Flicker_0099_28312.jpg"
2007,"Northern_Flicker_0132_28313.jpg"
2008,"Northern_Flicker_0084_28318.jpg"
2009,"Northern_Flicker_0105_28836.jpg"
2010,"Northern_Flicker_0068_28330.jpg"
2011,"Northern_Flicker_0035_28332.jpg"
2012,"Northern_Flicker_0078_28338.jpg"
2013,"Northern_Flicker_0077_28341.jpg"
2014,"Northern_Flicker_0055_28344.jpg"
2015,"Northern_Flicker_0086_28360.jpg"
2016,"Northern_Flicker_0104_28371.jpg"
2017,"Northern_Flicker_0085_28378.jpg"
2018,"Northern_Flicker_0123_28381.jpg"
2019,"Northern_Flicker_0004_28854.jpg"
2020,"Northern_Flicker_0100_28898.jpg"
2021,"Northern_Flicker_0046_28391.jpg"
2022,"Northern_Flicker_0054_28913.jpg"
2023,"Northern_Flicker_0111_28402.jpg"
2024,"Northern_Flicker_0136_28918.jpg"
2025,"Northern_Flicker_0139_28419.jpg"
2026,"Northern_Flicker_0095_28938.jpg"
2027,"Northern_Flicker_0022_28952.jpg"
2028,"Northern_Flicker_0106_28441.jpg"
2029,"Northern_Flicker_0053_28445.jpg"
2030,"Northern_Flicker_0045_28805.jpg"
2031,"Northern_Flicker_0131_28962.jpg"
2032,"Northern_Flicker_0124_28966.jpg"
2033,"Northern_Flicker_0011_28466.jpg"
2034,"Northern_Flicker_0138_28476.jpg"
2035,"Northern_Flicker_0125_28485.jpg"
2036,"Northern_Flicker_0059_28488.jpg"
2037,"Northern_Flicker_0090_28491.jpg"
2038,"Northern_Flicker_0118_28500.jpg"
2039,"Northern_Flicker_0108_28502.jpg"
2040,"Northern_Flicker_0129_29022.jpg"
2041,"Northern_Flicker_0024_29041.jpg"
2042,"Northern_Flicker_0008_28591.jpg"
2043,"Northern_Flicker_0044_28592.jpg"
2044,"Northern_Flicker_0110_28602.jpg"
2045,"Northern_Flicker_0016_28603.jpg"
2046,"Northern_Flicker_0057_28606.jpg"
2047,"Northern_Flicker_0096_28623.jpg"
2048,"Northern_Flicker_0079_28630.jpg"
2049,"Northern_Flicker_0127_28411.jpg"
2050,"Northern_Flicker_0069_28924.jpg"
2051,"Northern_Flicker_0051_28650.jpg"
2052,"Northern_Flicker_0107_28667.jpg"
2053,"Acadian_Flycatcher_0066_29190.jpg"
2054,"Acadian_Flycatcher_0033_29195.jpg"
2055,"Acadian_Flycatcher_0067_29197.jpg"
2056,"Acadian_Flycatcher_0010_29199.jpg"
2057,"Acadian_Flycatcher_0022_29145.jpg"
2058,"Acadian_Flycatcher_0016_29217.jpg"
2059,"Acadian_Flycatcher_0013_29232.jpg"
2060,"Acadian_Flycatcher_0070_29150.jpg"
2061,"Acadian_Flycatcher_0009_29155.jpg"
2062,"Acadian_Flycatcher_0036_795577.jpg"
2063,"Acadian_Flycatcher_0069_795579.jpg"
2064,"Acadian_Flycatcher_0030_795591.jpg"
2065,"Acadian_Flycatcher_0020_29069.jpg"
2066,"Acadian_Flycatcher_0065_29070.jpg"
2067,"Acadian_Flycatcher_0051_29077.jpg"
2068,"Acadian_Flycatcher_0056_29086.jpg"
2069,"Acadian_Flycatcher_0003_29094.jpg"
2070,"Acadian_Flycatcher_0059_29102.jpg"
2071,"Acadian_Flycatcher_0054_29113.jpg"
2072,"Acadian_Flycatcher_0015_795578.jpg"
2073,"Acadian_Flycatcher_0043_29115.jpg"
2074,"Acadian_Flycatcher_0049_795580.jpg"
2075,"Acadian_Flycatcher_0031_795582.jpg"
2076,"Acadian_Flycatcher_0034_795583.jpg"
2077,"Acadian_Flycatcher_0064_795584.jpg"
2078,"Acadian_Flycatcher_0063_795585.jpg"
2079,"Acadian_Flycatcher_0045_795587.jpg"
2080,"Acadian_Flycatcher_0068_795590.jpg"
2081,"Acadian_Flycatcher_0042_29127.jpg"
2082,"Acadian_Flycatcher_0019_795592.jpg"
2083,"Acadian_Flycatcher_0047_795593.jpg"
2084,"Acadian_Flycatcher_0021_795594.jpg"
2085,"Acadian_Flycatcher_0006_795595.jpg"
2086,"Acadian_Flycatcher_0046_795596.jpg"
2087,"Acadian_Flycatcher_0017_795598.jpg"
2088,"Acadian_Flycatcher_0008_795599.jpg"
2089,"Acadian_Flycatcher_0007_795600.jpg"
2090,"Acadian_Flycatcher_0058_795602.jpg"
2091,"Acadian_Flycatcher_0072_795603.jpg"
2092,"Acadian_Flycatcher_0060_795604.jpg"
2093,"Acadian_Flycatcher_0041_795605.jpg"
2094,"Acadian_Flycatcher_0039_795606.jpg"
2095,"Acadian_Flycatcher_0014_795607.jpg"
2096,"Acadian_Flycatcher_0050_795608.jpg"
2097,"Acadian_Flycatcher_0055_795609.jpg"
2098,"Acadian_Flycatcher_0052_795610.jpg"
2099,"Acadian_Flycatcher_0028_795611.jpg"
2100,"Acadian_Flycatcher_0012_795612.jpg"
2101,"Acadian_Flycatcher_0038_795616.jpg"
2102,"Acadian_Flycatcher_0035_795618.jpg"
2103,"Acadian_Flycatcher_0053_795620.jpg"
2104,"Acadian_Flycatcher_0005_29157.jpg"
2105,"Acadian_Flycatcher_0032_795622.jpg"
2106,"Acadian_Flycatcher_0004_795623.jpg"
2107,"Acadian_Flycatcher_0044_795624.jpg"
2108,"Acadian_Flycatcher_0071_795627.jpg"
2109,"Acadian_Flycatcher_0073_795628.jpg"
2110,"Acadian_Flycatcher_0040_795629.jpg"
2111,"Acadian_Flycatcher_0024_29173.jpg"
2112,"Great_Crested_Flycatcher_0028_29696.jpg"
2113,"Great_Crested_Flycatcher_0004_29701.jpg"
2114,"Great_Crested_Flycatcher_0108_29712.jpg"
2115,"Great_Crested_Flycatcher_0084_29716.jpg"
2116,"Great_Crested_Flycatcher_0040_29447.jpg"
2117,"Great_Crested_Flycatcher_0038_29533.jpg"
2118,"Great_Crested_Flycatcher_0087_29252.jpg"
2119,"Great_Crested_Flycatcher_0012_29264.jpg"
2120,"Great_Crested_Flycatcher_0119_29778.jpg"
2121,"Great_Crested_Flycatcher_0050_29786.jpg"
2122,"Great_Crested_Flycatcher_0070_29455.jpg"
2123,"Great_Crested_Flycatcher_0007_29280.jpg"
2124,"Great_Crested_Flycatcher_0105_29456.jpg"
2125,"Great_Crested_Flycatcher_0019_29801.jpg"
2126,"Great_Crested_Flycatcher_0124_29294.jpg"
2127,"Great_Crested_Flycatcher_0061_29807.jpg"
2128,"Great_Crested_Flycatcher_0132_29300.jpg"
2129,"Great_Crested_Flycatcher_0139_29302.jpg"
2130,"Great_Crested_Flycatcher_0099_29305.jpg"
2131,"Great_Crested_Flycatcher_0031_29825.jpg"
2132,"Great_Crested_Flycatcher_0133_29314.jpg"
2133,"Great_Crested_Flycatcher_0009_29831.jpg"
2134,"Great_Crested_Flycatcher_0131_29329.jpg"
2135,"Great_Crested_Flycatcher_0073_29330.jpg"
2136,"Great_Crested_Flycatcher_0067_29384.jpg"
2137,"Great_Crested_Flycatcher_0006_29362.jpg"
2138,"Great_Crested_Flycatcher_0085_29812.jpg"
2139,"Great_Crested_Flycatcher_0120_29472.jpg"
2140,"Great_Crested_Flycatcher_0049_29474.jpg"
2141,"Great_Crested_Flycatcher_0010_29396.jpg"
2142,"Great_Crested_Flycatcher_0097_29398.jpg"
2143,"Great_Crested_Flycatcher_0016_29406.jpg"
2144,"Great_Crested_Flycatcher_0068_29416.jpg"
2145,"Great_Crested_Flycatcher_0021_29929.jpg"
2146,"Great_Crested_Flycatcher_0042_29438.jpg"
2147,"Great_Crested_Flycatcher_0082_29445.jpg"
2148,"Great_Crested_Flycatcher_0033_29959.jpg"
2149,"Great_Crested_Flycatcher_0023_29481.jpg"
2150,"Great_Crested_Flycatcher_0044_29995.jpg"
2151,"Great_Crested_Flycatcher_0066_29488.jpg"
2152,"Great_Crested_Flycatcher_0136_29490.jpg"
2153,"Great_Crested_Flycatcher_0013_29496.jpg"
2154,"Great_Crested_Flycatcher_0107_29501.jpg"
2155,"Great_Crested_Flycatcher_0063_29507.jpg"
2156,"Great_Crested_Flycatcher_0024_29516.jpg"
2157,"Great_Crested_Flycatcher_0086_29518.jpg"
2158,"Great_Crested_Flycatcher_0041_29521.jpg"
2159,"Great_Crested_Flycatcher_0058_29523.jpg"
2160,"Great_Crested_Flycatcher_0051_29530.jpg"
2161,"Great_Crested_Flycatcher_0027_29532.jpg"
2162,"Great_Crested_Flycatcher_0111_29543.jpg"
2163,"Great_Crested_Flycatcher_0064_29546.jpg"
2164,"Great_Crested_Flycatcher_0074_29553.jpg"
2165,"Great_Crested_Flycatcher_0092_29583.jpg"
2166,"Great_Crested_Flycatcher_0048_29586.jpg"
2167,"Great_Crested_Flycatcher_0089_29592.jpg"
2168,"Great_Crested_Flycatcher_0125_29593.jpg"
2169,"Great_Crested_Flycatcher_0069_29603.jpg"
2170,"Great_Crested_Flycatcher_0030_29645.jpg"
2171,"Great_Crested_Flycatcher_0036_29693.jpg"
2172,"Least_Flycatcher_0036_30213.jpg"
2173,"Least_Flycatcher_0060_30214.jpg"
2174,"Least_Flycatcher_0001_30221.jpg"
2175,"Least_Flycatcher_0011_30222.jpg"
2176,"Least_Flycatcher_0024_30230.jpg"
2177,"Least_Flycatcher_0096_30233.jpg"
2178,"Least_Flycatcher_0013_30240.jpg"
2179,"Least_Flycatcher_0079_30256.jpg"
2180,"Least_Flycatcher_0006_30262.jpg"
2181,"Least_Flycatcher_0034_30151.jpg"
2182,"Least_Flycatcher_0095_30277.jpg"
2183,"Least_Flycatcher_0015_30280.jpg"
2184,"Least_Flycatcher_0057_30282.jpg"
2185,"Least_Flycatcher_0077_30296.jpg"
2186,"Least_Flycatcher_0009_30303.jpg"
2187,"Least_Flycatcher_0092_30154.jpg"
2188,"Least_Flycatcher_0046_30316.jpg"
2189,"Least_Flycatcher_0085_30318.jpg"
2190,"Least_Flycatcher_0052_30321.jpg"
2191,"Least_Flycatcher_0064_30328.jpg"
2192,"Least_Flycatcher_0100_30338.jpg"
2193,"Least_Flycatcher_0007_30339.jpg"
2194,"Least_Flycatcher_0044_30349.jpg"
2195,"Least_Flycatcher_0023_30352.jpg"
2196,"Least_Flycatcher_0021_30355.jpg"
2197,"Least_Flycatcher_0065_30357.jpg"
2198,"Least_Flycatcher_0019_30358.jpg"
2199,"Least_Flycatcher_0049_30361.jpg"
2200,"Least_Flycatcher_0029_30362.jpg"
2201,"Least_Flycatcher_0040_30366.jpg"
2202,"Least_Flycatcher_0076_30117.jpg"
2203,"Least_Flycatcher_0097_30122.jpg"
2204,"Least_Flycatcher_0087_30123.jpg"
2205,"Least_Flycatcher_0081_30380.jpg"
2206,"Least_Flycatcher_0038_30127.jpg"
2207,"Least_Flycatcher_0062_30131.jpg"
2208,"Least_Flycatcher_0047_30393.jpg"
2209,"Least_Flycatcher_0004_30140.jpg"
2210,"Least_Flycatcher_0067_30397.jpg"
2211,"Least_Flycatcher_0005_30142.jpg"
2212,"Least_Flycatcher_0058_30143.jpg"
2213,"Least_Flycatcher_0032_30146.jpg"
2214,"Least_Flycatcher_0070_30147.jpg"
2215,"Least_Flycatcher_0010_30149.jpg"
2216,"Least_Flycatcher_0059_30152.jpg"
2217,"Least_Flycatcher_0082_30132.jpg"
2218,"Least_Flycatcher_0061_30429.jpg"
2219,"Least_Flycatcher_0045_30174.jpg"
2220,"Least_Flycatcher_0026_30434.jpg"
2221,"Least_Flycatcher_0093_30435.jpg"
2222,"Least_Flycatcher_0075_30441.jpg"
2223,"Least_Flycatcher_0050_30189.jpg"
2224,"Least_Flycatcher_0063_30190.jpg"
2225,"Least_Flycatcher_0033_30449.jpg"
2226,"Least_Flycatcher_0054_30450.jpg"
2227,"Least_Flycatcher_0099_30200.jpg"
2228,"Least_Flycatcher_0080_30457.jpg"
2229,"Least_Flycatcher_0017_30460.jpg"
2230,"Least_Flycatcher_0018_30462.jpg"
2231,"Olive_Sided_Flycatcher_0041_30470.jpg"
2232,"Olive_Sided_Flycatcher_0054_30732.jpg"
2233,"Olive_Sided_Flycatcher_0064_30485.jpg"
2234,"Olive_Sided_Flycatcher_0025_30486.jpg"
2235,"Olive_Sided_Flycatcher_0070_30490.jpg"
2236,"Olive_Sided_Flycatcher_0077_30492.jpg"
2237,"Olive_Sided_Flycatcher_0067_30749.jpg"
2238,"Olive_Sided_Flycatcher_0078_30752.jpg"
2239,"Olive_Sided_Flycatcher_0031_30502.jpg"
2240,"Olive_Sided_Flycatcher_0080_30515.jpg"
2241,"Olive_Sided_Flycatcher_0002_30776.jpg"
2242,"Olive_Sided_Flycatcher_0026_30525.jpg"
2243,"Olive_Sided_Flycatcher_0037_30784.jpg"
2244,"Olive_Sided_Flycatcher_0046_30529.jpg"
2245,"Olive_Sided_Flycatcher_0033_30532.jpg"
2246,"Olive_Sided_Flycatcher_0059_30536.jpg"
2247,"Olive_Sided_Flycatcher_0061_30540.jpg"
2248,"Olive_Sided_Flycatcher_0035_30799.jpg"
2249,"Olive_Sided_Flycatcher_0069_30544.jpg"
2250,"Olive_Sided_Flycatcher_0072_796877.jpg"
2251,"Olive_Sided_Flycatcher_0005_30734.jpg"
2252,"Olive_Sided_Flycatcher_0013_30550.jpg"
2253,"Olive_Sided_Flycatcher_0022_30551.jpg"
2254,"Olive_Sided_Flycatcher_0086_30553.jpg"
2255,"Olive_Sided_Flycatcher_0076_30555.jpg"
2256,"Olive_Sided_Flycatcher_0074_30816.jpg"
2257,"Olive_Sided_Flycatcher_0006_30824.jpg"
2258,"Olive_Sided_Flycatcher_0056_30570.jpg"
2259,"Olive_Sided_Flycatcher_0040_30620.jpg"
2260,"Olive_Sided_Flycatcher_0043_30632.jpg"
2261,"Olive_Sided_Flycatcher_0052_30639.jpg"
2262,"Olive_Sided_Flycatcher_0071_30647.jpg"
2263,"Olive_Sided_Flycatcher_0014_30651.jpg"
2264,"Olive_Sided_Flycatcher_0048_30656.jpg"
2265,"Olive_Sided_Flycatcher_0079_30662.jpg"
2266,"Olive_Sided_Flycatcher_0012_796876.jpg"
2267,"Olive_Sided_Flycatcher_0001_30669.jpg"
2268,"Olive_Sided_Flycatcher_0050_796878.jpg"
2269,"Olive_Sided_Flycatcher_0055_796879.jpg"
2270,"Olive_Sided_Flycatcher_0034_30672.jpg"
2271,"Olive_Sided_Flycatcher_0020_796881.jpg"
2272,"Olive_Sided_Flycatcher_0018_796882.jpg"
2273,"Olive_Sided_Flycatcher_0058_796883.jpg"
2274,"Olive_Sided_Flycatcher_0038_796884.jpg"
2275,"Olive_Sided_Flycatcher_0009_796885.jpg"
2276,"Olive_Sided_Flycatcher_0042_796886.jpg"
2277,"Olive_Sided_Flycatcher_0023_796887.jpg"
2278,"Olive_Sided_Flycatcher_0045_796888.jpg"
2279,"Olive_Sided_Flycatcher_0049_796889.jpg"
2280,"Olive_Sided_Flycatcher_0082_796893.jpg"
2281,"Olive_Sided_Flycatcher_0008_30686.jpg"
2282,"Olive_Sided_Flycatcher_0081_796895.jpg"
2283,"Olive_Sided_Flycatcher_0030_796896.jpg"
2284,"Olive_Sided_Flycatcher_0021_796880.jpg"
2285,"Olive_Sided_Flycatcher_0057_796898.jpg"
2286,"Olive_Sided_Flycatcher_0017_30704.jpg"
2287,"Olive_Sided_Flycatcher_0075_30712.jpg"
2288,"Olive_Sided_Flycatcher_0032_30713.jpg"
2289,"Olive_Sided_Flycatcher_0016_30717.jpg"
2290,"Olive_Sided_Flycatcher_0027_30549.jpg"
2291,"Scissor_Tailed_Flycatcher_0098_41731.jpg"
2292,"Scissor_Tailed_Flycatcher_0096_41733.jpg"
2293,"Scissor_Tailed_Flycatcher_0042_41990.jpg"
2294,"Scissor_Tailed_Flycatcher_0059_41998.jpg"
2295,"Scissor_Tailed_Flycatcher_0044_42002.jpg"
2296,"Scissor_Tailed_Flycatcher_0028_42010.jpg"
2297,"Scissor_Tailed_Flycatcher_0108_42013.jpg"
2298,"Scissor_Tailed_Flycatcher_0094_42018.jpg"
2299,"Scissor_Tailed_Flycatcher_0038_41649.jpg"
2300,"Scissor_Tailed_Flycatcher_0013_42024.jpg"
2301,"Scissor_Tailed_Flycatcher_0035_42025.jpg"
2302,"Scissor_Tailed_Flycatcher_0117_42026.jpg"
2303,"Scissor_Tailed_Flycatcher_0125_41906.jpg"
2304,"Scissor_Tailed_Flycatcher_0026_41774.jpg"
2305,"Scissor_Tailed_Flycatcher_0025_42032.jpg"
2306,"Scissor_Tailed_Flycatcher_0033_41782.jpg"
2307,"Scissor_Tailed_Flycatcher_0055_42051.jpg"
2308,"Scissor_Tailed_Flycatcher_0100_41796.jpg"
2309,"Scissor_Tailed_Flycatcher_0089_41810.jpg"
2310,"Scissor_Tailed_Flycatcher_0118_42067.jpg"
2311,"Scissor_Tailed_Flycatcher_0069_41827.jpg"
2312,"Scissor_Tailed_Flycatcher_0072_42085.jpg"
2313,"Scissor_Tailed_Flycatcher_0085_41830.jpg"
2314,"Scissor_Tailed_Flycatcher_0068_41835.jpg"
2315,"Scissor_Tailed_Flycatcher_0031_41836.jpg"
2316,"Scissor_Tailed_Flycatcher_0121_41843.jpg"
2317,"Scissor_Tailed_Flycatcher_0003_41849.jpg"
2318,"Scissor_Tailed_Flycatcher_0082_41852.jpg"
2319,"Scissor_Tailed_Flycatcher_0076_41597.jpg"
2320,"Scissor_Tailed_Flycatcher_0016_42111.jpg"
2321,"Scissor_Tailed_Flycatcher_0006_41601.jpg"
2322,"Scissor_Tailed_Flycatcher_0019_41936.jpg"
2323,"Scissor_Tailed_Flycatcher_0111_42118.jpg"
2324,"Scissor_Tailed_Flycatcher_0119_41879.jpg"
2325,"Scissor_Tailed_Flycatcher_0110_42136.jpg"
2326,"Scissor_Tailed_Flycatcher_0115_42137.jpg"
2327,"Scissor_Tailed_Flycatcher_0123_41638.jpg"
2328,"Scissor_Tailed_Flycatcher_0004_41643.jpg"
2329,"Scissor_Tailed_Flycatcher_0048_41646.jpg"
2330,"Scissor_Tailed_Flycatcher_0060_41655.jpg"
2331,"Scissor_Tailed_Flycatcher_0007_41917.jpg"
2332,"Scissor_Tailed_Flycatcher_0023_42117.jpg"
2333,"Scissor_Tailed_Flycatcher_0021_41931.jpg"
2334,"Scissor_Tailed_Flycatcher_0008_41670.jpg"
2335,"Scissor_Tailed_Flycatcher_0002_41762.jpg"
2336,"Scissor_Tailed_Flycatcher_0122_41679.jpg"
2337,"Scissor_Tailed_Flycatcher_0020_41680.jpg"
2338,"Scissor_Tailed_Flycatcher_0103_41938.jpg"
2339,"Scissor_Tailed_Flycatcher_0106_41684.jpg"
2340,"Scissor_Tailed_Flycatcher_0077_41688.jpg"
2341,"Scissor_Tailed_Flycatcher_0058_41948.jpg"
2342,"Scissor_Tailed_Flycatcher_0062_41952.jpg"
2343,"Scissor_Tailed_Flycatcher_0126_41905.jpg"
2344,"Scissor_Tailed_Flycatcher_0088_41700.jpg"
2345,"Scissor_Tailed_Flycatcher_0097_41701.jpg"
2346,"Scissor_Tailed_Flycatcher_0114_41704.jpg"
2347,"Scissor_Tailed_Flycatcher_0092_41767.jpg"
2348,"Scissor_Tailed_Flycatcher_0012_41853.jpg"
2349,"Scissor_Tailed_Flycatcher_0109_41720.jpg"
2350,"Scissor_Tailed_Flycatcher_0005_41727.jpg"
2351,"Vermilion_Flycatcher_0019_42241.jpg"
2352,"Vermilion_Flycatcher_0020_42498.jpg"
2353,"Vermilion_Flycatcher_0069_42502.jpg"
2354,"Vermilion_Flycatcher_0025_42248.jpg"
2355,"Vermilion_Flycatcher_0070_42250.jpg"
2356,"Vermilion_Flycatcher_0012_42253.jpg"
2357,"Vermilion_Flycatcher_0059_42261.jpg"
2358,"Vermilion_Flycatcher_0038_42262.jpg"
2359,"Vermilion_Flycatcher_0042_42266.jpg"
2360,"Vermilion_Flycatcher_0030_42523.jpg"
2361,"Vermilion_Flycatcher_0014_42533.jpg"
2362,"Vermilion_Flycatcher_0068_42535.jpg"
2363,"Vermilion_Flycatcher_0035_42282.jpg"
2364,"Vermilion_Flycatcher_0060_42293.jpg"
2365,"Vermilion_Flycatcher_0052_42551.jpg"
2366,"Vermilion_Flycatcher_0062_42552.jpg"
2367,"Vermilion_Flycatcher_0048_42298.jpg"
2368,"Vermilion_Flycatcher_0024_42506.jpg"
2369,"Vermilion_Flycatcher_0022_42559.jpg"
2370,"Vermilion_Flycatcher_0044_42305.jpg"
2371,"Vermilion_Flycatcher_0057_42562.jpg"
2372,"Vermilion_Flycatcher_0006_42564.jpg"
2373,"Vermilion_Flycatcher_0023_42565.jpg"
2374,"Vermilion_Flycatcher_0058_42311.jpg"
2375,"Vermilion_Flycatcher_0003_42316.jpg"
2376,"Vermilion_Flycatcher_0073_42573.jpg"
2377,"Vermilion_Flycatcher_0011_42554.jpg"
2378,"Vermilion_Flycatcher_0033_42522.jpg"
2379,"Vermilion_Flycatcher_0018_42474.jpg"
2380,"Vermilion_Flycatcher_0026_42375.jpg"
2381,"Vermilion_Flycatcher_0021_42378.jpg"
2382,"Vermilion_Flycatcher_0049_42380.jpg"
2383,"Vermilion_Flycatcher_0027_42388.jpg"
2384,"Vermilion_Flycatcher_0036_42389.jpg"
2385,"Vermilion_Flycatcher_0002_42390.jpg"
2386,"Vermilion_Flycatcher_0004_42395.jpg"
2387,"Vermilion_Flycatcher_0061_42397.jpg"
2388,"Vermilion_Flycatcher_0040_42398.jpg"
2389,"Vermilion_Flycatcher_0017_42407.jpg"
2390,"Vermilion_Flycatcher_0039_42423.jpg"
2391,"Vermilion_Flycatcher_0034_42356.jpg"
2392,"Vermilion_Flycatcher_0071_42429.jpg"
2393,"Vermilion_Flycatcher_0063_42179.jpg"
2394,"Vermilion_Flycatcher_0043_42182.jpg"
2395,"Vermilion_Flycatcher_0053_42184.jpg"
2396,"Vermilion_Flycatcher_0067_42185.jpg"
2397,"Vermilion_Flycatcher_0055_42442.jpg"
2398,"Vermilion_Flycatcher_0016_42196.jpg"
2399,"Vermilion_Flycatcher_0028_42197.jpg"
2400,"Vermilion_Flycatcher_0031_42201.jpg"
2401,"Vermilion_Flycatcher_0054_42210.jpg"
2402,"Vermilion_Flycatcher_0065_42467.jpg"
2403,"Vermilion_Flycatcher_0007_42214.jpg"
2404,"Vermilion_Flycatcher_0032_42216.jpg"
2405,"Vermilion_Flycatcher_0072_42218.jpg"
2406,"Vermilion_Flycatcher_0045_42219.jpg"
2407,"Vermilion_Flycatcher_0005_42478.jpg"
2408,"Vermilion_Flycatcher_0050_42479.jpg"
2409,"Vermilion_Flycatcher_0047_42488.jpg"
2410,"Vermilion_Flycatcher_0009_42234.jpg"
2411,"Yellow_Bellied_Flycatcher_0013_42769.jpg"
2412,"Yellow_Bellied_Flycatcher_0050_42598.jpg"
2413,"Yellow_Bellied_Flycatcher_0036_42591.jpg"
2414,"Yellow_Bellied_Flycatcher_0035_795464.jpg"
2415,"Yellow_Bellied_Flycatcher_0040_795465.jpg"
2416,"Yellow_Bellied_Flycatcher_0064_795466.jpg"
2417,"Yellow_Bellied_Flycatcher_0047_795468.jpg"
2418,"Yellow_Bellied_Flycatcher_0012_795469.jpg"
2419,"Yellow_Bellied_Flycatcher_0051_795470.jpg"
2420,"Yellow_Bellied_Flycatcher_0045_42575.jpg"
2421,"Yellow_Bellied_Flycatcher_0021_795472.jpg"
2422,"Yellow_Bellied_Flycatcher_0006_795473.jpg"
2423,"Yellow_Bellied_Flycatcher_0032_42578.jpg"
2424,"Yellow_Bellied_Flycatcher_0031_42580.jpg"
2425,"Yellow_Bellied_Flycatcher_0038_795477.jpg"
2426,"Yellow_Bellied_Flycatcher_0023_795478.jpg"
2427,"Yellow_Bellied_Flycatcher_0061_795479.jpg"
2428,"Yellow_Bellied_Flycatcher_0044_795480.jpg"
2429,"Yellow_Bellied_Flycatcher_0020_795482.jpg"
2430,"Yellow_Bellied_Flycatcher_0029_795483.jpg"
2431,"Yellow_Bellied_Flycatcher_0025_795484.jpg"
2432,"Yellow_Bellied_Flycatcher_0057_795485.jpg"
2433,"Yellow_Bellied_Flycatcher_0003_795487.jpg"
2434,"Yellow_Bellied_Flycatcher_0001_795488.jpg"
2435,"Yellow_Bellied_Flycatcher_0026_795489.jpg"
2436,"Yellow_Bellied_Flycatcher_0017_795490.jpg"
2437,"Yellow_Bellied_Flycatcher_0007_795491.jpg"
2438,"Yellow_Bellied_Flycatcher_0053_795493.jpg"
2439,"Yellow_Bellied_Flycatcher_0018_795494.jpg"
2440,"Yellow_Bellied_Flycatcher_0010_795498.jpg"
2441,"Yellow_Bellied_Flycatcher_0037_795500.jpg"
2442,"Yellow_Bellied_Flycatcher_0015_795504.jpg"
2443,"Yellow_Bellied_Flycatcher_0048_795505.jpg"
2444,"Yellow_Bellied_Flycatcher_0055_795507.jpg"
2445,"Yellow_Bellied_Flycatcher_0046_795508.jpg"
2446,"Yellow_Bellied_Flycatcher_0009_795510.jpg"
2447,"Yellow_Bellied_Flycatcher_0034_795511.jpg"
2448,"Yellow_Bellied_Flycatcher_0019_795512.jpg"
2449,"Yellow_Bellied_Flycatcher_0004_795513.jpg"
2450,"Yellow_Bellied_Flycatcher_0066_795514.jpg"
2451,"Yellow_Bellied_Flycatcher_0052_42621.jpg"
2452,"Yellow_Bellied_Flycatcher_0005_42627.jpg"
2453,"Yellow_Bellied_Flycatcher_0065_42635.jpg"
2454,"Yellow_Bellied_Flycatcher_0028_42639.jpg"
2455,"Yellow_Bellied_Flycatcher_0049_42593.jpg"
2456,"Yellow_Bellied_Flycatcher_0027_42649.jpg"
2457,"Yellow_Bellied_Flycatcher_0014_42608.jpg"
2458,"Yellow_Bellied_Flycatcher_0062_42693.jpg"
2459,"Yellow_Bellied_Flycatcher_0033_42695.jpg"
2460,"Yellow_Bellied_Flycatcher_0068_42701.jpg"
2461,"Yellow_Bellied_Flycatcher_0008_42703.jpg"
2462,"Yellow_Bellied_Flycatcher_0063_42704.jpg"
2463,"Yellow_Bellied_Flycatcher_0024_42616.jpg"
2464,"Yellow_Bellied_Flycatcher_0060_42595.jpg"
2465,"Yellow_Bellied_Flycatcher_0054_42709.jpg"
2466,"Yellow_Bellied_Flycatcher_0039_795471.jpg"
2467,"Yellow_Bellied_Flycatcher_0041_42719.jpg"
2468,"Yellow_Bellied_Flycatcher_0011_42734.jpg"
2469,"Yellow_Bellied_Flycatcher_0016_795476.jpg"
2470,"Frigatebird_0089_43013.jpg"
2471,"Frigatebird_0057_43016.jpg"
2472,"Frigatebird_0054_43019.jpg"
2473,"Frigatebird_0069_43541.jpg"
2474,"Frigatebird_0074_43035.jpg"
2475,"Frigatebird_0122_43549.jpg"
2476,"Frigatebird_0073_43038.jpg"
2477,"Frigatebird_0047_43039.jpg"
2478,"Frigatebird_0119_43042.jpg"
2479,"Frigatebird_0051_43043.jpg"
2480,"Frigatebird_0049_43044.jpg"
2481,"Frigatebird_0034_43053.jpg"
2482,"Frigatebird_0060_43054.jpg"
2483,"Frigatebird_0097_43567.jpg"
2484,"Frigatebird_0008_43058.jpg"
2485,"Frigatebird_0096_43571.jpg"
2486,"Frigatebird_0012_43062.jpg"
2487,"Frigatebird_0080_43064.jpg"
2488,"Frigatebird_0091_43066.jpg"
2489,"Frigatebird_0050_43084.jpg"
2490,"Frigatebird_0001_43101.jpg"
2491,"Frigatebird_0023_43110.jpg"
2492,"Frigatebird_0015_43132.jpg"
2493,"Frigatebird_0016_43159.jpg"
2494,"Frigatebird_0129_43183.jpg"
2495,"Frigatebird_0118_43189.jpg"
2496,"Frigatebird_0062_43193.jpg"
2497,"Frigatebird_0088_43201.jpg"
2498,"Frigatebird_0092_43206.jpg"
2499,"Frigatebird_0098_43207.jpg"
2500,"Frigatebird_0011_43213.jpg"
2501,"Frigatebird_0053_43220.jpg"
2502,"Frigatebird_0004_43221.jpg"
2503,"Frigatebird_0058_43251.jpg"
2504,"Frigatebird_0107_42773.jpg"
2505,"Frigatebird_0081_42779.jpg"
2506,"Frigatebird_0095_42785.jpg"
2507,"Frigatebird_0120_43300.jpg"
2508,"Frigatebird_0121_42791.jpg"
2509,"Frigatebird_0068_42795.jpg"
2510,"Frigatebird_0114_42807.jpg"
2511,"Frigatebird_0063_42812.jpg"
2512,"Frigatebird_0045_42823.jpg"
2513,"Frigatebird_0005_42828.jpg"
2514,"Frigatebird_0019_43348.jpg"
2515,"Frigatebird_0059_42838.jpg"
2516,"Frigatebird_0040_42860.jpg"
2517,"Frigatebird_0006_43381.jpg"
2518,"Frigatebird_0112_43394.jpg"
2519,"Frigatebird_0116_43410.jpg"
2520,"Frigatebird_0052_43411.jpg"
2521,"Frigatebird_0035_43420.jpg"
2522,"Frigatebird_0021_42913.jpg"
2523,"Frigatebird_0022_43457.jpg"
2524,"Frigatebird_0115_42973.jpg"
2525,"Frigatebird_0031_42979.jpg"
2526,"Frigatebird_0082_42989.jpg"
2527,"Frigatebird_0084_43006.jpg"
2528,"Frigatebird_0090_43511.jpg"
2529,"Frigatebird_0070_43516.jpg"
2530,"Northern_Fulmar_0029_44049.jpg"
2531,"Northern_Fulmar_0033_43794.jpg"
2532,"Northern_Fulmar_0103_44062.jpg"
2533,"Northern_Fulmar_0023_43809.jpg"
2534,"Northern_Fulmar_0060_43813.jpg"
2535,"Northern_Fulmar_0065_44081.jpg"
2536,"Northern_Fulmar_0074_43955.jpg"
2537,"Northern_Fulmar_0098_43578.jpg"
2538,"Northern_Fulmar_0045_43581.jpg"
2539,"Northern_Fulmar_0050_43839.jpg"
2540,"Northern_Fulmar_0053_43843.jpg"
2541,"Northern_Fulmar_0038_43846.jpg"
2542,"Northern_Fulmar_0019_43853.jpg"
2543,"Northern_Fulmar_0079_43599.jpg"
2544,"Northern_Fulmar_0010_44112.jpg"
2545,"Northern_Fulmar_0058_44114.jpg"
2546,"Northern_Fulmar_0095_43860.jpg"
2547,"Northern_Fulmar_0091_44120.jpg"
2548,"Northern_Fulmar_0097_43865.jpg"
2549,"Northern_Fulmar_0090_43867.jpg"
2550,"Northern_Fulmar_0083_43618.jpg"
2551,"Northern_Fulmar_0012_44131.jpg"
2552,"Northern_Fulmar_0056_43880.jpg"
2553,"Northern_Fulmar_0063_43631.jpg"
2554,"Northern_Fulmar_0076_43893.jpg"
2555,"Northern_Fulmar_0014_43895.jpg"
2556,"Northern_Fulmar_0008_43647.jpg"
2557,"Northern_Fulmar_0049_43906.jpg"
2558,"Northern_Fulmar_0061_43653.jpg"
2559,"Northern_Fulmar_0096_43654.jpg"
2560,"Northern_Fulmar_0081_43912.jpg"
2561,"Northern_Fulmar_0015_43658.jpg"
2562,"Northern_Fulmar_0070_43916.jpg"
2563,"Northern_Fulmar_0041_44013.jpg"
2564,"Northern_Fulmar_0048_43672.jpg"
2565,"Northern_Fulmar_0043_43685.jpg"
2566,"Northern_Fulmar_0039_43689.jpg"
2567,"Northern_Fulmar_0071_44146.jpg"
2568,"Northern_Fulmar_0047_43698.jpg"
2569,"Northern_Fulmar_0016_43958.jpg"
2570,"Northern_Fulmar_0027_43705.jpg"
2571,"Northern_Fulmar_0064_43710.jpg"
2572,"Northern_Fulmar_0037_43712.jpg"
2573,"Northern_Fulmar_0066_43714.jpg"
2574,"Northern_Fulmar_0036_43718.jpg"
2575,"Northern_Fulmar_0077_43730.jpg"
2576,"Northern_Fulmar_0100_43732.jpg"
2577,"Northern_Fulmar_0042_43739.jpg"
2578,"Northern_Fulmar_0021_43743.jpg"
2579,"Northern_Fulmar_0078_43985.jpg"
2580,"Northern_Fulmar_0001_43749.jpg"
2581,"Northern_Fulmar_0031_43750.jpg"
2582,"Northern_Fulmar_0052_43857.jpg"
2583,"Northern_Fulmar_0028_43752.jpg"
2584,"Northern_Fulmar_0006_43753.jpg"
2585,"Northern_Fulmar_0004_43755.jpg"
2586,"Northern_Fulmar_0099_44015.jpg"
2587,"Northern_Fulmar_0046_43760.jpg"
2588,"Northern_Fulmar_0011_43769.jpg"
2589,"Northern_Fulmar_0018_43771.jpg"
2590,"Gadwall_0022_31616.jpg"
2591,"Gadwall_0001_31235.jpg"
2592,"Gadwall_0019_30984.jpg"
2593,"Gadwall_0035_30985.jpg"
2594,"Gadwall_0058_31660.jpg"
2595,"Gadwall_0036_31760.jpg"
2596,"Gadwall_0080_31747.jpg"
2597,"Gadwall_0039_31013.jpg"
2598,"Gadwall_0017_30979.jpg"
2599,"Gadwall_0040_31788.jpg"
2600,"Gadwall_0007_31537.jpg"
2601,"Gadwall_0042_31411.jpg"
2602,"Gadwall_0069_31291.jpg"
2603,"Gadwall_0004_31669.jpg"
2604,"Gadwall_0082_31301.jpg"
2605,"Gadwall_0096_31560.jpg"
2606,"Gadwall_0079_31052.jpg"
2607,"Gadwall_0087_31821.jpg"
2608,"Gadwall_0048_31312.jpg"
2609,"Gadwall_0014_31570.jpg"
2610,"Gadwall_0041_31064.jpg"
2611,"Gadwall_0092_31162.jpg"
2612,"Gadwall_0064_31504.jpg"
2613,"Gadwall_0009_31847.jpg"
2614,"Gadwall_0088_31854.jpg"
2615,"Gadwall_0030_31855.jpg"
2616,"Gadwall_0086_31346.jpg"
2617,"Gadwall_0047_31360.jpg"
2618,"Gadwall_0028_31623.jpg"
2619,"Gadwall_0085_31171.jpg"
2620,"Gadwall_0029_31637.jpg"
2621,"Gadwall_0076_31639.jpg"
2622,"Gadwall_0059_31646.jpg"
2623,"Gadwall_0066_31557.jpg"
2624,"Gadwall_0068_30886.jpg"
2625,"Gadwall_0075_30892.jpg"
2626,"Gadwall_0097_30893.jpg"
2627,"Gadwall_0093_30898.jpg"
2628,"Gadwall_0010_31158.jpg"
2629,"Gadwall_0084_31135.jpg"
2630,"Gadwall_0095_30911.jpg"
2631,"Gadwall_0055_30912.jpg"
2632,"Gadwall_0065_31659.jpg"
2633,"Gadwall_0052_30915.jpg"
2634,"Gadwall_0060_31686.jpg"
2635,"Gadwall_0012_30920.jpg"
2636,"Gadwall_0050_31223.jpg"
2637,"Gadwall_0005_30924.jpg"
2638,"Gadwall_0077_30929.jpg"
2639,"Gadwall_0070_31187.jpg"
2640,"Gadwall_0025_30933.jpg"
2641,"Gadwall_0031_30935.jpg"
2642,"Gadwall_0049_30936.jpg"
2643,"Gadwall_0091_30941.jpg"
2644,"Gadwall_0024_30942.jpg"
2645,"Gadwall_0071_31655.jpg"
2646,"Gadwall_0034_31212.jpg"
2647,"Gadwall_0083_30959.jpg"
2648,"Gadwall_0027_30966.jpg"
2649,"Gadwall_0013_31020.jpg"
2650,"American_Goldfinch_0074_32265.jpg"
2651,"American_Goldfinch_0017_32272.jpg"
2652,"American_Goldfinch_0136_32277.jpg"
2653,"American_Goldfinch_0061_32281.jpg"
2654,"American_Goldfinch_0133_32802.jpg"
2655,"American_Goldfinch_0084_32295.jpg"
2656,"American_Goldfinch_0001_32306.jpg"
2657,"American_Goldfinch_0040_32323.jpg"
2658,"American_Goldfinch_0018_32324.jpg"
2659,"American_Goldfinch_0128_32333.jpg"
2660,"American_Goldfinch_0012_32338.jpg"
2661,"American_Goldfinch_0053_32359.jpg"
2662,"American_Goldfinch_0115_32362.jpg"
2663,"American_Goldfinch_0087_32363.jpg"
2664,"American_Goldfinch_0048_32885.jpg"
2665,"American_Goldfinch_0135_32107.jpg"
2666,"American_Goldfinch_0096_31876.jpg"
2667,"American_Goldfinch_0092_32910.jpg"
2668,"American_Goldfinch_0086_31887.jpg"
2669,"American_Goldfinch_0049_31889.jpg"
2670,"American_Goldfinch_0082_31890.jpg"
2671,"American_Goldfinch_0090_31893.jpg"
2672,"American_Goldfinch_0134_32409.jpg"
2673,"American_Goldfinch_0004_31903.jpg"
2674,"American_Goldfinch_0036_31910.jpg"
2675,"American_Goldfinch_0050_31913.jpg"
2676,"American_Goldfinch_0062_31921.jpg"
2677,"American_Goldfinch_0032_31922.jpg"
2678,"American_Goldfinch_0034_32371.jpg"
2679,"American_Goldfinch_0091_31938.jpg"
2680,"American_Goldfinch_0116_31943.jpg"
2681,"American_Goldfinch_0108_32974.jpg"
2682,"American_Goldfinch_0126_32480.jpg"
2683,"American_Goldfinch_0041_31969.jpg"
2684,"American_Goldfinch_0045_31974.jpg"
2685,"American_Goldfinch_0042_31979.jpg"
2686,"American_Goldfinch_0043_31993.jpg"
2687,"American_Goldfinch_0111_32022.jpg"
2688,"American_Goldfinch_0104_32540.jpg"
2689,"American_Goldfinch_0123_32505.jpg"
2690,"American_Goldfinch_0037_32071.jpg"
2691,"American_Goldfinch_0131_32911.jpg"
2692,"American_Goldfinch_0046_32105.jpg"
2693,"American_Goldfinch_0107_32618.jpg"
2694,"American_Goldfinch_0022_32111.jpg"
2695,"American_Goldfinch_0129_32625.jpg"
2696,"American_Goldfinch_0064_32142.jpg"
2697,"American_Goldfinch_0089_32152.jpg"
2698,"American_Goldfinch_0014_32154.jpg"
2699,"American_Goldfinch_0056_32169.jpg"
2700,"American_Goldfinch_0106_32182.jpg"
2701,"American_Goldfinch_0100_32183.jpg"
2702,"American_Goldfinch_0122_32186.jpg"
2703,"American_Goldfinch_0118_32210.jpg"
2704,"American_Goldfinch_0121_32725.jpg"
2705,"American_Goldfinch_0029_32218.jpg"
2706,"American_Goldfinch_0026_32222.jpg"
2707,"American_Goldfinch_0103_32225.jpg"
2708,"American_Goldfinch_0003_32236.jpg"
2709,"American_Goldfinch_0105_32238.jpg"
2710,"European_Goldfinch_0073_794633.jpg"
2711,"European_Goldfinch_0104_794634.jpg"
2712,"European_Goldfinch_0067_794637.jpg"
2713,"European_Goldfinch_0017_794638.jpg"
2714,"European_Goldfinch_0053_794639.jpg"
2715,"European_Goldfinch_0036_794642.jpg"
2716,"European_Goldfinch_0040_794643.jpg"
2717,"European_Goldfinch_0020_794644.jpg"
2718,"European_Goldfinch_0041_794645.jpg"
2719,"European_Goldfinch_0012_794646.jpg"
2720,"European_Goldfinch_0025_794647.jpg"
2721,"European_Goldfinch_0090_794648.jpg"
2722,"European_Goldfinch_0088_794651.jpg"
2723,"European_Goldfinch_0093_794653.jpg"
2724,"European_Goldfinch_0107_794655.jpg"
2725,"European_Goldfinch_0048_794656.jpg"
2726,"European_Goldfinch_0004_33313.jpg"
2727,"European_Goldfinch_0075_794660.jpg"
2728,"European_Goldfinch_0006_794661.jpg"
2729,"European_Goldfinch_0103_794664.jpg"
2730,"European_Goldfinch_0058_794665.jpg"
2731,"European_Goldfinch_0080_33322.jpg"
2732,"European_Goldfinch_0064_794670.jpg"
2733,"European_Goldfinch_0092_794671.jpg"
2734,"European_Goldfinch_0014_794672.jpg"
2735,"European_Goldfinch_0094_794673.jpg"
2736,"European_Goldfinch_0022_794674.jpg"
2737,"European_Goldfinch_0038_794675.jpg"
2738,"European_Goldfinch_0047_33332.jpg"
2739,"European_Goldfinch_0032_794679.jpg"
2740,"European_Goldfinch_0085_794682.jpg"
2741,"European_Goldfinch_0100_794685.jpg"
2742,"European_Goldfinch_0013_794687.jpg"
2743,"European_Goldfinch_0097_794688.jpg"
2744,"European_Goldfinch_0077_33346.jpg"
2745,"European_Goldfinch_0074_33348.jpg"
2746,"European_Goldfinch_0087_794693.jpg"
2747,"European_Goldfinch_0030_33357.jpg"
2748,"European_Goldfinch_0068_33359.jpg"
2749,"European_Goldfinch_0052_33082.jpg"
2750,"European_Goldfinch_0101_33127.jpg"
2751,"European_Goldfinch_0070_33084.jpg"
2752,"European_Goldfinch_0106_33298.jpg"
2753,"European_Goldfinch_0037_33149.jpg"
2754,"European_Goldfinch_0098_33152.jpg"
2755,"European_Goldfinch_0008_33153.jpg"
2756,"European_Goldfinch_0045_794690.jpg"
2757,"European_Goldfinch_0054_33169.jpg"
2758,"European_Goldfinch_0078_33170.jpg"
2759,"European_Goldfinch_0076_33173.jpg"
2760,"European_Goldfinch_0108_33176.jpg"
2761,"European_Goldfinch_0081_33259.jpg"
2762,"European_Goldfinch_0046_33307.jpg"
2763,"European_Goldfinch_0011_794676.jpg"
2764,"European_Goldfinch_0062_794657.jpg"
2765,"European_Goldfinch_0084_33147.jpg"
2766,"European_Goldfinch_0034_33256.jpg"
2767,"European_Goldfinch_0005_33263.jpg"
2768,"European_Goldfinch_0003_33066.jpg"
2769,"European_Goldfinch_0089_33279.jpg"
2770,"Boat_Tailed_Grackle_0096_33801.jpg"
2771,"Boat_Tailed_Grackle_0073_33723.jpg"
2772,"Boat_Tailed_Grackle_0089_33807.jpg"
2773,"Boat_Tailed_Grackle_0116_33808.jpg"
2774,"Boat_Tailed_Grackle_0066_33368.jpg"
2775,"Boat_Tailed_Grackle_0086_33818.jpg"
2776,"Boat_Tailed_Grackle_0095_33568.jpg"
2777,"Boat_Tailed_Grackle_0117_33576.jpg"
2778,"Boat_Tailed_Grackle_0075_33839.jpg"
2779,"Boat_Tailed_Grackle_0112_33841.jpg"
2780,"Boat_Tailed_Grackle_0060_33589.jpg"
2781,"Boat_Tailed_Grackle_0126_33593.jpg"
2782,"Boat_Tailed_Grackle_0051_33600.jpg"
2783,"Boat_Tailed_Grackle_0004_33858.jpg"
2784,"Boat_Tailed_Grackle_0083_33590.jpg"
2785,"Boat_Tailed_Grackle_0125_33867.jpg"
2786,"Boat_Tailed_Grackle_0070_33612.jpg"
2787,"Boat_Tailed_Grackle_0030_33615.jpg"
2788,"Boat_Tailed_Grackle_0028_33777.jpg"
2789,"Boat_Tailed_Grackle_0087_33369.jpg"
2790,"Boat_Tailed_Grackle_0009_33373.jpg"
2791,"Boat_Tailed_Grackle_0056_33649.jpg"
2792,"Boat_Tailed_Grackle_0054_33633.jpg"
2793,"Boat_Tailed_Grackle_0043_33595.jpg"
2794,"Boat_Tailed_Grackle_0085_33384.jpg"
2795,"Boat_Tailed_Grackle_0068_33387.jpg"
2796,"Boat_Tailed_Grackle_0024_33393.jpg"
2797,"Boat_Tailed_Grackle_0062_33650.jpg"
2798,"Boat_Tailed_Grackle_0041_33396.jpg"
2799,"Boat_Tailed_Grackle_0108_33398.jpg"
2800,"Boat_Tailed_Grackle_0040_33417.jpg"
2801,"Boat_Tailed_Grackle_0052_33676.jpg"
2802,"Boat_Tailed_Grackle_0049_33422.jpg"
2803,"Boat_Tailed_Grackle_0065_33423.jpg"
2804,"Boat_Tailed_Grackle_0069_33685.jpg"
2805,"Boat_Tailed_Grackle_0019_33687.jpg"
2806,"Boat_Tailed_Grackle_0088_33448.jpg"
2807,"Boat_Tailed_Grackle_0099_33455.jpg"
2808,"Boat_Tailed_Grackle_0123_33695.jpg"
2809,"Boat_Tailed_Grackle_0100_33985.jpg"
2810,"Boat_Tailed_Grackle_0101_33611.jpg"
2811,"Boat_Tailed_Grackle_0017_33480.jpg"
2812,"Boat_Tailed_Grackle_0014_33485.jpg"
2813,"Boat_Tailed_Grackle_0012_33998.jpg"
2814,"Boat_Tailed_Grackle_0027_33743.jpg"
2815,"Boat_Tailed_Grackle_0082_33488.jpg"
2816,"Boat_Tailed_Grackle_0113_33490.jpg"
2817,"Boat_Tailed_Grackle_0063_33492.jpg"
2818,"Boat_Tailed_Grackle_0035_33750.jpg"
2819,"Boat_Tailed_Grackle_0047_33500.jpg"
2820,"Boat_Tailed_Grackle_0050_33501.jpg"
2821,"Boat_Tailed_Grackle_0097_33759.jpg"
2822,"Boat_Tailed_Grackle_0091_33504.jpg"
2823,"Boat_Tailed_Grackle_0011_34020.jpg"
2824,"Boat_Tailed_Grackle_0122_34023.jpg"
2825,"Boat_Tailed_Grackle_0016_33770.jpg"
2826,"Boat_Tailed_Grackle_0055_33774.jpg"
2827,"Boat_Tailed_Grackle_0067_34032.jpg"
2828,"Boat_Tailed_Grackle_0033_33524.jpg"
2829,"Boat_Tailed_Grackle_0105_33663.jpg"
2830,"Eared_Grebe_0036_34048.jpg"
2831,"Eared_Grebe_0065_34049.jpg"
2832,"Eared_Grebe_0068_34052.jpg"
2833,"Eared_Grebe_0023_34309.jpg"
2834,"Eared_Grebe_0063_34054.jpg"
2835,"Eared_Grebe_0071_34311.jpg"
2836,"Eared_Grebe_0085_34063.jpg"
2837,"Eared_Grebe_0086_34064.jpg"
2838,"Eared_Grebe_0038_34321.jpg"
2839,"Eared_Grebe_0032_34078.jpg"
2840,"Eared_Grebe_0053_34084.jpg"
2841,"Eared_Grebe_0027_34341.jpg"
2842,"Eared_Grebe_0079_34342.jpg"
2843,"Eared_Grebe_0006_34347.jpg"
2844,"Eared_Grebe_0056_34098.jpg"
2845,"Eared_Grebe_0049_34100.jpg"
2846,"Eared_Grebe_0018_34357.jpg"
2847,"Eared_Grebe_0084_34364.jpg"
2848,"Eared_Grebe_0075_34115.jpg"
2849,"Eared_Grebe_0026_34383.jpg"
2850,"Eared_Grebe_0020_34131.jpg"
2851,"Eared_Grebe_0042_34132.jpg"
2852,"Eared_Grebe_0060_34133.jpg"
2853,"Eared_Grebe_0035_34137.jpg"
2854,"Eared_Grebe_0017_34139.jpg"
2855,"Eared_Grebe_0034_34142.jpg"
2856,"Eared_Grebe_0013_34150.jpg"
2857,"Eared_Grebe_0061_34407.jpg"
2858,"Eared_Grebe_0081_34153.jpg"
2859,"Eared_Grebe_0010_34151.jpg"
2860,"Eared_Grebe_0041_34157.jpg"
2861,"Eared_Grebe_0067_34416.jpg"
2862,"Eared_Grebe_0037_34169.jpg"
2863,"Eared_Grebe_0043_34427.jpg"
2864,"Eared_Grebe_0073_34172.jpg"
2865,"Eared_Grebe_0058_34174.jpg"
2866,"Eared_Grebe_0048_34175.jpg"
2867,"Eared_Grebe_0001_34433.jpg"
2868,"Eared_Grebe_0069_34199.jpg"
2869,"Eared_Grebe_0047_34204.jpg"
2870,"Eared_Grebe_0052_34205.jpg"
2871,"Eared_Grebe_0051_34209.jpg"
2872,"Eared_Grebe_0045_34212.jpg"
2873,"Eared_Grebe_0054_34289.jpg"
2874,"Eared_Grebe_0080_34223.jpg"
2875,"Eared_Grebe_0082_34227.jpg"
2876,"Eared_Grebe_0016_34334.jpg"
2877,"Eared_Grebe_0015_34231.jpg"
2878,"Eared_Grebe_0007_34236.jpg"
2879,"Eared_Grebe_0074_34238.jpg"
2880,"Eared_Grebe_0009_34244.jpg"
2881,"Eared_Grebe_0062_34249.jpg"
2882,"Eared_Grebe_0064_34251.jpg"
2883,"Eared_Grebe_0039_34257.jpg"
2884,"Eared_Grebe_0029_34258.jpg"
2885,"Eared_Grebe_0031_34262.jpg"
2886,"Eared_Grebe_0040_34340.jpg"
2887,"Eared_Grebe_0057_34274.jpg"
2888,"Eared_Grebe_0004_34277.jpg"
2889,"Eared_Grebe_0025_34344.jpg"
2890,"Horned_Grebe_0017_35073.jpg"
2891,"Horned_Grebe_0103_34822.jpg"
2892,"Horned_Grebe_0050_34561.jpg"
2893,"Horned_Grebe_0058_34568.jpg"
2894,"Horned_Grebe_0055_35104.jpg"
2895,"Horned_Grebe_0002_34577.jpg"
2896,"Horned_Grebe_0076_34841.jpg"
2897,"Horned_Grebe_0077_34587.jpg"
2898,"Horned_Grebe_0057_34590.jpg"
2899,"Horned_Grebe_0039_34848.jpg"
2900,"Horned_Grebe_0071_35078.jpg"
2901,"Horned_Grebe_0106_35112.jpg"
2902,"Horned_Grebe_0045_34859.jpg"
2903,"Horned_Grebe_0112_34864.jpg"
2904,"Horned_Grebe_0061_34613.jpg"
2905,"Horned_Grebe_0031_34626.jpg"
2906,"Horned_Grebe_0051_35143.jpg"
2907,"Horned_Grebe_0090_34640.jpg"
2908,"Horned_Grebe_0067_34654.jpg"
2909,"Horned_Grebe_0005_34657.jpg"
2910,"Horned_Grebe_0098_34662.jpg"
2911,"Horned_Grebe_0046_34926.jpg"
2912,"Horned_Grebe_0086_34749.jpg"
2913,"Horned_Grebe_0084_34936.jpg"
2914,"Horned_Grebe_0072_34497.jpg"
2915,"Horned_Grebe_0009_34952.jpg"
2916,"Horned_Grebe_0102_34448.jpg"
2917,"Horned_Grebe_0096_34452.jpg"
2918,"Horned_Grebe_0063_34966.jpg"
2919,"Horned_Grebe_0014_34968.jpg"
2920,"Horned_Grebe_0085_34713.jpg"
2921,"Horned_Grebe_0100_34462.jpg"
2922,"Horned_Grebe_0093_34720.jpg"
2923,"Horned_Grebe_0001_34723.jpg"
2924,"Horned_Grebe_0082_34725.jpg"
2925,"Horned_Grebe_0003_34983.jpg"
2926,"Horned_Grebe_0010_34716.jpg"
2927,"Horned_Grebe_0101_35203.jpg"
2928,"Horned_Grebe_0099_34989.jpg"
2929,"Horned_Grebe_0069_34990.jpg"
2930,"Horned_Grebe_0019_34811.jpg"
2931,"Horned_Grebe_0033_34736.jpg"
2932,"Horned_Grebe_0066_34738.jpg"
2933,"Horned_Grebe_0006_34718.jpg"
2934,"Horned_Grebe_0095_34491.jpg"
2935,"Horned_Grebe_0110_35012.jpg"
2936,"Horned_Grebe_0064_35015.jpg"
2937,"Horned_Grebe_0088_35023.jpg"
2938,"Horned_Grebe_0053_34512.jpg"
2939,"Horned_Grebe_0070_34514.jpg"
2940,"Horned_Grebe_0008_34515.jpg"
2941,"Horned_Grebe_0114_34517.jpg"
2942,"Horned_Grebe_0062_34523.jpg"
2943,"Horned_Grebe_0041_34535.jpg"
2944,"Horned_Grebe_0068_35111.jpg"
2945,"Horned_Grebe_0049_34779.jpg"
2946,"Horned_Grebe_0078_34799.jpg"
2947,"Horned_Grebe_0040_34548.jpg"
2948,"Horned_Grebe_0011_34687.jpg"
2949,"Horned_Grebe_0029_34557.jpg"
2950,"Pied_Billed_Grebe_0064_35843.jpg"
2951,"Pied_Billed_Grebe_0038_35798.jpg"
2952,"Pied_Billed_Grebe_0037_35598.jpg"
2953,"Pied_Billed_Grebe_0082_35356.jpg"
2954,"Pied_Billed_Grebe_0099_35872.jpg"
2955,"Pied_Billed_Grebe_0115_35362.jpg"
2956,"Pied_Billed_Grebe_0119_35377.jpg"
2957,"Pied_Billed_Grebe_0013_35882.jpg"
2958,"Pied_Billed_Grebe_0033_35379.jpg"
2959,"Pied_Billed_Grebe_0071_35386.jpg"
2960,"Pied_Billed_Grebe_0007_35399.jpg"
2961,"Pied_Billed_Grebe_0040_35981.jpg"
2962,"Pied_Billed_Grebe_0081_35409.jpg"
2963,"Pied_Billed_Grebe_0078_35410.jpg"
2964,"Pied_Billed_Grebe_0048_35670.jpg"
2965,"Pied_Billed_Grebe_0106_35418.jpg"
2966,"Pied_Billed_Grebe_0032_35931.jpg"
2967,"Pied_Billed_Grebe_0004_35808.jpg"
2968,"Pied_Billed_Grebe_0014_35424.jpg"
2969,"Pied_Billed_Grebe_0044_35425.jpg"
2970,"Pied_Billed_Grebe_0072_35939.jpg"
2971,"Pied_Billed_Grebe_0023_35687.jpg"
2972,"Pied_Billed_Grebe_0076_35432.jpg"
2973,"Pied_Billed_Grebe_0005_35437.jpg"
2974,"Pied_Billed_Grebe_0053_35262.jpg"
2975,"Pied_Billed_Grebe_0020_35958.jpg"
2976,"Pied_Billed_Grebe_0113_35703.jpg"
2977,"Pied_Billed_Grebe_0045_35962.jpg"
2978,"Pied_Billed_Grebe_0068_35963.jpg"
2979,"Pied_Billed_Grebe_0065_35713.jpg"
2980,"Pied_Billed_Grebe_0122_35970.jpg"
2981,"Pied_Billed_Grebe_0101_35464.jpg"
2982,"Pied_Billed_Grebe_0067_35465.jpg"
2983,"Pied_Billed_Grebe_0084_35863.jpg"
2984,"Pied_Billed_Grebe_0049_35980.jpg"
2985,"Pied_Billed_Grebe_0123_35469.jpg"
2986,"Pied_Billed_Grebe_0024_35949.jpg"
2987,"Pied_Billed_Grebe_0070_35472.jpg"
2988,"Pied_Billed_Grebe_0041_35224.jpg"
2989,"Pied_Billed_Grebe_0086_35483.jpg"
2990,"Pied_Billed_Grebe_0114_35493.jpg"
2991,"Pied_Billed_Grebe_0095_35496.jpg"
2992,"Pied_Billed_Grebe_0030_35498.jpg"
2993,"Pied_Billed_Grebe_0055_35502.jpg"
2994,"Pied_Billed_Grebe_0058_35503.jpg"
2995,"Pied_Billed_Grebe_0059_35507.jpg"
2996,"Pied_Billed_Grebe_0120_35764.jpg"
2997,"Pied_Billed_Grebe_0035_35518.jpg"
2998,"Pied_Billed_Grebe_0052_35937.jpg"
2999,"Pied_Billed_Grebe_0063_35529.jpg"
3000,"Pied_Billed_Grebe_0050_35530.jpg"
3001,"Pied_Billed_Grebe_0091_35276.jpg"
3002,"Pied_Billed_Grebe_0015_35289.jpg"
3003,"Pied_Billed_Grebe_0125_35322.jpg"
3004,"Pied_Billed_Grebe_0029_35551.jpg"
3005,"Pied_Billed_Grebe_0073_35553.jpg"
3006,"Pied_Billed_Grebe_0062_35955.jpg"
3007,"Pied_Billed_Grebe_0056_35623.jpg"
3008,"Pied_Billed_Grebe_0100_35310.jpg"
3009,"Pied_Billed_Grebe_0096_35579.jpg"
3010,"Western_Grebe_0067_36610.jpg"
3011,"Western_Grebe_0077_36355.jpg"
3012,"Western_Grebe_0064_36613.jpg"
3013,"Western_Grebe_0038_36363.jpg"
3014,"Western_Grebe_0099_36112.jpg"
3015,"Western_Grebe_0102_36116.jpg"
3016,"Western_Grebe_0046_36118.jpg"
3017,"Western_Grebe_0092_36121.jpg"
3018,"Western_Grebe_0029_36379.jpg"
3019,"Western_Grebe_0013_36383.jpg"
3020,"Western_Grebe_0004_36130.jpg"
3021,"Western_Grebe_0033_36395.jpg"
3022,"Western_Grebe_0048_36399.jpg"
3023,"Western_Grebe_0058_36403.jpg"
3024,"Western_Grebe_0022_36148.jpg"
3025,"Western_Grebe_0089_36154.jpg"
3026,"Western_Grebe_0057_36157.jpg"
3027,"Western_Grebe_0034_36149.jpg"
3028,"Western_Grebe_0070_36162.jpg"
3029,"Western_Grebe_0104_36164.jpg"
3030,"Western_Grebe_0045_36425.jpg"
3031,"Western_Grebe_0088_36428.jpg"
3032,"Western_Grebe_0081_36578.jpg"
3033,"Western_Grebe_0075_36435.jpg"
3034,"Western_Grebe_0090_36182.jpg"
3035,"Western_Grebe_0032_36439.jpg"
3036,"Western_Grebe_0014_36185.jpg"
3037,"Western_Grebe_0044_36188.jpg"
3038,"Western_Grebe_0093_36193.jpg"
3039,"Western_Grebe_0091_36194.jpg"
3040,"Western_Grebe_0028_36196.jpg"
3041,"Western_Grebe_0047_36203.jpg"
3042,"Western_Grebe_0037_36469.jpg"
3043,"Western_Grebe_0056_36216.jpg"
3044,"Western_Grebe_0017_36218.jpg"
3045,"Western_Grebe_0009_36477.jpg"
3046,"Western_Grebe_0086_36478.jpg"
3047,"Western_Grebe_0085_36224.jpg"
3048,"Western_Grebe_0001_36481.jpg"
3049,"Western_Grebe_0069_36486.jpg"
3050,"Western_Grebe_0083_36033.jpg"
3051,"Western_Grebe_0020_36241.jpg"
3052,"Western_Grebe_0050_36163.jpg"
3053,"Western_Grebe_0051_36249.jpg"
3054,"Western_Grebe_0025_36251.jpg"
3055,"Western_Grebe_0106_36509.jpg"
3056,"Western_Grebe_0043_36183.jpg"
3057,"Western_Grebe_0103_36515.jpg"
3058,"Western_Grebe_0002_36518.jpg"
3059,"Western_Grebe_0036_36521.jpg"
3060,"Western_Grebe_0011_36522.jpg"
3061,"Western_Grebe_0071_36536.jpg"
3062,"Western_Grebe_0021_36282.jpg"
3063,"Western_Grebe_0105_36542.jpg"
3064,"Western_Grebe_0042_36035.jpg"
3065,"Western_Grebe_0080_36310.jpg"
3066,"Western_Grebe_0087_36570.jpg"
3067,"Western_Grebe_0049_36219.jpg"
3068,"Western_Grebe_0007_36074.jpg"
3069,"Western_Grebe_0061_36181.jpg"
3070,"Blue_Grosbeak_0066_36632.jpg"
3071,"Blue_Grosbeak_0061_36633.jpg"
3072,"Blue_Grosbeak_0078_36655.jpg"
3073,"Blue_Grosbeak_0073_37148.jpg"
3074,"Blue_Grosbeak_0074_37155.jpg"
3075,"Blue_Grosbeak_0042_36742.jpg"
3076,"Blue_Grosbeak_0025_36646.jpg"
3077,"Blue_Grosbeak_0079_36656.jpg"
3078,"Blue_Grosbeak_0109_36914.jpg"
3079,"Blue_Grosbeak_0031_37173.jpg"
3080,"Blue_Grosbeak_0041_37174.jpg"
3081,"Blue_Grosbeak_0049_37180.jpg"
3082,"Blue_Grosbeak_0103_36673.jpg"
3083,"Blue_Grosbeak_0112_36679.jpg"
3084,"Blue_Grosbeak_0024_36680.jpg"
3085,"Blue_Grosbeak_0029_37197.jpg"
3086,"Blue_Grosbeak_0043_37200.jpg"
3087,"Blue_Grosbeak_0071_36948.jpg"
3088,"Blue_Grosbeak_0053_36709.jpg"
3089,"Blue_Grosbeak_0107_36696.jpg"
3090,"Blue_Grosbeak_0075_36963.jpg"
3091,"Blue_Grosbeak_0014_36708.jpg"
3092,"Blue_Grosbeak_0067_36965.jpg"
3093,"Blue_Grosbeak_0020_36967.jpg"
3094,"Blue_Grosbeak_0092_36711.jpg"
3095,"Blue_Grosbeak_0101_36719.jpg"
3096,"Blue_Grosbeak_0033_36980.jpg"
3097,"Blue_Grosbeak_0104_36984.jpg"
3098,"Blue_Grosbeak_0015_36985.jpg"
3099,"Blue_Grosbeak_0106_36986.jpg"
3100,"Blue_Grosbeak_0085_36990.jpg"
3101,"Blue_Grosbeak_0082_36991.jpg"
3102,"Blue_Grosbeak_0009_36992.jpg"
3103,"Blue_Grosbeak_0045_36672.jpg"
3104,"Blue_Grosbeak_0094_36995.jpg"
3105,"Blue_Grosbeak_0019_37205.jpg"
3106,"Blue_Grosbeak_0004_14988.jpg"
3107,"Blue_Grosbeak_0095_37007.jpg"
3108,"Blue_Grosbeak_0027_36703.jpg"
3109,"Blue_Grosbeak_0072_36774.jpg"
3110,"Blue_Grosbeak_0081_37034.jpg"
3111,"Blue_Grosbeak_0087_36780.jpg"
3112,"Blue_Grosbeak_0048_36809.jpg"
3113,"Blue_Grosbeak_0036_37048.jpg"
3114,"Blue_Grosbeak_0037_36794.jpg"
3115,"Blue_Grosbeak_0051_37065.jpg"
3116,"Blue_Grosbeak_0097_37067.jpg"
3117,"Blue_Grosbeak_0023_37069.jpg"
3118,"Blue_Grosbeak_0022_37082.jpg"
3119,"Blue_Grosbeak_0099_36828.jpg"
3120,"Blue_Grosbeak_0038_37095.jpg"
3121,"Blue_Grosbeak_0111_36841.jpg"
3122,"Blue_Grosbeak_0086_36818.jpg"
3123,"Blue_Grosbeak_0065_36847.jpg"
3124,"Blue_Grosbeak_0002_36648.jpg"
3125,"Blue_Grosbeak_0093_37107.jpg"
3126,"Blue_Grosbeak_0010_37108.jpg"
3127,"Blue_Grosbeak_0057_37116.jpg"
3128,"Blue_Grosbeak_0016_36862.jpg"
3129,"Blue_Grosbeak_0046_37119.jpg"
3130,"Evening_Grosbeak_0120_37378.jpg"
3131,"Evening_Grosbeak_0017_37379.jpg"
3132,"Evening_Grosbeak_0057_37392.jpg"
3133,"Evening_Grosbeak_0141_37398.jpg"
3134,"Evening_Grosbeak_0011_37913.jpg"
3135,"Evening_Grosbeak_0024_37404.jpg"
3136,"Evening_Grosbeak_0063_37409.jpg"
3137,"Evening_Grosbeak_0028_37410.jpg"
3138,"Evening_Grosbeak_0114_37416.jpg"
3139,"Evening_Grosbeak_0044_37938.jpg"
3140,"Evening_Grosbeak_0040_37429.jpg"
3141,"Evening_Grosbeak_0001_37437.jpg"
3142,"Evening_Grosbeak_0072_37301.jpg"
3143,"Evening_Grosbeak_0051_37954.jpg"
3144,"Evening_Grosbeak_0004_37960.jpg"
3145,"Evening_Grosbeak_0133_37976.jpg"
3146,"Evening_Grosbeak_0036_37978.jpg"
3147,"Evening_Grosbeak_0079_37979.jpg"
3148,"Evening_Grosbeak_0085_37487.jpg"
3149,"Evening_Grosbeak_0115_37490.jpg"
3150,"Evening_Grosbeak_0053_38005.jpg"
3151,"Evening_Grosbeak_0007_37312.jpg"
3152,"Evening_Grosbeak_0132_38025.jpg"
3153,"Evening_Grosbeak_0061_38026.jpg"
3154,"Evening_Grosbeak_0098_37532.jpg"
3155,"Evening_Grosbeak_0086_38048.jpg"
3156,"Evening_Grosbeak_0078_38051.jpg"
3157,"Evening_Grosbeak_0112_37922.jpg"
3158,"Evening_Grosbeak_0093_37608.jpg"
3159,"Evening_Grosbeak_0102_37927.jpg"
3160,"Evening_Grosbeak_0041_37928.jpg"
3161,"Evening_Grosbeak_0107_37933.jpg"
3162,"Evening_Grosbeak_0077_38160.jpg"
3163,"Evening_Grosbeak_0104_37661.jpg"
3164,"Evening_Grosbeak_0069_37684.jpg"
3165,"Evening_Grosbeak_0101_37697.jpg"
3166,"Evening_Grosbeak_0003_37698.jpg"
3167,"Evening_Grosbeak_0033_37707.jpg"
3168,"Evening_Grosbeak_0090_37225.jpg"
3169,"Evening_Grosbeak_0038_37228.jpg"
3170,"Evening_Grosbeak_0025_37230.jpg"
3171,"Evening_Grosbeak_0015_37238.jpg"
3172,"Evening_Grosbeak_0031_37239.jpg"
3173,"Evening_Grosbeak_0022_37761.jpg"
3174,"Evening_Grosbeak_0070_37767.jpg"
3175,"Evening_Grosbeak_0016_37613.jpg"
3176,"Evening_Grosbeak_0021_37789.jpg"
3177,"Evening_Grosbeak_0046_37280.jpg"
3178,"Evening_Grosbeak_0065_37296.jpg"
3179,"Evening_Grosbeak_0118_37299.jpg"
3180,"Evening_Grosbeak_0130_37813.jpg"
3181,"Evening_Grosbeak_0075_37302.jpg"
3182,"Evening_Grosbeak_0076_37818.jpg"
3183,"Evening_Grosbeak_0027_37824.jpg"
3184,"Evening_Grosbeak_0129_37831.jpg"
3185,"Evening_Grosbeak_0005_37331.jpg"
3186,"Evening_Grosbeak_0050_37336.jpg"
3187,"Evening_Grosbeak_0034_37349.jpg"
3188,"Evening_Grosbeak_0100_37863.jpg"
3189,"Evening_Grosbeak_0122_37864.jpg"
3190,"Pine_Grosbeak_0039_38400.jpg"
3191,"Pine_Grosbeak_0094_38912.jpg"
3192,"Pine_Grosbeak_0024_38403.jpg"
3193,"Pine_Grosbeak_0077_38929.jpg"
3194,"Pine_Grosbeak_0006_38421.jpg"
3195,"Pine_Grosbeak_0056_38940.jpg"
3196,"Pine_Grosbeak_0104_38362.jpg"
3197,"Pine_Grosbeak_0058_38431.jpg"
3198,"Pine_Grosbeak_0042_38432.jpg"
3199,"Pine_Grosbeak_0048_38434.jpg"
3200,"Pine_Grosbeak_0003_38437.jpg"
3201,"Pine_Grosbeak_0096_38441.jpg"
3202,"Pine_Grosbeak_0025_38443.jpg"
3203,"Pine_Grosbeak_0038_38956.jpg"
3204,"Pine_Grosbeak_0109_38451.jpg"
3205,"Pine_Grosbeak_0036_38968.jpg"
3206,"Pine_Grosbeak_0071_38207.jpg"
3207,"Pine_Grosbeak_0012_38466.jpg"
3208,"Pine_Grosbeak_0068_38981.jpg"
3209,"Pine_Grosbeak_0002_38214.jpg"
3210,"Pine_Grosbeak_0102_38216.jpg"
3211,"Pine_Grosbeak_0032_38473.jpg"
3212,"Pine_Grosbeak_0050_38475.jpg"
3213,"Pine_Grosbeak_0100_38988.jpg"
3214,"Pine_Grosbeak_0097_38735.jpg"
3215,"Pine_Grosbeak_0043_38992.jpg"
3216,"Pine_Grosbeak_0029_38995.jpg"
3217,"Pine_Grosbeak_0111_38741.jpg"
3218,"Pine_Grosbeak_0008_38486.jpg"
3219,"Pine_Grosbeak_0016_38743.jpg"
3220,"Pine_Grosbeak_0106_38218.jpg"
3221,"Pine_Grosbeak_0078_38242.jpg"
3222,"Pine_Grosbeak_0083_38508.jpg"
3223,"Pine_Grosbeak_0044_38766.jpg"
3224,"Pine_Grosbeak_0114_38259.jpg"
3225,"Pine_Grosbeak_0067_38524.jpg"
3226,"Pine_Grosbeak_0055_38730.jpg"
3227,"Pine_Grosbeak_0046_38275.jpg"
3228,"Pine_Grosbeak_0108_38281.jpg"
3229,"Pine_Grosbeak_0105_38210.jpg"
3230,"Pine_Grosbeak_0052_38804.jpg"
3231,"Pine_Grosbeak_0053_38805.jpg"
3232,"Pine_Grosbeak_0082_38552.jpg"
3233,"Pine_Grosbeak_0091_38811.jpg"
3234,"Pine_Grosbeak_0088_38830.jpg"
3235,"Pine_Grosbeak_0059_38581.jpg"
3236,"Pine_Grosbeak_0035_38729.jpg"
3237,"Pine_Grosbeak_0115_38330.jpg"
3238,"Pine_Grosbeak_0019_38845.jpg"
3239,"Pine_Grosbeak_0034_38987.jpg"
3240,"Pine_Grosbeak_0033_38945.jpg"
3241,"Pine_Grosbeak_0107_38351.jpg"
3242,"Pine_Grosbeak_0009_38609.jpg"
3243,"Pine_Grosbeak_0075_38619.jpg"
3244,"Pine_Grosbeak_0018_38374.jpg"
3245,"Pine_Grosbeak_0049_38380.jpg"
3246,"Pine_Grosbeak_0021_38382.jpg"
3247,"Pine_Grosbeak_0014_38398.jpg"
3248,"Pine_Grosbeak_0054_38953.jpg"
3249,"Pine_Grosbeak_0004_38396.jpg"
3250,"Rose_Breasted_Grosbeak_0029_39434.jpg"
3251,"Rose_Breasted_Grosbeak_0008_39481.jpg"
3252,"Rose_Breasted_Grosbeak_0045_39489.jpg"
3253,"Rose_Breasted_Grosbeak_0101_39495.jpg"
3254,"Rose_Breasted_Grosbeak_0108_39000.jpg"
3255,"Rose_Breasted_Grosbeak_0097_39514.jpg"
3256,"Rose_Breasted_Grosbeak_0088_39035.jpg"
3257,"Rose_Breasted_Grosbeak_0014_39037.jpg"
3258,"Rose_Breasted_Grosbeak_0052_39044.jpg"
3259,"Rose_Breasted_Grosbeak_0059_39045.jpg"
3260,"Rose_Breasted_Grosbeak_0084_39053.jpg"
3261,"Rose_Breasted_Grosbeak_0103_39580.jpg"
3262,"Rose_Breasted_Grosbeak_0067_39592.jpg"
3263,"Rose_Breasted_Grosbeak_0125_39597.jpg"
3264,"Rose_Breasted_Grosbeak_0117_39601.jpg"
3265,"Rose_Breasted_Grosbeak_0068_39094.jpg"
3266,"Rose_Breasted_Grosbeak_0077_39613.jpg"
3267,"Rose_Breasted_Grosbeak_0033_39290.jpg"
3268,"Rose_Breasted_Grosbeak_0081_39136.jpg"
3269,"Rose_Breasted_Grosbeak_0004_39143.jpg"
3270,"Rose_Breasted_Grosbeak_0086_39658.jpg"
3271,"Rose_Breasted_Grosbeak_0012_39149.jpg"
3272,"Rose_Breasted_Grosbeak_0020_39152.jpg"
3273,"Rose_Breasted_Grosbeak_0055_39154.jpg"
3274,"Rose_Breasted_Grosbeak_0042_39158.jpg"
3275,"Rose_Breasted_Grosbeak_0017_39161.jpg"
3276,"Rose_Breasted_Grosbeak_0040_39689.jpg"
3277,"Rose_Breasted_Grosbeak_0095_39178.jpg"
3278,"Rose_Breasted_Grosbeak_0050_39695.jpg"
3279,"Rose_Breasted_Grosbeak_0104_39189.jpg"
3280,"Rose_Breasted_Grosbeak_0026_39191.jpg"
3281,"Rose_Breasted_Grosbeak_0106_39714.jpg"
3282,"Rose_Breasted_Grosbeak_0128_39204.jpg"
3283,"Rose_Breasted_Grosbeak_0011_39207.jpg"
3284,"Rose_Breasted_Grosbeak_0089_39211.jpg"
3285,"Rose_Breasted_Grosbeak_0018_39731.jpg"
3286,"Rose_Breasted_Grosbeak_0080_39734.jpg"
3287,"Rose_Breasted_Grosbeak_0003_39223.jpg"
3288,"Rose_Breasted_Grosbeak_0135_39227.jpg"
3289,"Rose_Breasted_Grosbeak_0062_39234.jpg"
3290,"Rose_Breasted_Grosbeak_0010_39238.jpg"
3291,"Rose_Breasted_Grosbeak_0025_39252.jpg"
3292,"Rose_Breasted_Grosbeak_0069_39254.jpg"
3293,"Rose_Breasted_Grosbeak_0114_39770.jpg"
3294,"Rose_Breasted_Grosbeak_0032_39772.jpg"
3295,"Rose_Breasted_Grosbeak_0016_39265.jpg"
3296,"Rose_Breasted_Grosbeak_0028_39271.jpg"
3297,"Rose_Breasted_Grosbeak_0019_39274.jpg"
3298,"Rose_Breasted_Grosbeak_0060_39279.jpg"
3299,"Rose_Breasted_Grosbeak_0087_39280.jpg"
3300,"Rose_Breasted_Grosbeak_0075_39795.jpg"
3301,"Rose_Breasted_Grosbeak_0122_39284.jpg"
3302,"Rose_Breasted_Grosbeak_0051_39798.jpg"
3303,"Rose_Breasted_Grosbeak_0001_39801.jpg"
3304,"Rose_Breasted_Grosbeak_0063_39802.jpg"
3305,"Rose_Breasted_Grosbeak_0126_39361.jpg"
3306,"Rose_Breasted_Grosbeak_0092_39367.jpg"
3307,"Rose_Breasted_Grosbeak_0110_39373.jpg"
3308,"Rose_Breasted_Grosbeak_0024_39398.jpg"
3309,"Rose_Breasted_Grosbeak_0047_39407.jpg"
3310,"Pigeon_Guillemot_0018_40195.jpg"
3311,"Pigeon_Guillemot_0069_40278.jpg"
3312,"Pigeon_Guillemot_0012_40236.jpg"
3313,"Pigeon_Guillemot_0062_39853.jpg"
3314,"Pigeon_Guillemot_0073_40209.jpg"
3315,"Pigeon_Guillemot_0071_40216.jpg"
3316,"Pigeon_Guillemot_0084_40217.jpg"
3317,"Pigeon_Guillemot_0009_40218.jpg"
3318,"Pigeon_Guillemot_0015_40232.jpg"
3319,"Pigeon_Guillemot_0108_40235.jpg"
3320,"Pigeon_Guillemot_0083_39980.jpg"
3321,"Pigeon_Guillemot_0003_39986.jpg"
3322,"Pigeon_Guillemot_0096_39995.jpg"
3323,"Pigeon_Guillemot_0013_40253.jpg"
3324,"Pigeon_Guillemot_0025_40511.jpg"
3325,"Pigeon_Guillemot_0019_40515.jpg"
3326,"Pigeon_Guillemot_0089_40008.jpg"
3327,"Pigeon_Guillemot_0040_40270.jpg"
3328,"Pigeon_Guillemot_0023_39829.jpg"
3329,"Pigeon_Guillemot_0042_40281.jpg"
3330,"Pigeon_Guillemot_0082_40290.jpg"
3331,"Pigeon_Guillemot_0038_40035.jpg"
3332,"Pigeon_Guillemot_0068_40039.jpg"
3333,"Pigeon_Guillemot_0014_40040.jpg"
3334,"Pigeon_Guillemot_0064_40044.jpg"
3335,"Pigeon_Guillemot_0028_40046.jpg"
3336,"Pigeon_Guillemot_0041_39807.jpg"
3337,"Pigeon_Guillemot_0024_39814.jpg"
3338,"Pigeon_Guillemot_0034_40074.jpg"
3339,"Pigeon_Guillemot_0105_40078.jpg"
3340,"Pigeon_Guillemot_0081_40339.jpg"
3341,"Pigeon_Guillemot_0020_40088.jpg"
3342,"Pigeon_Guillemot_0030_40089.jpg"
3343,"Pigeon_Guillemot_0090_40090.jpg"
3344,"Pigeon_Guillemot_0043_39861.jpg"
3345,"Pigeon_Guillemot_0005_40375.jpg"
3346,"Pigeon_Guillemot_0092_39864.jpg"
3347,"Pigeon_Guillemot_0095_39867.jpg"
3348,"Pigeon_Guillemot_0103_39882.jpg"
3349,"Pigeon_Guillemot_0026_40126.jpg"
3350,"Pigeon_Guillemot_0109_39872.jpg"
3351,"Pigeon_Guillemot_0057_40130.jpg"
3352,"Pigeon_Guillemot_0053_39876.jpg"
3353,"Pigeon_Guillemot_0079_40389.jpg"
3354,"Pigeon_Guillemot_0052_40137.jpg"
3355,"Pigeon_Guillemot_0077_39885.jpg"
3356,"Pigeon_Guillemot_0029_39889.jpg"
3357,"Pigeon_Guillemot_0037_40149.jpg"
3358,"Pigeon_Guillemot_0007_40313.jpg"
3359,"Pigeon_Guillemot_0087_39897.jpg"
3360,"Pigeon_Guillemot_0098_39902.jpg"
3361,"Pigeon_Guillemot_0075_40159.jpg"
3362,"Pigeon_Guillemot_0072_39905.jpg"
3363,"Pigeon_Guillemot_0055_40171.jpg"
3364,"Pigeon_Guillemot_0100_40179.jpg"
3365,"Pigeon_Guillemot_0058_40184.jpg"
3366,"Pigeon_Guillemot_0059_39929.jpg"
3367,"Pigeon_Guillemot_0011_39935.jpg"
3368,"California_Gull_0131_40963.jpg"
3369,"California_Gull_0025_41479.jpg"
3370,"California_Gull_0067_40973.jpg"
3371,"California_Gull_0096_40978.jpg"
3372,"California_Gull_0102_40986.jpg"
3373,"California_Gull_0029_41506.jpg"
3374,"California_Gull_0053_41011.jpg"
3375,"California_Gull_0111_41033.jpg"
3376,"California_Gull_0039_41034.jpg"
3377,"California_Gull_0034_41548.jpg"
3378,"California_Gull_0078_41550.jpg"
3379,"California_Gull_0086_41040.jpg"
3380,"California_Gull_0103_41044.jpg"
3381,"California_Gull_0052_41047.jpg"
3382,"California_Gull_0064_41562.jpg"
3383,"California_Gull_0110_41063.jpg"
3384,"California_Gull_0037_41066.jpg"
3385,"California_Gull_0006_41079.jpg"
3386,"California_Gull_0027_41083.jpg"
3387,"California_Gull_0100_41088.jpg"
3388,"California_Gull_0093_41111.jpg"
3389,"California_Gull_0105_41116.jpg"
3390,"California_Gull_0048_41121.jpg"
3391,"California_Gull_0101_41140.jpg"
3392,"California_Gull_0009_40662.jpg"
3393,"California_Gull_0028_40666.jpg"
3394,"California_Gull_0066_41188.jpg"
3395,"California_Gull_0092_41300.jpg"
3396,"California_Gull_0121_41196.jpg"
3397,"California_Gull_0046_41209.jpg"
3398,"California_Gull_0055_41218.jpg"
3399,"California_Gull_0089_40716.jpg"
3400,"California_Gull_0010_40735.jpg"
3401,"California_Gull_0114_41267.jpg"
3402,"California_Gull_0059_40764.jpg"
3403,"California_Gull_0117_41292.jpg"
3404,"California_Gull_0088_41296.jpg"
3405,"California_Gull_0012_41272.jpg"
3406,"California_Gull_0001_40786.jpg"
3407,"California_Gull_0076_40788.jpg"
3408,"California_Gull_0081_41318.jpg"
3409,"California_Gull_0091_41276.jpg"
3410,"California_Gull_0043_41326.jpg"
3411,"California_Gull_0123_41330.jpg"
3412,"California_Gull_0032_41335.jpg"
3413,"California_Gull_0132_40836.jpg"
3414,"California_Gull_0030_41354.jpg"
3415,"California_Gull_0074_41358.jpg"
3416,"California_Gull_0058_40858.jpg"
3417,"California_Gull_0038_40865.jpg"
3418,"California_Gull_0054_40871.jpg"
3419,"California_Gull_0026_41386.jpg"
3420,"California_Gull_0014_40880.jpg"
3421,"California_Gull_0087_40909.jpg"
3422,"California_Gull_0135_41383.jpg"
3423,"California_Gull_0008_40942.jpg"
3424,"California_Gull_0019_41377.jpg"
3425,"California_Gull_0109_41465.jpg"
3426,"California_Gull_0031_41469.jpg"
3427,"California_Gull_0021_41471.jpg"
3428,"Glaucous_Winged_Gull_0136_45059.jpg"
3429,"Glaucous_Winged_Gull_0087_44550.jpg"
3430,"Glaucous_Winged_Gull_0049_45065.jpg"
3431,"Glaucous_Winged_Gull_0078_44461.jpg"
3432,"Glaucous_Winged_Gull_0007_44575.jpg"
3433,"Glaucous_Winged_Gull_0035_44576.jpg"
3434,"Glaucous_Winged_Gull_0118_2081.jpg"
3435,"Glaucous_Winged_Gull_0023_45090.jpg"
3436,"Glaucous_Winged_Gull_0102_44579.jpg"
3437,"Glaucous_Winged_Gull_0032_44594.jpg"
3438,"Glaucous_Winged_Gull_0093_44724.jpg"
3439,"Glaucous_Winged_Gull_0002_44612.jpg"
3440,"Glaucous_Winged_Gull_0034_44625.jpg"
3441,"Glaucous_Winged_Gull_0028_44628.jpg"
3442,"Glaucous_Winged_Gull_0112_44731.jpg"
3443,"Glaucous_Winged_Gull_0067_45156.jpg"
3444,"Glaucous_Winged_Gull_0056_44658.jpg"
3445,"Glaucous_Winged_Gull_0124_44663.jpg"
3446,"Glaucous_Winged_Gull_0066_44669.jpg"
3447,"Glaucous_Winged_Gull_0138_44694.jpg"
3448,"Glaucous_Winged_Gull_0094_44696.jpg"
3449,"Glaucous_Winged_Gull_0130_45210.jpg"
3450,"Glaucous_Winged_Gull_0015_44198.jpg"
3451,"Glaucous_Winged_Gull_0081_45223.jpg"
3452,"Glaucous_Winged_Gull_0017_45224.jpg"
3453,"Glaucous_Winged_Gull_0101_44718.jpg"
3454,"Glaucous_Winged_Gull_0038_44719.jpg"
3455,"Glaucous_Winged_Gull_0116_45236.jpg"
3456,"Glaucous_Winged_Gull_0060_44215.jpg"
3457,"Glaucous_Winged_Gull_0022_44733.jpg"
3458,"Glaucous_Winged_Gull_0133_44738.jpg"
3459,"Glaucous_Winged_Gull_0129_44742.jpg"
3460,"Glaucous_Winged_Gull_0134_44743.jpg"
3461,"Glaucous_Winged_Gull_0076_44744.jpg"
3462,"Glaucous_Winged_Gull_0126_44761.jpg"
3463,"Glaucous_Winged_Gull_0073_44253.jpg"
3464,"Glaucous_Winged_Gull_0127_44258.jpg"
3465,"Glaucous_Winged_Gull_0084_44775.jpg"
3466,"Glaucous_Winged_Gull_0012_44264.jpg"
3467,"Glaucous_Winged_Gull_0086_44268.jpg"
3468,"Glaucous_Winged_Gull_0057_44807.jpg"
3469,"Glaucous_Winged_Gull_0117_44298.jpg"
3470,"Glaucous_Winged_Gull_0011_44827.jpg"
3471,"Glaucous_Winged_Gull_0014_44832.jpg"
3472,"Glaucous_Winged_Gull_0090_44836.jpg"
3473,"Glaucous_Winged_Gull_0091_44848.jpg"
3474,"Glaucous_Winged_Gull_0061_44852.jpg"
3475,"Glaucous_Winged_Gull_0111_44856.jpg"
3476,"Glaucous_Winged_Gull_0005_44860.jpg"
3477,"Glaucous_Winged_Gull_0004_44361.jpg"
3478,"Glaucous_Winged_Gull_0053_44881.jpg"
3479,"Glaucous_Winged_Gull_0110_44377.jpg"
3480,"Glaucous_Winged_Gull_0013_44381.jpg"
3481,"Glaucous_Winged_Gull_0045_44906.jpg"
3482,"Glaucous_Winged_Gull_0132_44435.jpg"
3483,"Glaucous_Winged_Gull_0075_44455.jpg"
3484,"Glaucous_Winged_Gull_0096_45012.jpg"
3485,"Glaucous_Winged_Gull_0082_44528.jpg"
3486,"Glaucous_Winged_Gull_0051_44543.jpg"
3487,"Heermann_Gull_0093_45576.jpg"
3488,"Heermann_Gull_0076_45597.jpg"
3489,"Heermann_Gull_0018_45608.jpg"
3490,"Heermann_Gull_0109_45619.jpg"
3491,"Heermann_Gull_0051_45622.jpg"
3492,"Heermann_Gull_0118_45626.jpg"
3493,"Heermann_Gull_0122_45627.jpg"
3494,"Heermann_Gull_0059_45642.jpg"
3495,"Heermann_Gull_0111_45652.jpg"
3496,"Heermann_Gull_0087_45658.jpg"
3497,"Heermann_Gull_0128_45663.jpg"
3498,"Heermann_Gull_0089_45679.jpg"
3499,"Heermann_Gull_0023_45686.jpg"
3500,"Heermann_Gull_0034_45693.jpg"
3501,"Heermann_Gull_0130_45700.jpg"
3502,"Heermann_Gull_0044_45705.jpg"
3503,"Heermann_Gull_0077_45711.jpg"
3504,"Heermann_Gull_0073_45714.jpg"
3505,"Heermann_Gull_0071_45735.jpg"
3506,"Heermann_Gull_0112_45748.jpg"
3507,"Heermann_Gull_0139_45749.jpg"
3508,"Heermann_Gull_0056_45751.jpg"
3509,"Heermann_Gull_0098_45753.jpg"
3510,"Heermann_Gull_0035_45754.jpg"
3511,"Heermann_Gull_0013_45771.jpg"
3512,"Heermann_Gull_0032_45774.jpg"
3513,"Heermann_Gull_0138_45269.jpg"
3514,"Heermann_Gull_0097_45783.jpg"
3515,"Heermann_Gull_0033_45792.jpg"
3516,"Heermann_Gull_0135_45283.jpg"
3517,"Heermann_Gull_0115_45797.jpg"
3518,"Heermann_Gull_0142_45798.jpg"
3519,"Heermann_Gull_0075_45295.jpg"
3520,"Heermann_Gull_0086_45304.jpg"
3521,"Heermann_Gull_0031_45822.jpg"
3522,"Heermann_Gull_0090_45834.jpg"
3523,"Heermann_Gull_0008_45839.jpg"
3524,"Heermann_Gull_0053_45854.jpg"
3525,"Heermann_Gull_0074_45351.jpg"
3526,"Heermann_Gull_0027_45864.jpg"
3527,"Heermann_Gull_0091_45363.jpg"
3528,"Heermann_Gull_0083_45879.jpg"
3529,"Heermann_Gull_0121_45375.jpg"
3530,"Heermann_Gull_0046_45888.jpg"
3531,"Heermann_Gull_0055_45901.jpg"
3532,"Heermann_Gull_0141_45391.jpg"
3533,"Heermann_Gull_0102_45904.jpg"
3534,"Heermann_Gull_0009_45905.jpg"
3535,"Heermann_Gull_0020_45409.jpg"
3536,"Heermann_Gull_0133_45415.jpg"
3537,"Heermann_Gull_0136_45416.jpg"
3538,"Heermann_Gull_0004_45936.jpg"
3539,"Heermann_Gull_0043_45939.jpg"
3540,"Heermann_Gull_0100_45440.jpg"
3541,"Heermann_Gull_0110_45968.jpg"
3542,"Heermann_Gull_0079_45468.jpg"
3543,"Heermann_Gull_0001_45472.jpg"
3544,"Heermann_Gull_0024_45486.jpg"
3545,"Heermann_Gull_0015_41392.jpg"
3546,"Heermann_Gull_0131_45548.jpg"
3547,"Herring_Gull_0049_46508.jpg"
3548,"Herring_Gull_0037_48655.jpg"
3549,"Herring_Gull_0115_47123.jpg"
3550,"Herring_Gull_0070_46615.jpg"
3551,"Herring_Gull_0105_46113.jpg"
3552,"Herring_Gull_0083_48674.jpg"
3553,"Herring_Gull_0042_46637.jpg"
3554,"Herring_Gull_0012_46654.jpg"
3555,"Herring_Gull_0094_47172.jpg"
3556,"Herring_Gull_0001_48205.jpg"
3557,"Herring_Gull_0078_48718.jpg"
3558,"Herring_Gull_0141_47184.jpg"
3559,"Herring_Gull_0130_46675.jpg"
3560,"Herring_Gull_0054_46164.jpg"
3561,"Herring_Gull_0100_46677.jpg"
3562,"Herring_Gull_0071_48751.jpg"
3563,"Herring_Gull_0129_46708.jpg"
3564,"Herring_Gull_0116_47222.jpg"
3565,"Herring_Gull_0047_46218.jpg"
3566,"Herring_Gull_0145_46220.jpg"
3567,"Herring_Gull_0024_48309.jpg"
3568,"Herring_Gull_0120_48822.jpg"
3569,"Herring_Gull_0034_48824.jpg"
3570,"Herring_Gull_0056_46783.jpg"
3571,"Herring_Gull_0051_46276.jpg"
3572,"Herring_Gull_0014_47814.jpg"
3573,"Herring_Gull_0080_46806.jpg"
3574,"Herring_Gull_0064_47832.jpg"
3575,"Herring_Gull_0052_46810.jpg"
3576,"Herring_Gull_0087_47841.jpg"
3577,"Herring_Gull_0098_46971.jpg"
3578,"Herring_Gull_0143_46461.jpg"
3579,"Herring_Gull_0045_46845.jpg"
3580,"Herring_Gull_0015_46353.jpg"
3581,"Herring_Gull_0058_47383.jpg"
3582,"Herring_Gull_0132_47395.jpg"
3583,"Herring_Gull_0075_48935.jpg"
3584,"Herring_Gull_0027_46389.jpg"
3585,"Herring_Gull_0068_46392.jpg"
3586,"Herring_Gull_0084_46406.jpg"
3587,"Herring_Gull_0106_46930.jpg"
3588,"Herring_Gull_0039_46420.jpg"
3589,"Herring_Gull_0010_46425.jpg"
3590,"Herring_Gull_0114_46956.jpg"
3591,"Herring_Gull_0140_46455.jpg"
3592,"Herring_Gull_0055_47994.jpg"
3593,"Herring_Gull_0076_47497.jpg"
3594,"Herring_Gull_0138_48023.jpg"
3595,"Herring_Gull_0139_47006.jpg"
3596,"Herring_Gull_0061_46501.jpg"
3597,"Herring_Gull_0026_48041.jpg"
3598,"Herring_Gull_0103_45996.jpg"
3599,"Herring_Gull_0004_48046.jpg"
3600,"Herring_Gull_0082_47540.jpg"
3601,"Herring_Gull_0016_48969.jpg"
3602,"Herring_Gull_0095_48058.jpg"
3603,"Herring_Gull_0093_46029.jpg"
3604,"Herring_Gull_0102_48078.jpg"
3605,"Herring_Gull_0065_48098.jpg"
3606,"Herring_Gull_0048_46061.jpg"
3607,"Ivory_Gull_0110_49408.jpg"
3608,"Ivory_Gull_0104_49666.jpg"
3609,"Ivory_Gull_0039_49412.jpg"
3610,"Ivory_Gull_0052_50013.jpg"
3611,"Ivory_Gull_0061_49416.jpg"
3612,"Ivory_Gull_0037_49068.jpg"
3613,"Ivory_Gull_0010_49169.jpg"
3614,"Ivory_Gull_0041_49172.jpg"
3615,"Ivory_Gull_0088_49177.jpg"
3616,"Ivory_Gull_0079_49179.jpg"
3617,"Ivory_Gull_0040_49180.jpg"
3618,"Ivory_Gull_0045_49696.jpg"
3619,"Ivory_Gull_0085_49456.jpg"
3620,"Ivory_Gull_0107_49186.jpg"
3621,"Ivory_Gull_0089_49699.jpg"
3622,"Ivory_Gull_0118_49191.jpg"
3623,"Ivory_Gull_0024_49195.jpg"
3624,"Ivory_Gull_0086_49532.jpg"
3625,"Ivory_Gull_0015_49199.jpg"
3626,"Ivory_Gull_0087_49202.jpg"
3627,"Ivory_Gull_0062_49722.jpg"
3628,"Ivory_Gull_0098_49810.jpg"
3629,"Ivory_Gull_0099_49218.jpg"
3630,"Ivory_Gull_0117_49227.jpg"
3631,"Ivory_Gull_0092_49996.jpg"
3632,"Ivory_Gull_0080_49748.jpg"
3633,"Ivory_Gull_0014_48983.jpg"
3634,"Ivory_Gull_0036_49754.jpg"
3635,"Ivory_Gull_0043_49755.jpg"
3636,"Ivory_Gull_0050_49245.jpg"
3637,"Ivory_Gull_0035_49523.jpg"
3638,"Ivory_Gull_0004_49019.jpg"
3639,"Ivory_Gull_0002_49788.jpg"
3640,"Ivory_Gull_0005_49021.jpg"
3641,"Ivory_Gull_0101_49790.jpg"
3642,"Ivory_Gull_0114_49535.jpg"
3643,"Ivory_Gull_0073_49287.jpg"
3644,"Ivory_Gull_0038_49298.jpg"
3645,"Ivory_Gull_0105_49559.jpg"
3646,"Ivory_Gull_0018_49988.jpg"
3647,"Ivory_Gull_0082_49306.jpg"
3648,"Ivory_Gull_0077_49051.jpg"
3649,"Ivory_Gull_0093_49052.jpg"
3650,"Ivory_Gull_0065_49566.jpg"
3651,"Ivory_Gull_0032_49322.jpg"
3652,"Ivory_Gull_0094_49347.jpg"
3653,"Ivory_Gull_0055_49353.jpg"
3654,"Ivory_Gull_0108_49356.jpg"
3655,"Ivory_Gull_0074_49698.jpg"
3656,"Ivory_Gull_0007_49364.jpg"
3657,"Ivory_Gull_0027_48974.jpg"
3658,"Ivory_Gull_0059_49662.jpg"
3659,"Ivory_Gull_0026_49466.jpg"
3660,"Ivory_Gull_0096_49487.jpg"
3661,"Ivory_Gull_0109_49382.jpg"
3662,"Ivory_Gull_0023_49385.jpg"
3663,"Ivory_Gull_0020_49978.jpg"
3664,"Ivory_Gull_0071_49402.jpg"
3665,"Ivory_Gull_0067_49659.jpg"
3666,"Ivory_Gull_0064_49406.jpg"
3667,"Ring_Billed_Gull_0013_50180.jpg"
3668,"Ring_Billed_Gull_0079_51206.jpg"
3669,"Ring_Billed_Gull_0039_50191.jpg"
3670,"Ring_Billed_Gull_0020_50204.jpg"
3671,"Ring_Billed_Gull_0074_52258.jpg"
3672,"Ring_Billed_Gull_0114_50214.jpg"
3673,"Ring_Billed_Gull_0045_50215.jpg"
3674,"Ring_Billed_Gull_0100_52779.jpg"
3675,"Ring_Billed_Gull_0129_51246.jpg"
3676,"Ring_Billed_Gull_0063_51256.jpg"
3677,"Ring_Billed_Gull_0044_50239.jpg"
3678,"Ring_Billed_Gull_0027_51266.jpg"
3679,"Ring_Billed_Gull_0034_51270.jpg"
3680,"Ring_Billed_Gull_0038_51275.jpg"
3681,"Ring_Billed_Gull_0033_51288.jpg"
3682,"Ring_Billed_Gull_0085_51292.jpg"
3683,"Ring_Billed_Gull_0021_51300.jpg"
3684,"Ring_Billed_Gull_0009_51301.jpg"
3685,"Ring_Billed_Gull_0093_51303.jpg"
3686,"Ring_Billed_Gull_0107_51306.jpg"
3687,"Ring_Billed_Gull_0125_51307.jpg"
3688,"Ring_Billed_Gull_0057_51315.jpg"
3689,"Ring_Billed_Gull_0070_51316.jpg"
3690,"Ring_Billed_Gull_0118_51322.jpg"
3691,"Ring_Billed_Gull_0089_51348.jpg"
3692,"Ring_Billed_Gull_0052_51357.jpg"
3693,"Ring_Billed_Gull_0117_51363.jpg"
3694,"Ring_Billed_Gull_0131_51370.jpg"
3695,"Ring_Billed_Gull_0101_51375.jpg"
3696,"Ring_Billed_Gull_0115_51891.jpg"
3697,"Ring_Billed_Gull_0095_50362.jpg"
3698,"Ring_Billed_Gull_0128_51403.jpg"
3699,"Ring_Billed_Gull_0083_51407.jpg"
3700,"Ring_Billed_Gull_0098_51410.jpg"
3701,"Ring_Billed_Gull_0017_51412.jpg"
3702,"Ring_Billed_Gull_0054_51414.jpg"
3703,"Ring_Billed_Gull_0001_51416.jpg"
3704,"Ring_Billed_Gull_0007_51430.jpg"
3705,"Ring_Billed_Gull_0051_51440.jpg"
3706,"Ring_Billed_Gull_0028_51454.jpg"
3707,"Ring_Billed_Gull_0036_51461.jpg"
3708,"Ring_Billed_Gull_0016_50392.jpg"
3709,"Ring_Billed_Gull_0003_51480.jpg"
3710,"Ring_Billed_Gull_0127_51485.jpg"
3711,"Ring_Billed_Gull_0078_51494.jpg"
3712,"Ring_Billed_Gull_0018_51505.jpg"
3713,"Ring_Billed_Gull_0105_51513.jpg"
3714,"Ring_Billed_Gull_0071_52845.jpg"
3715,"Ring_Billed_Gull_0092_51521.jpg"
3716,"Ring_Billed_Gull_0056_51523.jpg"
3717,"Ring_Billed_Gull_0113_51525.jpg"
3718,"Ring_Billed_Gull_0119_51551.jpg"
3719,"Ring_Billed_Gull_0132_51552.jpg"
3720,"Ring_Billed_Gull_0059_51554.jpg"
3721,"Ring_Billed_Gull_0050_51567.jpg"
3722,"Ring_Billed_Gull_0029_52613.jpg"
3723,"Ring_Billed_Gull_0104_52614.jpg"
3724,"Ring_Billed_Gull_0108_51108.jpg"
3725,"Ring_Billed_Gull_0055_51156.jpg"
3726,"Ring_Billed_Gull_0106_52729.jpg"
3727,"Slaty_Backed_Gull_0017_796034.jpg"
3728,"Slaty_Backed_Gull_0081_53264.jpg"
3729,"Slaty_Backed_Gull_0061_53309.jpg"
3730,"Slaty_Backed_Gull_0072_53314.jpg"
3731,"Slaty_Backed_Gull_0049_53318.jpg"
3732,"Slaty_Backed_Gull_0007_53334.jpg"
3733,"Slaty_Backed_Gull_0027_53080.jpg"
3734,"Slaty_Backed_Gull_0030_796003.jpg"
3735,"Slaty_Backed_Gull_0015_796004.jpg"
3736,"Slaty_Backed_Gull_0076_796005.jpg"
3737,"Slaty_Backed_Gull_0021_796008.jpg"
3738,"Slaty_Backed_Gull_0043_796009.jpg"
3739,"Slaty_Backed_Gull_0020_796012.jpg"
3740,"Slaty_Backed_Gull_0056_796013.jpg"
3741,"Slaty_Backed_Gull_0006_796014.jpg"
3742,"Slaty_Backed_Gull_0066_796016.jpg"
3743,"Slaty_Backed_Gull_0077_796017.jpg"
3744,"Slaty_Backed_Gull_0079_796020.jpg"
3745,"Slaty_Backed_Gull_0022_796022.jpg"
3746,"Slaty_Backed_Gull_0033_796023.jpg"
3747,"Slaty_Backed_Gull_0058_796024.jpg"
3748,"Slaty_Backed_Gull_0045_796025.jpg"
3749,"Slaty_Backed_Gull_0035_796026.jpg"
3750,"Slaty_Backed_Gull_0075_796027.jpg"
3751,"Slaty_Backed_Gull_0024_796028.jpg"
3752,"Slaty_Backed_Gull_0031_796029.jpg"
3753,"Slaty_Backed_Gull_0023_796030.jpg"
3754,"Slaty_Backed_Gull_0051_796031.jpg"
3755,"Slaty_Backed_Gull_0003_796032.jpg"
3756,"Slaty_Backed_Gull_0046_796035.jpg"
3757,"Slaty_Backed_Gull_0071_796037.jpg"
3758,"Slaty_Backed_Gull_0078_796042.jpg"
3759,"Slaty_Backed_Gull_0038_796044.jpg"
3760,"Slaty_Backed_Gull_0050_796045.jpg"
3761,"Slaty_Backed_Gull_0032_796046.jpg"
3762,"Slaty_Backed_Gull_0025_796047.jpg"
3763,"Slaty_Backed_Gull_0063_796050.jpg"
3764,"Slaty_Backed_Gull_0053_796051.jpg"
3765,"Slaty_Backed_Gull_0060_796052.jpg"
3766,"Slaty_Backed_Gull_0036_796053.jpg"
3767,"Slaty_Backed_Gull_0008_53145.jpg"
3768,"Slaty_Backed_Gull_0085_53158.jpg"
3769,"Slaty_Backed_Gull_0087_786374.jpg"
3770,"Slaty_Backed_Gull_0084_786383.jpg"
3771,"Slaty_Backed_Gull_0083_786386.jpg"
3772,"Slaty_Backed_Gull_0086_786387.jpg"
3773,"Slaty_Backed_Gull_0068_53206.jpg"
3774,"Slaty_Backed_Gull_0002_53238.jpg"
3775,"Slaty_Backed_Gull_0029_45047.jpg"
3776,"Slaty_Backed_Gull_0026_53245.jpg"
3777,"Western_Gull_0013_54794.jpg"
3778,"Western_Gull_0048_53776.jpg"
3779,"Western_Gull_0078_53595.jpg"
3780,"Western_Gull_0002_54825.jpg"
3781,"Western_Gull_0051_54320.jpg"
3782,"Western_Gull_0104_53816.jpg"
3783,"Western_Gull_0089_55306.jpg"
3784,"Western_Gull_0124_53838.jpg"
3785,"Western_Gull_0042_53843.jpg"
3786,"Western_Gull_0128_53852.jpg"
3787,"Western_Gull_0131_53349.jpg"
3788,"Western_Gull_0110_53861.jpg"
3789,"Western_Gull_0012_53605.jpg"
3790,"Western_Gull_0058_53882.jpg"
3791,"Western_Gull_0143_54909.jpg"
3792,"Western_Gull_0093_54925.jpg"
3793,"Western_Gull_0050_54425.jpg"
3794,"Western_Gull_0098_53925.jpg"
3795,"Western_Gull_0057_55312.jpg"
3796,"Western_Gull_0091_55465.jpg"
3797,"Western_Gull_0007_53431.jpg"
3798,"Western_Gull_0070_54978.jpg"
3799,"Western_Gull_0080_53445.jpg"
3800,"Western_Gull_0027_53994.jpg"
3801,"Western_Gull_0097_54508.jpg"
3802,"Western_Gull_0052_53485.jpg"
3803,"Western_Gull_0025_55421.jpg"
3804,"Western_Gull_0029_54143.jpg"
3805,"Western_Gull_0006_53504.jpg"
3806,"Western_Gull_0116_54037.jpg"
3807,"Western_Gull_0062_53538.jpg"
3808,"Western_Gull_0069_53553.jpg"
3809,"Western_Gull_0041_53554.jpg"
3810,"Western_Gull_0004_55605.jpg"
3811,"Western_Gull_0030_54083.jpg"
3812,"Western_Gull_0036_54329.jpg"
3813,"Western_Gull_0133_55639.jpg"
3814,"Western_Gull_0066_54105.jpg"
3815,"Western_Gull_0114_55644.jpg"
3816,"Western_Gull_0090_53603.jpg"
3817,"Western_Gull_0073_54118.jpg"
3818,"Western_Gull_0117_44697.jpg"
3819,"Western_Gull_0094_55156.jpg"
3820,"Western_Gull_0021_54649.jpg"
3821,"Western_Gull_0024_53631.jpg"
3822,"Western_Gull_0028_55680.jpg"
3823,"Western_Gull_0035_55703.jpg"
3824,"Western_Gull_0122_40866.jpg"
3825,"Western_Gull_0099_53670.jpg"
3826,"Western_Gull_0065_55728.jpg"
3827,"Western_Gull_0087_54193.jpg"
3828,"Western_Gull_0043_54706.jpg"
3829,"Western_Gull_0071_54207.jpg"
3830,"Western_Gull_0045_54735.jpg"
3831,"Western_Gull_0011_53713.jpg"
3832,"Western_Gull_0022_54607.jpg"
3833,"Western_Gull_0115_54950.jpg"
3834,"Western_Gull_0100_54761.jpg"
3835,"Western_Gull_0009_54768.jpg"
3836,"Western_Gull_0049_53748.jpg"
3837,"Anna_Hummingbird_0106_56335.jpg"
3838,"Anna_Hummingbird_0093_56851.jpg"
3839,"Anna_Hummingbird_0052_56344.jpg"
3840,"Anna_Hummingbird_0126_55983.jpg"
3841,"Anna_Hummingbird_0023_55841.jpg"
3842,"Anna_Hummingbird_0080_56366.jpg"
3843,"Anna_Hummingbird_0006_55871.jpg"
3844,"Anna_Hummingbird_0027_55873.jpg"
3845,"Anna_Hummingbird_0098_56388.jpg"
3846,"Anna_Hummingbird_0055_56396.jpg"
3847,"Anna_Hummingbird_0074_56917.jpg"
3848,"Anna_Hummingbird_0029_55823.jpg"
3849,"Anna_Hummingbird_0054_56419.jpg"
3850,"Anna_Hummingbird_0069_56933.jpg"
3851,"Anna_Hummingbird_0099_55916.jpg"
3852,"Anna_Hummingbird_0087_56435.jpg"
3853,"Anna_Hummingbird_0121_56436.jpg"
3854,"Anna_Hummingbird_0017_56954.jpg"
3855,"Anna_Hummingbird_0001_56960.jpg"
3856,"Anna_Hummingbird_0101_56459.jpg"
3857,"Anna_Hummingbird_0066_56486.jpg"
3858,"Anna_Hummingbird_0035_56493.jpg"
3859,"Anna_Hummingbird_0086_56495.jpg"
3860,"Anna_Hummingbird_0042_55990.jpg"
3861,"Anna_Hummingbird_0028_55993.jpg"
3862,"Anna_Hummingbird_0109_57022.jpg"
3863,"Anna_Hummingbird_0019_57025.jpg"
3864,"Anna_Hummingbird_0091_56004.jpg"
3865,"Anna_Hummingbird_0112_56353.jpg"
3866,"Anna_Hummingbird_0127_56520.jpg"
3867,"Anna_Hummingbird_0038_57036.jpg"
3868,"Anna_Hummingbird_0047_56049.jpg"
3869,"Anna_Hummingbird_0044_56066.jpg"
3870,"Anna_Hummingbird_0037_56587.jpg"
3871,"Anna_Hummingbird_0070_56085.jpg"
3872,"Anna_Hummingbird_0102_56087.jpg"
3873,"Anna_Hummingbird_0094_56092.jpg"
3874,"Anna_Hummingbird_0128_57047.jpg"
3875,"Anna_Hummingbird_0053_56112.jpg"
3876,"Anna_Hummingbird_0034_56614.jpg"
3877,"Anna_Hummingbird_0122_56622.jpg"
3878,"Anna_Hummingbird_0130_56122.jpg"
3879,"Anna_Hummingbird_0022_55779.jpg"
3880,"Anna_Hummingbird_0065_56154.jpg"
3881,"Anna_Hummingbird_0059_56674.jpg"
3882,"Anna_Hummingbird_0117_55785.jpg"
3883,"Anna_Hummingbird_0031_56709.jpg"
3884,"Anna_Hummingbird_0018_56732.jpg"
3885,"Anna_Hummingbird_0096_56754.jpg"
3886,"Anna_Hummingbird_0085_56756.jpg"
3887,"Anna_Hummingbird_0024_55760.jpg"
3888,"Anna_Hummingbird_0021_55763.jpg"
3889,"Anna_Hummingbird_0115_55766.jpg"
3890,"Anna_Hummingbird_0050_56794.jpg"
3891,"Anna_Hummingbird_0118_55773.jpg"
3892,"Anna_Hummingbird_0043_56059.jpg"
3893,"Anna_Hummingbird_0040_56293.jpg"
3894,"Anna_Hummingbird_0113_56296.jpg"
3895,"Anna_Hummingbird_0036_56809.jpg"
3896,"Anna_Hummingbird_0119_56309.jpg"
3897,"Ruby_Throated_Hummingbird_0045_57347.jpg"
3898,"Ruby_Throated_Hummingbird_0005_57349.jpg"
3899,"Ruby_Throated_Hummingbird_0077_57858.jpg"
3900,"Ruby_Throated_Hummingbird_0123_57745.jpg"
3901,"Ruby_Throated_Hummingbird_0054_57364.jpg"
3902,"Ruby_Throated_Hummingbird_0088_57366.jpg"
3903,"Ruby_Throated_Hummingbird_0126_57371.jpg"
3904,"Ruby_Throated_Hummingbird_0071_57886.jpg"
3905,"Ruby_Throated_Hummingbird_0049_57891.jpg"
3906,"Ruby_Throated_Hummingbird_0064_57387.jpg"
3907,"Ruby_Throated_Hummingbird_0007_57388.jpg"
3908,"Ruby_Throated_Hummingbird_0072_57391.jpg"
3909,"Ruby_Throated_Hummingbird_0009_57904.jpg"
3910,"Ruby_Throated_Hummingbird_0083_57397.jpg"
3911,"Ruby_Throated_Hummingbird_0090_57411.jpg"
3912,"Ruby_Throated_Hummingbird_0030_57422.jpg"
3913,"Ruby_Throated_Hummingbird_0042_57431.jpg"
3914,"Ruby_Throated_Hummingbird_0052_57432.jpg"
3915,"Ruby_Throated_Hummingbird_0024_57969.jpg"
3916,"Ruby_Throated_Hummingbird_0106_57976.jpg"
3917,"Ruby_Throated_Hummingbird_0040_57982.jpg"
3918,"Ruby_Throated_Hummingbird_0014_57477.jpg"
3919,"Ruby_Throated_Hummingbird_0095_57990.jpg"
3920,"Ruby_Throated_Hummingbird_0096_57505.jpg"
3921,"Ruby_Throated_Hummingbird_0050_57510.jpg"
3922,"Ruby_Throated_Hummingbird_0098_57514.jpg"
3923,"Ruby_Throated_Hummingbird_0066_57518.jpg"
3924,"Ruby_Throated_Hummingbird_0116_58031.jpg"
3925,"Ruby_Throated_Hummingbird_0118_57536.jpg"
3926,"Ruby_Throated_Hummingbird_0075_57537.jpg"
3927,"Ruby_Throated_Hummingbird_0115_58067.jpg"
3928,"Ruby_Throated_Hummingbird_0079_58075.jpg"
3929,"Ruby_Throated_Hummingbird_0103_57573.jpg"
3930,"Ruby_Throated_Hummingbird_0119_57575.jpg"
3931,"Ruby_Throated_Hummingbird_0117_58092.jpg"
3932,"Ruby_Throated_Hummingbird_0111_58141.jpg"
3933,"Ruby_Throated_Hummingbird_0034_58148.jpg"
3934,"Ruby_Throated_Hummingbird_0048_57222.jpg"
3935,"Ruby_Throated_Hummingbird_0076_57649.jpg"
3936,"Ruby_Throated_Hummingbird_0001_58162.jpg"
3937,"Ruby_Throated_Hummingbird_0108_57653.jpg"
3938,"Ruby_Throated_Hummingbird_0032_58168.jpg"
3939,"Ruby_Throated_Hummingbird_0129_57666.jpg"
3940,"Ruby_Throated_Hummingbird_0008_58204.jpg"
3941,"Ruby_Throated_Hummingbird_0059_58210.jpg"
3942,"Ruby_Throated_Hummingbird_0078_57208.jpg"
3943,"Ruby_Throated_Hummingbird_0013_57212.jpg"
3944,"Ruby_Throated_Hummingbird_0025_57835.jpg"
3945,"Ruby_Throated_Hummingbird_0046_57225.jpg"
3946,"Ruby_Throated_Hummingbird_0003_58269.jpg"
3947,"Ruby_Throated_Hummingbird_0128_58281.jpg"
3948,"Ruby_Throated_Hummingbird_0010_58285.jpg"
3949,"Ruby_Throated_Hummingbird_0055_57781.jpg"
3950,"Ruby_Throated_Hummingbird_0084_58311.jpg"
3951,"Ruby_Throated_Hummingbird_0120_58316.jpg"
3952,"Ruby_Throated_Hummingbird_0058_57298.jpg"
3953,"Ruby_Throated_Hummingbird_0131_57813.jpg"
3954,"Ruby_Throated_Hummingbird_0027_58191.jpg"
3955,"Ruby_Throated_Hummingbird_0107_57339.jpg"
3956,"Ruby_Throated_Hummingbird_0110_57851.jpg"
3957,"Rufous_Hummingbird_0118_59393.jpg"
3958,"Rufous_Hummingbird_0009_59405.jpg"
3959,"Rufous_Hummingbird_0111_59408.jpg"
3960,"Rufous_Hummingbird_0002_58387.jpg"
3961,"Rufous_Hummingbird_0102_59414.jpg"
3962,"Rufous_Hummingbird_0031_58391.jpg"
3963,"Rufous_Hummingbird_0101_59420.jpg"
3964,"Rufous_Hummingbird_0055_59935.jpg"
3965,"Rufous_Hummingbird_0021_58408.jpg"
3966,"Rufous_Hummingbird_0035_59434.jpg"
3967,"Rufous_Hummingbird_0106_60465.jpg"
3968,"Rufous_Hummingbird_0125_58932.jpg"
3969,"Rufous_Hummingbird_0018_59447.jpg"
3970,"Rufous_Hummingbird_0047_59448.jpg"
3971,"Rufous_Hummingbird_0134_59449.jpg"
3972,"Rufous_Hummingbird_0077_59452.jpg"
3973,"Rufous_Hummingbird_0027_59456.jpg"
3974,"Rufous_Hummingbird_0007_58433.jpg"
3975,"Rufous_Hummingbird_0025_59461.jpg"
3976,"Rufous_Hummingbird_0014_59476.jpg"
3977,"Rufous_Hummingbird_0011_59480.jpg"
3978,"Rufous_Hummingbird_0057_59489.jpg"
3979,"Rufous_Hummingbird_0060_58986.jpg"
3980,"Rufous_Hummingbird_0130_59500.jpg"
3981,"Rufous_Hummingbird_0048_58478.jpg"
3982,"Rufous_Hummingbird_0052_59581.jpg"
3983,"Rufous_Hummingbird_0071_59505.jpg"
3984,"Rufous_Hummingbird_0109_60021.jpg"
3985,"Rufous_Hummingbird_0067_59510.jpg"
3986,"Rufous_Hummingbird_0017_59520.jpg"
3987,"Rufous_Hummingbird_0065_58497.jpg"
3988,"Rufous_Hummingbird_0089_59524.jpg"
3989,"Rufous_Hummingbird_0124_58465.jpg"
3990,"Rufous_Hummingbird_0064_58509.jpg"
3991,"Rufous_Hummingbird_0100_59541.jpg"
3992,"Rufous_Hummingbird_0036_59562.jpg"
3993,"Rufous_Hummingbird_0076_59563.jpg"
3994,"Rufous_Hummingbird_0081_59592.jpg"
3995,"Rufous_Hummingbird_0123_58546.jpg"
3996,"Rufous_Hummingbird_0127_59587.jpg"
3997,"Rufous_Hummingbird_0116_58568.jpg"
3998,"Rufous_Hummingbird_0006_59621.jpg"
3999,"Rufous_Hummingbird_0090_58598.jpg"
4000,"Rufous_Hummingbird_0024_59636.jpg"
4001,"Rufous_Hummingbird_0046_59647.jpg"
4002,"Rufous_Hummingbird_0016_59660.jpg"
4003,"Rufous_Hummingbird_0043_58652.jpg"
4004,"Rufous_Hummingbird_0119_59681.jpg"
4005,"Rufous_Hummingbird_0091_60551.jpg"
4006,"Rufous_Hummingbird_0113_59444.jpg"
4007,"Rufous_Hummingbird_0115_59202.jpg"
4008,"Rufous_Hummingbird_0045_59533.jpg"
4009,"Rufous_Hummingbird_0075_59619.jpg"
4010,"Rufous_Hummingbird_0074_59231.jpg"
4011,"Rufous_Hummingbird_0022_58725.jpg"
4012,"Rufous_Hummingbird_0095_60360.jpg"
4013,"Rufous_Hummingbird_0128_60398.jpg"
4014,"Rufous_Hummingbird_0121_59376.jpg"
4015,"Rufous_Hummingbird_0120_59900.jpg"
4016,"Rufous_Hummingbird_0037_60415.jpg"
4017,"Green_Violetear_0041_795648.jpg"
4018,"Green_Violetear_0017_795652.jpg"
4019,"Green_Violetear_0060_795657.jpg"
4020,"Green_Violetear_0064_795661.jpg"
4021,"Green_Violetear_0003_795662.jpg"
4022,"Green_Violetear_0005_795666.jpg"
4023,"Green_Violetear_0067_795674.jpg"
4024,"Green_Violetear_0047_795677.jpg"
4025,"Green_Violetear_0073_795680.jpg"
4026,"Green_Violetear_0066_795682.jpg"
4027,"Green_Violetear_0013_795684.jpg"
4028,"Green_Violetear_0079_795685.jpg"
4029,"Green_Violetear_0025_795692.jpg"
4030,"Green_Violetear_0105_795694.jpg"
4031,"Green_Violetear_0077_795696.jpg"
4032,"Green_Violetear_0089_795698.jpg"
4033,"Green_Violetear_0002_795699.jpg"
4034,"Green_Violetear_0057_795701.jpg"
4035,"Green_Violetear_0102_795702.jpg"
4036,"Green_Violetear_0008_795703.jpg"
4037,"Green_Violetear_0092_795704.jpg"
4038,"Green_Violetear_0024_795705.jpg"
4039,"Green_Violetear_0082_795706.jpg"
4040,"Green_Violetear_0032_795707.jpg"
4041,"Green_Violetear_0108_795711.jpg"
4042,"Green_Violetear_0055_795712.jpg"
4043,"Green_Violetear_0112_795713.jpg"
4044,"Green_Violetear_0080_795716.jpg"
4045,"Green_Violetear_0044_795717.jpg"
4046,"Green_Violetear_0074_795720.jpg"
4047,"Green_Violetear_0069_795723.jpg"
4048,"Green_Violetear_0119_795724.jpg"
4049,"Green_Violetear_0030_795736.jpg"
4050,"Green_Violetear_0045_60765.jpg"
4051,"Green_Violetear_0031_60774.jpg"
4052,"Green_Violetear_0107_60781.jpg"
4053,"Green_Violetear_0048_60789.jpg"
4054,"Green_Violetear_0034_60792.jpg"
4055,"Green_Violetear_0062_60797.jpg"
4056,"Green_Violetear_0022_60799.jpg"
4057,"Green_Violetear_0028_60800.jpg"
4058,"Green_Violetear_0029_60808.jpg"
4059,"Green_Violetear_0114_60809.jpg"
4060,"Green_Violetear_0043_60813.jpg"
4061,"Green_Violetear_0027_60841.jpg"
4062,"Green_Violetear_0078_60844.jpg"
4063,"Green_Violetear_0072_60858.jpg"
4064,"Green_Violetear_0110_60866.jpg"
4065,"Green_Violetear_0059_60873.jpg"
4066,"Green_Violetear_0021_795632.jpg"
4067,"Green_Violetear_0050_795633.jpg"
4068,"Green_Violetear_0094_795634.jpg"
4069,"Green_Violetear_0036_795635.jpg"
4070,"Green_Violetear_0081_795638.jpg"
4071,"Green_Violetear_0086_795639.jpg"
4072,"Green_Violetear_0084_795641.jpg"
4073,"Green_Violetear_0106_795643.jpg"
4074,"Green_Violetear_0103_795644.jpg"
4075,"Green_Violetear_0095_795646.jpg"
4076,"Green_Violetear_0009_795647.jpg"
4077,"Long_Tailed_Jaeger_0025_60937.jpg"
4078,"Long_Tailed_Jaeger_0012_797101.jpg"
4079,"Long_Tailed_Jaeger_0027_60950.jpg"
4080,"Long_Tailed_Jaeger_0033_60955.jpg"
4081,"Long_Tailed_Jaeger_0030_60961.jpg"
4082,"Long_Tailed_Jaeger_0011_60963.jpg"
4083,"Long_Tailed_Jaeger_0044_60968.jpg"
4084,"Long_Tailed_Jaeger_0019_60970.jpg"
4085,"Long_Tailed_Jaeger_0017_797081.jpg"
4086,"Long_Tailed_Jaeger_0064_60999.jpg"
4087,"Long_Tailed_Jaeger_0045_61007.jpg"
4088,"Long_Tailed_Jaeger_0065_61042.jpg"
4089,"Long_Tailed_Jaeger_0055_61046.jpg"
4090,"Long_Tailed_Jaeger_0061_61049.jpg"
4091,"Long_Tailed_Jaeger_0069_61060.jpg"
4092,"Long_Tailed_Jaeger_0001_797061.jpg"
4093,"Long_Tailed_Jaeger_0005_797062.jpg"
4094,"Long_Tailed_Jaeger_0049_797063.jpg"
4095,"Long_Tailed_Jaeger_0006_797065.jpg"
4096,"Long_Tailed_Jaeger_0008_797066.jpg"
4097,"Long_Tailed_Jaeger_0009_797070.jpg"
4098,"Long_Tailed_Jaeger_0023_797072.jpg"
4099,"Long_Tailed_Jaeger_0063_797073.jpg"
4100,"Long_Tailed_Jaeger_0022_797074.jpg"
4101,"Long_Tailed_Jaeger_0047_797075.jpg"
4102,"Long_Tailed_Jaeger_0036_797076.jpg"
4103,"Long_Tailed_Jaeger_0038_797077.jpg"
4104,"Long_Tailed_Jaeger_0059_797079.jpg"
4105,"Long_Tailed_Jaeger_0018_61081.jpg"
4106,"Long_Tailed_Jaeger_0003_61082.jpg"
4107,"Long_Tailed_Jaeger_0021_797083.jpg"
4108,"Long_Tailed_Jaeger_0020_61084.jpg"
4109,"Long_Tailed_Jaeger_0028_797082.jpg"
4110,"Long_Tailed_Jaeger_0014_797086.jpg"
4111,"Long_Tailed_Jaeger_0048_797087.jpg"
4112,"Long_Tailed_Jaeger_0054_797088.jpg"
4113,"Long_Tailed_Jaeger_0039_797089.jpg"
4114,"Long_Tailed_Jaeger_0070_797090.jpg"
4115,"Long_Tailed_Jaeger_0066_60921.jpg"
4116,"Long_Tailed_Jaeger_0056_797092.jpg"
4117,"Long_Tailed_Jaeger_0068_797093.jpg"
4118,"Long_Tailed_Jaeger_0057_797094.jpg"
4119,"Long_Tailed_Jaeger_0051_797095.jpg"
4120,"Long_Tailed_Jaeger_0016_797084.jpg"
4121,"Long_Tailed_Jaeger_0026_797098.jpg"
4122,"Long_Tailed_Jaeger_0037_797099.jpg"
4123,"Long_Tailed_Jaeger_0035_797100.jpg"
4124,"Long_Tailed_Jaeger_0029_61101.jpg"
4125,"Long_Tailed_Jaeger_0034_797102.jpg"
4126,"Long_Tailed_Jaeger_0050_797085.jpg"
4127,"Long_Tailed_Jaeger_0062_797104.jpg"
4128,"Long_Tailed_Jaeger_0046_797103.jpg"
4129,"Long_Tailed_Jaeger_0060_60886.jpg"
4130,"Long_Tailed_Jaeger_0013_60887.jpg"
4131,"Long_Tailed_Jaeger_0041_60891.jpg"
4132,"Long_Tailed_Jaeger_0010_60895.jpg"
4133,"Long_Tailed_Jaeger_0058_60900.jpg"
4134,"Long_Tailed_Jaeger_0053_60906.jpg"
4135,"Long_Tailed_Jaeger_0024_60915.jpg"
4136,"Long_Tailed_Jaeger_0032_61177.jpg"
4137,"Pomarine_Jaeger_0038_61446.jpg"
4138,"Pomarine_Jaeger_0030_61447.jpg"
4139,"Pomarine_Jaeger_0010_61457.jpg"
4140,"Pomarine_Jaeger_0008_61231.jpg"
4141,"Pomarine_Jaeger_0034_61247.jpg"
4142,"Pomarine_Jaeger_0024_61281.jpg"
4143,"Pomarine_Jaeger_0026_61273.jpg"
4144,"Pomarine_Jaeger_0051_795738.jpg"
4145,"Pomarine_Jaeger_0077_795739.jpg"
4146,"Pomarine_Jaeger_0009_795740.jpg"
4147,"Pomarine_Jaeger_0072_795743.jpg"
4148,"Pomarine_Jaeger_0058_795746.jpg"
4149,"Pomarine_Jaeger_0022_795747.jpg"
4150,"Pomarine_Jaeger_0033_795749.jpg"
4151,"Pomarine_Jaeger_0045_795750.jpg"
4152,"Pomarine_Jaeger_0080_795751.jpg"
4153,"Pomarine_Jaeger_0042_795755.jpg"
4154,"Pomarine_Jaeger_0060_795756.jpg"
4155,"Pomarine_Jaeger_0078_795758.jpg"
4156,"Pomarine_Jaeger_0013_795759.jpg"
4157,"Pomarine_Jaeger_0020_795761.jpg"
4158,"Pomarine_Jaeger_0055_795762.jpg"
4159,"Pomarine_Jaeger_0007_795764.jpg"
4160,"Pomarine_Jaeger_0046_61301.jpg"
4161,"Pomarine_Jaeger_0027_795767.jpg"
4162,"Pomarine_Jaeger_0071_795769.jpg"
4163,"Pomarine_Jaeger_0056_795770.jpg"
4164,"Pomarine_Jaeger_0048_795771.jpg"
4165,"Pomarine_Jaeger_0001_795772.jpg"
4166,"Pomarine_Jaeger_0012_795773.jpg"
4167,"Pomarine_Jaeger_0006_795775.jpg"
4168,"Pomarine_Jaeger_0021_795776.jpg"
4169,"Pomarine_Jaeger_0011_795777.jpg"
4170,"Pomarine_Jaeger_0003_795778.jpg"
4171,"Pomarine_Jaeger_0066_795780.jpg"
4172,"Pomarine_Jaeger_0017_795782.jpg"
4173,"Pomarine_Jaeger_0061_795788.jpg"
4174,"Pomarine_Jaeger_0032_795789.jpg"
4175,"Pomarine_Jaeger_0054_795791.jpg"
4176,"Pomarine_Jaeger_0053_795792.jpg"
4177,"Pomarine_Jaeger_0049_795795.jpg"
4178,"Pomarine_Jaeger_0004_795796.jpg"
4179,"Pomarine_Jaeger_0028_795797.jpg"
4180,"Pomarine_Jaeger_0014_61335.jpg"
4181,"Pomarine_Jaeger_0073_795800.jpg"
4182,"Pomarine_Jaeger_0059_61347.jpg"
4183,"Pomarine_Jaeger_0039_61348.jpg"
4184,"Pomarine_Jaeger_0075_61349.jpg"
4185,"Pomarine_Jaeger_0062_61351.jpg"
4186,"Pomarine_Jaeger_0002_61361.jpg"
4187,"Pomarine_Jaeger_0029_61365.jpg"
4188,"Pomarine_Jaeger_0079_61370.jpg"
4189,"Pomarine_Jaeger_0069_61381.jpg"
4190,"Pomarine_Jaeger_0043_61384.jpg"
4191,"Pomarine_Jaeger_0041_61305.jpg"
4192,"Pomarine_Jaeger_0063_61406.jpg"
4193,"Pomarine_Jaeger_0036_61410.jpg"
4194,"Pomarine_Jaeger_0031_61420.jpg"
4195,"Pomarine_Jaeger_0015_61429.jpg"
4196,"Pomarine_Jaeger_0023_61431.jpg"
4197,"Blue_Jay_0015_62916.jpg"
4198,"Blue_Jay_0033_62024.jpg"
4199,"Blue_Jay_0052_63148.jpg"
4200,"Blue_Jay_0006_63504.jpg"
4201,"Blue_Jay_0095_63505.jpg"
4202,"Blue_Jay_0081_61714.jpg"
4203,"Blue_Jay_0013_61463.jpg"
4204,"Blue_Jay_0053_62744.jpg"
4205,"Blue_Jay_0056_61723.jpg"
4206,"Blue_Jay_0088_63264.jpg"
4207,"Blue_Jay_0044_62759.jpg"
4208,"Blue_Jay_0075_63021.jpg"
4209,"Blue_Jay_0066_61490.jpg"
4210,"Blue_Jay_0083_61492.jpg"
4211,"Blue_Jay_0102_61494.jpg"
4212,"Blue_Jay_0012_63753.jpg"
4213,"Blue_Jay_0082_62524.jpg"
4214,"Blue_Jay_0038_62784.jpg"
4215,"Blue_Jay_0055_61507.jpg"
4216,"Blue_Jay_0035_63560.jpg"
4217,"Blue_Jay_0096_63330.jpg"
4218,"Blue_Jay_0089_61521.jpg"
4219,"Blue_Jay_0022_63074.jpg"
4220,"Blue_Jay_0068_61543.jpg"
4221,"Blue_Jay_0042_61545.jpg"
4222,"Blue_Jay_0060_62570.jpg"
4223,"Blue_Jay_0051_63339.jpg"
4224,"Blue_Jay_0028_63599.jpg"
4225,"Blue_Jay_0020_63604.jpg"
4226,"Blue_Jay_0036_61560.jpg"
4227,"Blue_Jay_0062_62585.jpg"
4228,"Blue_Jay_0049_63082.jpg"
4229,"Blue_Jay_0085_62831.jpg"
4230,"Blue_Jay_0017_62854.jpg"
4231,"Blue_Jay_0031_62913.jpg"
4232,"Blue_Jay_0078_62351.jpg"
4233,"Blue_Jay_0009_62873.jpg"
4234,"Blue_Jay_0027_63133.jpg"
4235,"Blue_Jay_0079_62626.jpg"
4236,"Blue_Jay_0010_61939.jpg"
4237,"Blue_Jay_0011_63660.jpg"
4238,"Blue_Jay_0061_63645.jpg"
4239,"Blue_Jay_0003_63408.jpg"
4240,"Blue_Jay_0080_61617.jpg"
4241,"Blue_Jay_0099_64435.jpg"
4242,"Blue_Jay_0024_63167.jpg"
4243,"Blue_Jay_0002_62657.jpg"
4244,"Blue_Jay_0070_63684.jpg"
4245,"Blue_Jay_0101_62882.jpg"
4246,"Blue_Jay_0092_61654.jpg"
4247,"Blue_Jay_0076_61817.jpg"
4248,"Blue_Jay_0054_61656.jpg"
4249,"Blue_Jay_0018_63455.jpg"
4250,"Blue_Jay_0072_62944.jpg"
4251,"Blue_Jay_0048_62433.jpg"
4252,"Blue_Jay_0094_62698.jpg"
4253,"Blue_Jay_0029_62199.jpg"
4254,"Blue_Jay_0086_63394.jpg"
4255,"Blue_Jay_0050_62974.jpg"
4256,"Blue_Jay_0074_63487.jpg"
4257,"Florida_Jay_0037_64515.jpg"
4258,"Florida_Jay_0105_64522.jpg"
4259,"Florida_Jay_0003_65036.jpg"
4260,"Florida_Jay_0063_64781.jpg"
4261,"Florida_Jay_0004_65042.jpg"
4262,"Florida_Jay_0086_65025.jpg"
4263,"Florida_Jay_0054_65046.jpg"
4264,"Florida_Jay_0103_64537.jpg"
4265,"Florida_Jay_0016_65051.jpg"
4266,"Florida_Jay_0109_64558.jpg"
4267,"Florida_Jay_0039_64576.jpg"
4268,"Florida_Jay_0075_65093.jpg"
4269,"Florida_Jay_0071_64993.jpg"
4270,"Florida_Jay_0061_65097.jpg"
4271,"Florida_Jay_0050_65099.jpg"
4272,"Florida_Jay_0018_64994.jpg"
4273,"Florida_Jay_0036_65107.jpg"
4274,"Florida_Jay_0083_64599.jpg"
4275,"Florida_Jay_0029_65114.jpg"
4276,"Florida_Jay_0081_64859.jpg"
4277,"Florida_Jay_0110_64605.jpg"
4278,"Florida_Jay_0085_65129.jpg"
4279,"Florida_Jay_0104_64885.jpg"
4280,"Florida_Jay_0012_64887.jpg"
4281,"Florida_Jay_0052_64633.jpg"
4282,"Florida_Jay_0088_65147.jpg"
4283,"Florida_Jay_0047_65088.jpg"
4284,"Florida_Jay_0100_64645.jpg"
4285,"Florida_Jay_0097_64906.jpg"
4286,"Florida_Jay_0111_64651.jpg"
4287,"Florida_Jay_0011_64920.jpg"
4288,"Florida_Jay_0044_64664.jpg"
4289,"Florida_Jay_0092_64924.jpg"
4290,"Florida_Jay_0025_64673.jpg"
4291,"Florida_Jay_0093_64675.jpg"
4292,"Florida_Jay_0026_64938.jpg"
4293,"Florida_Jay_0005_64940.jpg"
4294,"Florida_Jay_0027_64689.jpg"
4295,"Florida_Jay_0078_64692.jpg"
4296,"Florida_Jay_0108_64694.jpg"
4297,"Florida_Jay_0021_64698.jpg"
4298,"Florida_Jay_0013_64706.jpg"
4299,"Florida_Jay_0095_64707.jpg"
4300,"Florida_Jay_0007_64708.jpg"
4301,"Florida_Jay_0053_64966.jpg"
4302,"Florida_Jay_0079_64713.jpg"
4303,"Florida_Jay_0035_64463.jpg"
4304,"Florida_Jay_0009_64723.jpg"
4305,"Florida_Jay_0080_64505.jpg"
4306,"Florida_Jay_0002_64476.jpg"
4307,"Florida_Jay_0041_64734.jpg"
4308,"Florida_Jay_0099_64735.jpg"
4309,"Florida_Jay_0008_64482.jpg"
4310,"Florida_Jay_0065_64739.jpg"
4311,"Florida_Jay_0062_64996.jpg"
4312,"Florida_Jay_0058_64997.jpg"
4313,"Florida_Jay_0046_64488.jpg"
4314,"Florida_Jay_0073_64896.jpg"
4315,"Florida_Jay_0017_65017.jpg"
4316,"Florida_Jay_0066_65018.jpg"
4317,"Green_Jay_0041_65548.jpg"
4318,"Green_Jay_0064_65552.jpg"
4319,"Green_Jay_0089_66075.jpg"
4320,"Green_Jay_0121_65564.jpg"
4321,"Green_Jay_0085_66077.jpg"
4322,"Green_Jay_0059_65586.jpg"
4323,"Green_Jay_0126_65716.jpg"
4324,"Green_Jay_0049_65600.jpg"
4325,"Green_Jay_0039_66118.jpg"
4326,"Green_Jay_0128_65629.jpg"
4327,"Green_Jay_0029_65637.jpg"
4328,"Green_Jay_0020_66168.jpg"
4329,"Green_Jay_0036_65660.jpg"
4330,"Green_Jay_0052_66174.jpg"
4331,"Green_Jay_0129_65680.jpg"
4332,"Green_Jay_0075_65701.jpg"
4333,"Green_Jay_0038_65702.jpg"
4334,"Green_Jay_0044_66228.jpg"
4335,"Green_Jay_0028_65719.jpg"
4336,"Green_Jay_0077_65736.jpg"
4337,"Green_Jay_0118_66251.jpg"
4338,"Green_Jay_0042_65740.jpg"
4339,"Green_Jay_0115_65745.jpg"
4340,"Green_Jay_0047_65757.jpg"
4341,"Green_Jay_0003_65767.jpg"
4342,"Green_Jay_0094_65775.jpg"
4343,"Green_Jay_0051_65662.jpg"
4344,"Green_Jay_0027_65783.jpg"
4345,"Green_Jay_0100_65786.jpg"
4346,"Green_Jay_0006_65788.jpg"
4347,"Green_Jay_0015_65796.jpg"
4348,"Green_Jay_0071_65799.jpg"
4349,"Green_Jay_0043_65805.jpg"
4350,"Green_Jay_0055_65807.jpg"
4351,"Green_Jay_0106_65811.jpg"
4352,"Green_Jay_0102_65813.jpg"
4353,"Green_Jay_0030_65824.jpg"
4354,"Green_Jay_0014_65825.jpg"
4355,"Green_Jay_0114_65841.jpg"
4356,"Green_Jay_0086_65847.jpg"
4357,"Green_Jay_0124_65848.jpg"
4358,"Green_Jay_0032_65851.jpg"
4359,"Green_Jay_0098_65857.jpg"
4360,"Green_Jay_0040_65863.jpg"
4361,"Green_Jay_0016_65864.jpg"
4362,"Green_Jay_0111_65869.jpg"
4363,"Green_Jay_0095_65881.jpg"
4364,"Green_Jay_0092_65884.jpg"
4365,"Green_Jay_0130_65885.jpg"
4366,"Green_Jay_0132_65886.jpg"
4367,"Green_Jay_0074_65889.jpg"
4368,"Green_Jay_0090_65895.jpg"
4369,"Green_Jay_0023_65898.jpg"
4370,"Green_Jay_0066_65902.jpg"
4371,"Green_Jay_0104_65908.jpg"
4372,"Green_Jay_0063_65925.jpg"
4373,"Green_Jay_0011_65947.jpg"
4374,"Dark_Eyed_Junco_0087_68102.jpg"
4375,"Dark_Eyed_Junco_0015_66576.jpg"
4376,"Dark_Eyed_Junco_0057_68650.jpg"
4377,"Dark_Eyed_Junco_0106_68139.jpg"
4378,"Dark_Eyed_Junco_0023_68661.jpg"
4379,"Dark_Eyed_Junco_0124_67664.jpg"
4380,"Dark_Eyed_Junco_0043_68689.jpg"
4381,"Dark_Eyed_Junco_0010_66649.jpg"
4382,"Dark_Eyed_Junco_0017_67676.jpg"
4383,"Dark_Eyed_Junco_0062_68198.jpg"
4384,"Dark_Eyed_Junco_0063_67688.jpg"
4385,"Dark_Eyed_Junco_0103_67700.jpg"
4386,"Dark_Eyed_Junco_0044_68213.jpg"
4387,"Dark_Eyed_Junco_0094_68735.jpg"
4388,"Dark_Eyed_Junco_0040_66689.jpg"
4389,"Dark_Eyed_Junco_0016_68738.jpg"
4390,"Dark_Eyed_Junco_0081_67223.jpg"
4391,"Dark_Eyed_Junco_0088_66722.jpg"
4392,"Dark_Eyed_Junco_0013_66332.jpg"
4393,"Dark_Eyed_Junco_0058_68784.jpg"
4394,"Dark_Eyed_Junco_0005_68813.jpg"
4395,"Dark_Eyed_Junco_0014_66258.jpg"
4396,"Dark_Eyed_Junco_0021_66261.jpg"
4397,"Dark_Eyed_Junco_0031_66785.jpg"
4398,"Dark_Eyed_Junco_0072_67810.jpg"
4399,"Dark_Eyed_Junco_0011_66280.jpg"
4400,"Dark_Eyed_Junco_0104_67820.jpg"
4401,"Dark_Eyed_Junco_0061_66858.jpg"
4402,"Dark_Eyed_Junco_0059_66305.jpg"
4403,"Dark_Eyed_Junco_0093_67335.jpg"
4404,"Dark_Eyed_Junco_0037_66321.jpg"
4405,"Dark_Eyed_Junco_0109_66326.jpg"
4406,"Dark_Eyed_Junco_0130_67867.jpg"
4407,"Dark_Eyed_Junco_0099_67868.jpg"
4408,"Dark_Eyed_Junco_0078_66866.jpg"
4409,"Dark_Eyed_Junco_0069_68416.jpg"
4410,"Dark_Eyed_Junco_0008_68321.jpg"
4411,"Dark_Eyed_Junco_0102_67402.jpg"
4412,"Dark_Eyed_Junco_0030_68439.jpg"
4413,"Dark_Eyed_Junco_0024_68961.jpg"
4414,"Dark_Eyed_Junco_0071_67426.jpg"
4415,"Dark_Eyed_Junco_0091_67304.jpg"
4416,"Dark_Eyed_Junco_0012_66932.jpg"
4417,"Dark_Eyed_Junco_0113_68470.jpg"
4418,"Dark_Eyed_Junco_0131_66423.jpg"
4419,"Dark_Eyed_Junco_0114_67964.jpg"
4420,"Dark_Eyed_Junco_0086_66437.jpg"
4421,"Dark_Eyed_Junco_0083_66449.jpg"
4422,"Dark_Eyed_Junco_0089_68498.jpg"
4423,"Dark_Eyed_Junco_0084_66455.jpg"
4424,"Dark_Eyed_Junco_0115_68840.jpg"
4425,"Dark_Eyed_Junco_0041_66464.jpg"
4426,"Dark_Eyed_Junco_0096_68514.jpg"
4427,"Dark_Eyed_Junco_0048_66981.jpg"
4428,"Dark_Eyed_Junco_0056_67498.jpg"
4429,"Dark_Eyed_Junco_0132_66476.jpg"
4430,"Dark_Eyed_Junco_0105_66479.jpg"
4431,"Dark_Eyed_Junco_0111_66488.jpg"
4432,"Dark_Eyed_Junco_0090_69051.jpg"
4433,"Dark_Eyed_Junco_0026_68061.jpg"
4434,"Tropical_Kingbird_0064_69889.jpg"
4435,"Tropical_Kingbird_0098_69642.jpg"
4436,"Tropical_Kingbird_0019_69643.jpg"
4437,"Tropical_Kingbird_0014_69647.jpg"
4438,"Tropical_Kingbird_0068_69397.jpg"
4439,"Tropical_Kingbird_0102_69654.jpg"
4440,"Tropical_Kingbird_0081_69656.jpg"
4441,"Tropical_Kingbird_0073_69401.jpg"
4442,"Tropical_Kingbird_0006_69521.jpg"
4443,"Tropical_Kingbird_0004_69659.jpg"
4444,"Tropical_Kingbird_0005_69662.jpg"
4445,"Tropical_Kingbird_0049_69933.jpg"
4446,"Tropical_Kingbird_0002_69595.jpg"
4447,"Tropical_Kingbird_0036_69939.jpg"
4448,"Tropical_Kingbird_0096_69684.jpg"
4449,"Tropical_Kingbird_0060_69942.jpg"
4450,"Tropical_Kingbird_0122_69687.jpg"
4451,"Tropical_Kingbird_0045_69605.jpg"
4452,"Tropical_Kingbird_0097_69436.jpg"
4453,"Tropical_Kingbird_0074_69949.jpg"
4454,"Tropical_Kingbird_0041_69954.jpg"
4455,"Tropical_Kingbird_0114_69700.jpg"
4456,"Tropical_Kingbird_0001_69958.jpg"
4457,"Tropical_Kingbird_0038_69455.jpg"
4458,"Tropical_Kingbird_0116_69714.jpg"
4459,"Tropical_Kingbird_0017_69715.jpg"
4460,"Tropical_Kingbird_0047_69719.jpg"
4461,"Tropical_Kingbird_0075_69978.jpg"
4462,"Tropical_Kingbird_0040_69728.jpg"
4463,"Tropical_Kingbird_0110_69731.jpg"
4464,"Tropical_Kingbird_0027_69735.jpg"
4465,"Tropical_Kingbird_0085_69737.jpg"
4466,"Tropical_Kingbird_0095_69482.jpg"
4467,"Tropical_Kingbird_0052_69739.jpg"
4468,"Tropical_Kingbird_0115_69485.jpg"
4469,"Tropical_Kingbird_0022_69742.jpg"
4470,"Tropical_Kingbird_0034_69242.jpg"
4471,"Tropical_Kingbird_0086_69759.jpg"
4472,"Tropical_Kingbird_0039_69253.jpg"
4473,"Tropical_Kingbird_0023_69998.jpg"
4474,"Tropical_Kingbird_0067_69792.jpg"
4475,"Tropical_Kingbird_0057_69283.jpg"
4476,"Tropical_Kingbird_0044_69815.jpg"
4477,"Tropical_Kingbird_0056_69509.jpg"
4478,"Tropical_Kingbird_0103_69311.jpg"
4479,"Tropical_Kingbird_0084_69312.jpg"
4480,"Tropical_Kingbird_0066_69320.jpg"
4481,"Tropical_Kingbird_0024_69582.jpg"
4482,"Tropical_Kingbird_0010_69583.jpg"
4483,"Tropical_Kingbird_0031_69333.jpg"
4484,"Tropical_Kingbird_0087_69592.jpg"
4485,"Tropical_Kingbird_0003_69852.jpg"
4486,"Tropical_Kingbird_0088_69856.jpg"
4487,"Tropical_Kingbird_0051_69609.jpg"
4488,"Tropical_Kingbird_0043_69613.jpg"
4489,"Tropical_Kingbird_0007_69361.jpg"
4490,"Tropical_Kingbird_0018_69619.jpg"
4491,"Tropical_Kingbird_0011_69877.jpg"
4492,"Tropical_Kingbird_0079_69371.jpg"
4493,"Tropical_Kingbird_0063_69589.jpg"
4494,"Gray_Kingbird_0025_70152.jpg"
4495,"Gray_Kingbird_0022_70155.jpg"
4496,"Gray_Kingbird_0056_70156.jpg"
4497,"Gray_Kingbird_0017_70161.jpg"
4498,"Gray_Kingbird_0083_70162.jpg"
4499,"Gray_Kingbird_0053_70166.jpg"
4500,"Gray_Kingbird_0084_70171.jpg"
4501,"Gray_Kingbird_0036_70184.jpg"
4502,"Gray_Kingbird_0075_70188.jpg"
4503,"Gray_Kingbird_0077_70191.jpg"
4504,"Gray_Kingbird_0001_70224.jpg"
4505,"Gray_Kingbird_0014_70227.jpg"
4506,"Gray_Kingbird_0021_70228.jpg"
4507,"Gray_Kingbird_0049_795022.jpg"
4508,"Gray_Kingbird_0009_795023.jpg"
4509,"Gray_Kingbird_0018_70241.jpg"
4510,"Gray_Kingbird_0062_795026.jpg"
4511,"Gray_Kingbird_0045_70256.jpg"
4512,"Gray_Kingbird_0054_70264.jpg"
4513,"Gray_Kingbird_0006_70268.jpg"
4514,"Gray_Kingbird_0081_70276.jpg"
4515,"Gray_Kingbird_0019_795013.jpg"
4516,"Gray_Kingbird_0082_795014.jpg"
4517,"Gray_Kingbird_0029_795015.jpg"
4518,"Gray_Kingbird_0008_70282.jpg"
4519,"Gray_Kingbird_0060_795021.jpg"
4520,"Gray_Kingbird_0063_70287.jpg"
4521,"Gray_Kingbird_0016_70288.jpg"
4522,"Gray_Kingbird_0055_70290.jpg"
4523,"Gray_Kingbird_0035_795027.jpg"
4524,"Gray_Kingbird_0068_70292.jpg"
4525,"Gray_Kingbird_0004_70293.jpg"
4526,"Gray_Kingbird_0059_795030.jpg"
4527,"Gray_Kingbird_0043_795032.jpg"
4528,"Gray_Kingbird_0023_795035.jpg"
4529,"Gray_Kingbird_0028_70303.jpg"
4530,"Gray_Kingbird_0003_70305.jpg"
4531,"Gray_Kingbird_0037_70050.jpg"
4532,"Gray_Kingbird_0070_70051.jpg"
4533,"Gray_Kingbird_0031_70308.jpg"
4534,"Gray_Kingbird_0050_70056.jpg"
4535,"Gray_Kingbird_0010_70057.jpg"
4536,"Gray_Kingbird_0044_70322.jpg"
4537,"Gray_Kingbird_0034_70069.jpg"
4538,"Gray_Kingbird_0076_70070.jpg"
4539,"Gray_Kingbird_0080_70077.jpg"
4540,"Gray_Kingbird_0069_70082.jpg"
4541,"Gray_Kingbird_0042_70083.jpg"
4542,"Gray_Kingbird_0026_70089.jpg"
4543,"Gray_Kingbird_0013_70135.jpg"
4544,"Gray_Kingbird_0071_70100.jpg"
4545,"Gray_Kingbird_0005_70103.jpg"
4546,"Gray_Kingbird_0030_70110.jpg"
4547,"Gray_Kingbird_0032_70111.jpg"
4548,"Gray_Kingbird_0038_70118.jpg"
4549,"Gray_Kingbird_0041_70119.jpg"
4550,"Gray_Kingbird_0052_795024.jpg"
4551,"Gray_Kingbird_0040_70313.jpg"
4552,"Gray_Kingbird_0051_70139.jpg"
4553,"Belted_Kingfisher_0020_70922.jpg"
4554,"Belted_Kingfisher_0011_70923.jpg"
4555,"Belted_Kingfisher_0008_70668.jpg"
4556,"Belted_Kingfisher_0075_70873.jpg"
4557,"Belted_Kingfisher_0054_70424.jpg"
4558,"Belted_Kingfisher_0040_70432.jpg"
4559,"Belted_Kingfisher_0099_70449.jpg"
4560,"Belted_Kingfisher_0094_70698.jpg"
4561,"Belted_Kingfisher_0047_70705.jpg"
4562,"Belted_Kingfisher_0082_70711.jpg"
4563,"Belted_Kingfisher_0087_70724.jpg"
4564,"Belted_Kingfisher_0080_70725.jpg"
4565,"Belted_Kingfisher_0072_70924.jpg"
4566,"Belted_Kingfisher_0019_70744.jpg"
4567,"Belted_Kingfisher_0043_70492.jpg"
4568,"Belted_Kingfisher_0044_70494.jpg"
4569,"Belted_Kingfisher_0016_70495.jpg"
4570,"Belted_Kingfisher_0013_70753.jpg"
4571,"Belted_Kingfisher_0025_70501.jpg"
4572,"Belted_Kingfisher_0085_70503.jpg"
4573,"Belted_Kingfisher_0031_70506.jpg"
4574,"Belted_Kingfisher_0056_70516.jpg"
4575,"Belted_Kingfisher_0055_70517.jpg"
4576,"Belted_Kingfisher_0057_70582.jpg"
4577,"Belted_Kingfisher_0079_70524.jpg"
4578,"Belted_Kingfisher_0048_70532.jpg"
4579,"Belted_Kingfisher_0009_70536.jpg"
4580,"Belted_Kingfisher_0024_70538.jpg"
4581,"Belted_Kingfisher_0041_70595.jpg"
4582,"Belted_Kingfisher_0105_70550.jpg"
4583,"Belted_Kingfisher_0104_70596.jpg"
4584,"Belted_Kingfisher_0108_70554.jpg"
4585,"Belted_Kingfisher_0065_70560.jpg"
4586,"Belted_Kingfisher_0086_70569.jpg"
4587,"Belted_Kingfisher_0032_70573.jpg"
4588,"Belted_Kingfisher_0063_70835.jpg"
4589,"Belted_Kingfisher_0012_70325.jpg"
4590,"Belted_Kingfisher_0073_70326.jpg"
4591,"Belted_Kingfisher_0071_70584.jpg"
4592,"Belted_Kingfisher_0034_70329.jpg"
4593,"Belted_Kingfisher_0058_70848.jpg"
4594,"Belted_Kingfisher_0017_70342.jpg"
4595,"Belted_Kingfisher_0096_70347.jpg"
4596,"Belted_Kingfisher_0066_70356.jpg"
4597,"Belted_Kingfisher_0028_70358.jpg"
4598,"Belted_Kingfisher_0093_70360.jpg"
4599,"Belted_Kingfisher_0061_70363.jpg"
4600,"Belted_Kingfisher_0077_70620.jpg"
4601,"Belted_Kingfisher_0078_70366.jpg"
4602,"Belted_Kingfisher_0006_70625.jpg"
4603,"Belted_Kingfisher_0107_70883.jpg"
4604,"Belted_Kingfisher_0111_70375.jpg"
4605,"Belted_Kingfisher_0112_70634.jpg"
4606,"Belted_Kingfisher_0015_70638.jpg"
4607,"Belted_Kingfisher_0053_70899.jpg"
4608,"Belted_Kingfisher_0035_70644.jpg"
4609,"Belted_Kingfisher_0005_70389.jpg"
4610,"Belted_Kingfisher_0027_70397.jpg"
4611,"Belted_Kingfisher_0014_70910.jpg"
4612,"Belted_Kingfisher_0084_70399.jpg"
4613,"Green_Kingfisher_0046_71178.jpg"
4614,"Green_Kingfisher_0011_71183.jpg"
4615,"Green_Kingfisher_0093_71185.jpg"
4616,"Green_Kingfisher_0018_71189.jpg"
4617,"Green_Kingfisher_0010_71191.jpg"
4618,"Green_Kingfisher_0060_66074.jpg"
4619,"Green_Kingfisher_0016_71198.jpg"
4620,"Green_Kingfisher_0066_71200.jpg"
4621,"Green_Kingfisher_0081_70953.jpg"
4622,"Green_Kingfisher_0043_71212.jpg"
4623,"Green_Kingfisher_0017_70957.jpg"
4624,"Green_Kingfisher_0074_71214.jpg"
4625,"Green_Kingfisher_0022_71223.jpg"
4626,"Green_Kingfisher_0003_70970.jpg"
4627,"Green_Kingfisher_0056_70972.jpg"
4628,"Green_Kingfisher_0031_71229.jpg"
4629,"Green_Kingfisher_0067_71093.jpg"
4630,"Green_Kingfisher_0028_70981.jpg"
4631,"Green_Kingfisher_0062_70985.jpg"
4632,"Green_Kingfisher_0091_71248.jpg"
4633,"Green_Kingfisher_0057_71096.jpg"
4634,"Green_Kingfisher_0058_70998.jpg"
4635,"Green_Kingfisher_0071_71255.jpg"
4636,"Green_Kingfisher_0021_71009.jpg"
4637,"Green_Kingfisher_0079_71267.jpg"
4638,"Green_Kingfisher_0026_71059.jpg"
4639,"Green_Kingfisher_0042_71028.jpg"
4640,"Green_Kingfisher_0092_71106.jpg"
4641,"Green_Kingfisher_0013_71293.jpg"
4642,"Green_Kingfisher_0009_70933.jpg"
4643,"Green_Kingfisher_0006_71297.jpg"
4644,"Green_Kingfisher_0015_71042.jpg"
4645,"Green_Kingfisher_0027_71048.jpg"
4646,"Green_Kingfisher_0032_71050.jpg"
4647,"Green_Kingfisher_0069_71053.jpg"
4648,"Green_Kingfisher_0002_71055.jpg"
4649,"Green_Kingfisher_0053_71319.jpg"
4650,"Green_Kingfisher_0045_71064.jpg"
4651,"Green_Kingfisher_0089_71325.jpg"
4652,"Green_Kingfisher_0034_71075.jpg"
4653,"Green_Kingfisher_0004_71076.jpg"
4654,"Green_Kingfisher_0096_71080.jpg"
4655,"Green_Kingfisher_0063_71345.jpg"
4656,"Green_Kingfisher_0099_70942.jpg"
4657,"Green_Kingfisher_0005_71352.jpg"
4658,"Green_Kingfisher_0097_71102.jpg"
4659,"Green_Kingfisher_0094_71112.jpg"
4660,"Green_Kingfisher_0037_71113.jpg"
4661,"Green_Kingfisher_0059_71119.jpg"
4662,"Green_Kingfisher_0088_71122.jpg"
4663,"Green_Kingfisher_0077_71129.jpg"
4664,"Green_Kingfisher_0070_71387.jpg"
4665,"Green_Kingfisher_0065_71132.jpg"
4666,"Green_Kingfisher_0035_71133.jpg"
4667,"Green_Kingfisher_0001_71138.jpg"
4668,"Green_Kingfisher_0039_71037.jpg"
4669,"Green_Kingfisher_0020_71155.jpg"
4670,"Green_Kingfisher_0036_71156.jpg"
4671,"Green_Kingfisher_0007_71163.jpg"
4672,"Green_Kingfisher_0048_71164.jpg"
4673,"Pied_Kingfisher_0132_72706.jpg"
4674,"Pied_Kingfisher_0080_72199.jpg"
4675,"Pied_Kingfisher_0002_71698.jpg"
4676,"Pied_Kingfisher_0028_72221.jpg"
4677,"Pied_Kingfisher_0040_72739.jpg"
4678,"Pied_Kingfisher_0022_72247.jpg"
4679,"Pied_Kingfisher_0053_72761.jpg"
4680,"Pied_Kingfisher_0128_72775.jpg"
4681,"Pied_Kingfisher_0036_72275.jpg"
4682,"Pied_Kingfisher_0068_72278.jpg"
4683,"Pied_Kingfisher_0016_72280.jpg"
4684,"Pied_Kingfisher_0054_72296.jpg"
4685,"Pied_Kingfisher_0015_72299.jpg"
4686,"Pied_Kingfisher_0122_71789.jpg"
4687,"Pied_Kingfisher_0032_71792.jpg"
4688,"Pied_Kingfisher_0017_72316.jpg"
4689,"Pied_Kingfisher_0031_71829.jpg"
4690,"Pied_Kingfisher_0102_72349.jpg"
4691,"Pied_Kingfisher_0121_72378.jpg"
4692,"Pied_Kingfisher_0062_72379.jpg"
4693,"Pied_Kingfisher_0065_71871.jpg"
4694,"Pied_Kingfisher_0026_71875.jpg"
4695,"Pied_Kingfisher_0033_71883.jpg"
4696,"Pied_Kingfisher_0047_72401.jpg"
4697,"Pied_Kingfisher_0097_71895.jpg"
4698,"Pied_Kingfisher_0116_71900.jpg"
4699,"Pied_Kingfisher_0106_71404.jpg"
4700,"Pied_Kingfisher_0083_72430.jpg"
4701,"Pied_Kingfisher_0061_72193.jpg"
4702,"Pied_Kingfisher_0029_72440.jpg"
4703,"Pied_Kingfisher_0051_71429.jpg"
4704,"Pied_Kingfisher_0027_71434.jpg"
4705,"Pied_Kingfisher_0117_71947.jpg"
4706,"Pied_Kingfisher_0093_72465.jpg"
4707,"Pied_Kingfisher_0025_72469.jpg"
4708,"Pied_Kingfisher_0075_72581.jpg"
4709,"Pied_Kingfisher_0059_72492.jpg"
4710,"Pied_Kingfisher_0078_71985.jpg"
4711,"Pied_Kingfisher_0021_72498.jpg"
4712,"Pied_Kingfisher_0107_71987.jpg"
4713,"Pied_Kingfisher_0073_72508.jpg"
4714,"Pied_Kingfisher_0063_71999.jpg"
4715,"Pied_Kingfisher_0095_72008.jpg"
4716,"Pied_Kingfisher_0071_72576.jpg"
4717,"Pied_Kingfisher_0074_71830.jpg"
4718,"Pied_Kingfisher_0024_71560.jpg"
4719,"Pied_Kingfisher_0109_72082.jpg"
4720,"Pied_Kingfisher_0030_72603.jpg"
4721,"Pied_Kingfisher_0013_72114.jpg"
4722,"Pied_Kingfisher_0118_72115.jpg"
4723,"Pied_Kingfisher_0014_72119.jpg"
4724,"Pied_Kingfisher_0007_72438.jpg"
4725,"Pied_Kingfisher_0004_72135.jpg"
4726,"Pied_Kingfisher_0011_72143.jpg"
4727,"Pied_Kingfisher_0019_72659.jpg"
4728,"Pied_Kingfisher_0067_71641.jpg"
4729,"Pied_Kingfisher_0046_72156.jpg"
4730,"Pied_Kingfisher_0045_71143.jpg"
4731,"Pied_Kingfisher_0018_71657.jpg"
4732,"Pied_Kingfisher_0085_71557.jpg"
4733,"Ringed_Kingfisher_0079_72961.jpg"
4734,"Ringed_Kingfisher_0004_72966.jpg"
4735,"Ringed_Kingfisher_0012_72974.jpg"
4736,"Ringed_Kingfisher_0033_73133.jpg"
4737,"Ringed_Kingfisher_0044_72976.jpg"
4738,"Ringed_Kingfisher_0011_72982.jpg"
4739,"Ringed_Kingfisher_0107_72983.jpg"
4740,"Ringed_Kingfisher_0075_73135.jpg"
4741,"Ringed_Kingfisher_0003_72994.jpg"
4742,"Ringed_Kingfisher_0051_72997.jpg"
4743,"Ringed_Kingfisher_0094_72998.jpg"
4744,"Ringed_Kingfisher_0050_73002.jpg"
4745,"Ringed_Kingfisher_0076_73095.jpg"
4746,"Ringed_Kingfisher_0035_73012.jpg"
4747,"Ringed_Kingfisher_0028_73018.jpg"
4748,"Ringed_Kingfisher_0016_73029.jpg"
4749,"Ringed_Kingfisher_0039_71052.jpg"
4750,"Ringed_Kingfisher_0038_73041.jpg"
4751,"Ringed_Kingfisher_0009_72786.jpg"
4752,"Ringed_Kingfisher_0001_73048.jpg"
4753,"Ringed_Kingfisher_0087_72794.jpg"
4754,"Ringed_Kingfisher_0025_72795.jpg"
4755,"Ringed_Kingfisher_0083_73053.jpg"
4756,"Ringed_Kingfisher_0014_72798.jpg"
4757,"Ringed_Kingfisher_0057_72812.jpg"
4758,"Ringed_Kingfisher_0078_72826.jpg"
4759,"Ringed_Kingfisher_0005_73086.jpg"
4760,"Ringed_Kingfisher_0015_72835.jpg"
4761,"Ringed_Kingfisher_0091_72839.jpg"
4762,"Ringed_Kingfisher_0021_72848.jpg"
4763,"Ringed_Kingfisher_0040_72852.jpg"
4764,"Ringed_Kingfisher_0041_72853.jpg"
4765,"Ringed_Kingfisher_0098_73110.jpg"
4766,"Ringed_Kingfisher_0073_73118.jpg"
4767,"Ringed_Kingfisher_0056_72863.jpg"
4768,"Ringed_Kingfisher_0026_72867.jpg"
4769,"Ringed_Kingfisher_0052_72871.jpg"
4770,"Ringed_Kingfisher_0077_72872.jpg"
4771,"Ringed_Kingfisher_0074_73130.jpg"
4772,"Ringed_Kingfisher_0053_72875.jpg"
4773,"Ringed_Kingfisher_0060_73132.jpg"
4774,"Ringed_Kingfisher_0043_72877.jpg"
4775,"Ringed_Kingfisher_0020_72888.jpg"
4776,"Ringed_Kingfisher_0017_73145.jpg"
4777,"Ringed_Kingfisher_0103_72894.jpg"
4778,"Ringed_Kingfisher_0023_72910.jpg"
4779,"Ringed_Kingfisher_0029_73165.jpg"
4780,"Ringed_Kingfisher_0042_72913.jpg"
4781,"Ringed_Kingfisher_0101_72919.jpg"
4782,"Ringed_Kingfisher_0024_73178.jpg"
4783,"Ringed_Kingfisher_0080_72923.jpg"
4784,"Ringed_Kingfisher_0108_73169.jpg"
4785,"Ringed_Kingfisher_0102_72941.jpg"
4786,"Ringed_Kingfisher_0008_72943.jpg"
4787,"Ringed_Kingfisher_0089_72947.jpg"
4788,"Ringed_Kingfisher_0027_72948.jpg"
4789,"Ringed_Kingfisher_0072_72954.jpg"
4790,"Ringed_Kingfisher_0082_72955.jpg"
4791,"Ringed_Kingfisher_0018_72957.jpg"
4792,"Ringed_Kingfisher_0071_72958.jpg"
4793,"White_Breasted_Kingfisher_0037_73220.jpg"
4794,"White_Breasted_Kingfisher_0024_73736.jpg"
4795,"White_Breasted_Kingfisher_0098_73227.jpg"
4796,"White_Breasted_Kingfisher_0004_73741.jpg"
4797,"White_Breasted_Kingfisher_0023_73230.jpg"
4798,"White_Breasted_Kingfisher_0029_73233.jpg"
4799,"White_Breasted_Kingfisher_0002_73491.jpg"
4800,"White_Breasted_Kingfisher_0071_73236.jpg"
4801,"White_Breasted_Kingfisher_0053_73476.jpg"
4802,"White_Breasted_Kingfisher_0073_73498.jpg"
4803,"White_Breasted_Kingfisher_0084_73247.jpg"
4804,"White_Breasted_Kingfisher_0032_73248.jpg"
4805,"White_Breasted_Kingfisher_0047_73251.jpg"
4806,"White_Breasted_Kingfisher_0115_73252.jpg"
4807,"White_Breasted_Kingfisher_0121_73258.jpg"
4808,"White_Breasted_Kingfisher_0101_73261.jpg"
4809,"White_Breasted_Kingfisher_0087_73264.jpg"
4810,"White_Breasted_Kingfisher_0107_73265.jpg"
4811,"White_Breasted_Kingfisher_0040_73266.jpg"
4812,"White_Breasted_Kingfisher_0011_73267.jpg"
4813,"White_Breasted_Kingfisher_0117_73283.jpg"
4814,"White_Breasted_Kingfisher_0035_73290.jpg"
4815,"White_Breasted_Kingfisher_0048_73292.jpg"
4816,"White_Breasted_Kingfisher_0116_73295.jpg"
4817,"White_Breasted_Kingfisher_0096_73552.jpg"
4818,"White_Breasted_Kingfisher_0067_73300.jpg"
4819,"White_Breasted_Kingfisher_0019_73306.jpg"
4820,"White_Breasted_Kingfisher_0093_73311.jpg"
4821,"White_Breasted_Kingfisher_0103_73316.jpg"
4822,"White_Breasted_Kingfisher_0054_73587.jpg"
4823,"White_Breasted_Kingfisher_0030_73335.jpg"
4824,"White_Breasted_Kingfisher_0003_73195.jpg"
4825,"White_Breasted_Kingfisher_0045_73600.jpg"
4826,"White_Breasted_Kingfisher_0056_73353.jpg"
4827,"White_Breasted_Kingfisher_0017_73355.jpg"
4828,"White_Breasted_Kingfisher_0085_73363.jpg"
4829,"White_Breasted_Kingfisher_0063_73365.jpg"
4830,"White_Breasted_Kingfisher_0012_73367.jpg"
4831,"White_Breasted_Kingfisher_0111_73369.jpg"
4832,"White_Breasted_Kingfisher_0089_73371.jpg"
4833,"White_Breasted_Kingfisher_0065_73372.jpg"
4834,"White_Breasted_Kingfisher_0078_73373.jpg"
4835,"White_Breasted_Kingfisher_0088_73386.jpg"
4836,"White_Breasted_Kingfisher_0104_73398.jpg"
4837,"White_Breasted_Kingfisher_0119_73401.jpg"
4838,"White_Breasted_Kingfisher_0036_73403.jpg"
4839,"White_Breasted_Kingfisher_0109_73683.jpg"
4840,"White_Breasted_Kingfisher_0074_73408.jpg"
4841,"White_Breasted_Kingfisher_0049_73420.jpg"
4842,"White_Breasted_Kingfisher_0062_73425.jpg"
4843,"White_Breasted_Kingfisher_0050_73682.jpg"
4844,"White_Breasted_Kingfisher_0120_73439.jpg"
4845,"White_Breasted_Kingfisher_0018_71137.jpg"
4846,"White_Breasted_Kingfisher_0052_73446.jpg"
4847,"White_Breasted_Kingfisher_0015_73192.jpg"
4848,"White_Breasted_Kingfisher_0118_73511.jpg"
4849,"White_Breasted_Kingfisher_0122_73199.jpg"
4850,"White_Breasted_Kingfisher_0026_73201.jpg"
4851,"White_Breasted_Kingfisher_0022_73459.jpg"
4852,"White_Breasted_Kingfisher_0123_73211.jpg"
4853,"Red_Legged_Kittiwake_0001_795394.jpg"
4854,"Red_Legged_Kittiwake_0033_795395.jpg"
4855,"Red_Legged_Kittiwake_0054_795396.jpg"
4856,"Red_Legged_Kittiwake_0050_795397.jpg"
4857,"Red_Legged_Kittiwake_0019_795398.jpg"
4858,"Red_Legged_Kittiwake_0032_795399.jpg"
4859,"Red_Legged_Kittiwake_0067_795401.jpg"
4860,"Red_Legged_Kittiwake_0007_795402.jpg"
4861,"Red_Legged_Kittiwake_0029_795403.jpg"
4862,"Red_Legged_Kittiwake_0051_795404.jpg"
4863,"Red_Legged_Kittiwake_0013_795413.jpg"
4864,"Red_Legged_Kittiwake_0060_795414.jpg"
4865,"Red_Legged_Kittiwake_0043_795416.jpg"
4866,"Red_Legged_Kittiwake_0058_795417.jpg"
4867,"Red_Legged_Kittiwake_0022_795418.jpg"
4868,"Red_Legged_Kittiwake_0066_795419.jpg"
4869,"Red_Legged_Kittiwake_0064_795422.jpg"
4870,"Red_Legged_Kittiwake_0059_795424.jpg"
4871,"Red_Legged_Kittiwake_0045_795426.jpg"
4872,"Red_Legged_Kittiwake_0039_795429.jpg"
4873,"Red_Legged_Kittiwake_0068_795430.jpg"
4874,"Red_Legged_Kittiwake_0014_795432.jpg"
4875,"Red_Legged_Kittiwake_0048_73770.jpg"
4876,"Red_Legged_Kittiwake_0069_795435.jpg"
4877,"Red_Legged_Kittiwake_0006_795436.jpg"
4878,"Red_Legged_Kittiwake_0072_795438.jpg"
4879,"Red_Legged_Kittiwake_0020_795439.jpg"
4880,"Red_Legged_Kittiwake_0049_795440.jpg"
4881,"Red_Legged_Kittiwake_0024_795441.jpg"
4882,"Red_Legged_Kittiwake_0031_795442.jpg"
4883,"Red_Legged_Kittiwake_0047_795445.jpg"
4884,"Red_Legged_Kittiwake_0028_795450.jpg"
4885,"Red_Legged_Kittiwake_0017_795451.jpg"
4886,"Red_Legged_Kittiwake_0002_73788.jpg"
4887,"Red_Legged_Kittiwake_0010_73789.jpg"
4888,"Red_Legged_Kittiwake_0040_795455.jpg"
4889,"Red_Legged_Kittiwake_0015_73792.jpg"
4890,"Red_Legged_Kittiwake_0042_795457.jpg"
4891,"Red_Legged_Kittiwake_0009_795459.jpg"
4892,"Red_Legged_Kittiwake_0016_795460.jpg"
4893,"Red_Legged_Kittiwake_0071_73800.jpg"
4894,"Red_Legged_Kittiwake_0021_73808.jpg"
4895,"Red_Legged_Kittiwake_0004_73811.jpg"
4896,"Red_Legged_Kittiwake_0036_73814.jpg"
4897,"Red_Legged_Kittiwake_0030_73818.jpg"
4898,"Red_Legged_Kittiwake_0063_795453.jpg"
4899,"Red_Legged_Kittiwake_0027_795454.jpg"
4900,"Red_Legged_Kittiwake_0065_795456.jpg"
4901,"Red_Legged_Kittiwake_0037_73794.jpg"
4902,"Red_Legged_Kittiwake_0061_795420.jpg"
4903,"Red_Legged_Kittiwake_0003_795389.jpg"
4904,"Red_Legged_Kittiwake_0044_795388.jpg"
4905,"Red_Legged_Kittiwake_0062_795434.jpg"
4906,"Horned_Lark_0067_75266.jpg"
4907,"Horned_Lark_0010_75291.jpg"
4908,"Horned_Lark_0115_74271.jpg"
4909,"Horned_Lark_0065_74279.jpg"
4910,"Horned_Lark_0066_74796.jpg"
4911,"Horned_Lark_0110_73826.jpg"
4912,"Horned_Lark_0015_74855.jpg"
4913,"Horned_Lark_0033_74344.jpg"
4914,"Horned_Lark_0082_73833.jpg"
4915,"Horned_Lark_0006_73836.jpg"
4916,"Horned_Lark_0116_73840.jpg"
4917,"Horned_Lark_0126_74354.jpg"
4918,"Horned_Lark_0001_73835.jpg"
4919,"Horned_Lark_0004_73861.jpg"
4920,"Horned_Lark_0013_74374.jpg"
4921,"Horned_Lark_0056_74896.jpg"
4922,"Horned_Lark_0089_74386.jpg"
4923,"Horned_Lark_0133_73882.jpg"
4924,"Horned_Lark_0141_74396.jpg"
4925,"Horned_Lark_0026_74910.jpg"
4926,"Horned_Lark_0064_74864.jpg"
4927,"Horned_Lark_0048_73894.jpg"
4928,"Horned_Lark_0094_74407.jpg"
4929,"Horned_Lark_0028_74408.jpg"
4930,"Horned_Lark_0127_74414.jpg"
4931,"Horned_Lark_0125_73910.jpg"
4932,"Horned_Lark_0020_73914.jpg"
4933,"Horned_Lark_0076_73931.jpg"
4934,"Horned_Lark_0083_74444.jpg"
4935,"Horned_Lark_0043_74450.jpg"
4936,"Horned_Lark_0034_73940.jpg"
4937,"Horned_Lark_0046_73950.jpg"
4938,"Horned_Lark_0079_73958.jpg"
4939,"Horned_Lark_0014_74963.jpg"
4940,"Horned_Lark_0139_74492.jpg"
4941,"Horned_Lark_0097_74496.jpg"
4942,"Horned_Lark_0087_73989.jpg"
4943,"Horned_Lark_0019_73996.jpg"
4944,"Horned_Lark_0012_74511.jpg"
4945,"Horned_Lark_0130_74001.jpg"
4946,"Horned_Lark_0035_74555.jpg"
4947,"Horned_Lark_0049_74574.jpg"
4948,"Horned_Lark_0072_74067.jpg"
4949,"Horned_Lark_0075_74126.jpg"
4950,"Horned_Lark_0096_74075.jpg"
4951,"Horned_Lark_0088_74590.jpg"
4952,"Horned_Lark_0138_74083.jpg"
4953,"Horned_Lark_0091_74087.jpg"
4954,"Horned_Lark_0069_74093.jpg"
4955,"Horned_Lark_0113_74613.jpg"
4956,"Horned_Lark_0095_74640.jpg"
4957,"Horned_Lark_0009_74646.jpg"
4958,"Horned_Lark_0104_74142.jpg"
4959,"Horned_Lark_0059_74144.jpg"
4960,"Horned_Lark_0112_73971.jpg"
4961,"Horned_Lark_0134_74689.jpg"
4962,"Horned_Lark_0037_74696.jpg"
4963,"Horned_Lark_0108_74193.jpg"
4964,"Horned_Lark_0025_75003.jpg"
4965,"Horned_Lark_0040_74214.jpg"
4966,"Pacific_Loon_0001_75521.jpg"
4967,"Pacific_Loon_0048_75524.jpg"
4968,"Pacific_Loon_0038_75526.jpg"
4969,"Pacific_Loon_0013_75530.jpg"
4970,"Pacific_Loon_0031_75531.jpg"
4971,"Pacific_Loon_0064_75532.jpg"
4972,"Pacific_Loon_0036_75539.jpg"
4973,"Pacific_Loon_0027_75542.jpg"
4974,"Pacific_Loon_0054_75543.jpg"
4975,"Pacific_Loon_0037_75800.jpg"
4976,"Pacific_Loon_0049_75780.jpg"
4977,"Pacific_Loon_0066_75547.jpg"
4978,"Pacific_Loon_0024_75555.jpg"
4979,"Pacific_Loon_0041_75782.jpg"
4980,"Pacific_Loon_0004_75815.jpg"
4981,"Pacific_Loon_0010_75818.jpg"
4982,"Pacific_Loon_0018_75564.jpg"
4983,"Pacific_Loon_0033_75571.jpg"
4984,"Pacific_Loon_0005_75829.jpg"
4985,"Pacific_Loon_0017_75835.jpg"
4986,"Pacific_Loon_0068_75836.jpg"
4987,"Pacific_Loon_0062_75587.jpg"
4988,"Pacific_Loon_0065_75588.jpg"
4989,"Pacific_Loon_0045_75589.jpg"
4990,"Pacific_Loon_0026_75593.jpg"
4991,"Pacific_Loon_0020_75596.jpg"
4992,"Pacific_Loon_0057_75854.jpg"
4993,"Pacific_Loon_0021_75859.jpg"
4994,"Pacific_Loon_0063_75865.jpg"
4995,"Pacific_Loon_0053_77673.jpg"
4996,"Pacific_Loon_0042_75385.jpg"
4997,"Pacific_Loon_0009_75642.jpg"
4998,"Pacific_Loon_0050_75388.jpg"
4999,"Pacific_Loon_0047_75393.jpg"
5000,"Pacific_Loon_0035_75395.jpg"
5001,"Pacific_Loon_0022_75405.jpg"
5002,"Pacific_Loon_0040_75414.jpg"
5003,"Pacific_Loon_0019_75422.jpg"
5004,"Pacific_Loon_0067_75423.jpg"
5005,"Pacific_Loon_0008_75428.jpg"
5006,"Pacific_Loon_0025_75436.jpg"
5007,"Pacific_Loon_0034_75438.jpg"
5008,"Pacific_Loon_0046_75439.jpg"
5009,"Pacific_Loon_0032_75441.jpg"
5010,"Pacific_Loon_0003_75442.jpg"
5011,"Pacific_Loon_0015_75443.jpg"
5012,"Pacific_Loon_0069_75446.jpg"
5013,"Pacific_Loon_0059_75706.jpg"
5014,"Pacific_Loon_0052_75451.jpg"
5015,"Pacific_Loon_0044_75467.jpg"
5016,"Pacific_Loon_0014_75468.jpg"
5017,"Pacific_Loon_0011_75726.jpg"
5018,"Pacific_Loon_0023_75476.jpg"
5019,"Pacific_Loon_0012_75736.jpg"
5020,"Pacific_Loon_0006_75386.jpg"
5021,"Pacific_Loon_0043_75747.jpg"
5022,"Pacific_Loon_0029_75495.jpg"
5023,"Pacific_Loon_0051_75514.jpg"
5024,"Pacific_Loon_0039_75517.jpg"
5025,"Pacific_Loon_0002_75775.jpg"
5026,"Mallard_0131_76296.jpg"
5027,"Mallard_0016_76315.jpg"
5028,"Mallard_0044_76317.jpg"
5029,"Mallard_0130_76836.jpg"
5030,"Mallard_0025_76465.jpg"
5031,"Mallard_0115_76840.jpg"
5032,"Mallard_0082_75954.jpg"
5033,"Mallard_0026_76725.jpg"
5034,"Mallard_0128_77396.jpg"
5035,"Mallard_0061_76378.jpg"
5036,"Mallard_0038_76902.jpg"
5037,"Mallard_0093_77419.jpg"
5038,"Mallard_0114_76924.jpg"
5039,"Mallard_0119_76925.jpg"
5040,"Mallard_0069_76926.jpg"
5041,"Mallard_0033_76565.jpg"
5042,"Mallard_0077_75911.jpg"
5043,"Mallard_0071_76940.jpg"
5044,"Mallard_0052_76946.jpg"
5045,"Mallard_0064_76654.jpg"
5046,"Mallard_0024_75932.jpg"
5047,"Mallard_0141_76977.jpg"
5048,"Mallard_0098_77490.jpg"
5049,"Mallard_0048_76995.jpg"
5050,"Mallard_0053_75985.jpg"
5051,"Mallard_0107_76498.jpg"
5052,"Mallard_0121_77434.jpg"
5053,"Mallard_0018_76511.jpg"
5054,"Mallard_0050_76519.jpg"
5055,"Mallard_0028_76010.jpg"
5056,"Mallard_0043_77038.jpg"
5057,"Mallard_0112_77046.jpg"
5058,"Mallard_0005_76026.jpg"
5059,"Mallard_0083_77052.jpg"
5060,"Mallard_0106_77568.jpg"
5061,"Mallard_0089_77068.jpg"
5062,"Mallard_0070_77588.jpg"
5063,"Mallard_0086_76567.jpg"
5064,"Mallard_0136_76593.jpg"
5065,"Mallard_0095_76080.jpg"
5066,"Mallard_0035_77095.jpg"
5067,"Mallard_0055_77102.jpg"
5068,"Mallard_0103_77105.jpg"
5069,"Mallard_0013_77619.jpg"
5070,"Mallard_0109_76616.jpg"
5071,"Mallard_0045_77129.jpg"
5072,"Mallard_0067_77623.jpg"
5073,"Mallard_0030_77143.jpg"
5074,"Mallard_0087_77499.jpg"
5075,"Mallard_0123_76653.jpg"
5076,"Mallard_0022_77166.jpg"
5077,"Mallard_0006_77171.jpg"
5078,"Mallard_0046_76165.jpg"
5079,"Mallard_0014_76166.jpg"
5080,"Mallard_0111_76722.jpg"
5081,"Mallard_0138_76735.jpg"
5082,"Mallard_0078_76238.jpg"
5083,"Mallard_0020_76239.jpg"
5084,"Mallard_0081_76266.jpg"
5085,"Mallard_0004_76958.jpg"
5086,"Western_Meadowlark_0079_78856.jpg"
5087,"Western_Meadowlark_0120_77834.jpg"
5088,"Western_Meadowlark_0003_78864.jpg"
5089,"Western_Meadowlark_0048_78354.jpg"
5090,"Western_Meadowlark_0034_78869.jpg"
5091,"Western_Meadowlark_0038_77785.jpg"
5092,"Western_Meadowlark_0104_78105.jpg"
5093,"Western_Meadowlark_0125_77850.jpg"
5094,"Western_Meadowlark_0060_78368.jpg"
5095,"Western_Meadowlark_0116_77862.jpg"
5096,"Western_Meadowlark_0050_77864.jpg"
5097,"Western_Meadowlark_0032_78633.jpg"
5098,"Western_Meadowlark_0086_78636.jpg"
5099,"Western_Meadowlark_0098_78382.jpg"
5100,"Western_Meadowlark_0019_77876.jpg"
5101,"Western_Meadowlark_0018_77880.jpg"
5102,"Western_Meadowlark_0115_77882.jpg"
5103,"Western_Meadowlark_0099_78176.jpg"
5104,"Western_Meadowlark_0121_78402.jpg"
5105,"Western_Meadowlark_0022_78410.jpg"
5106,"Western_Meadowlark_0108_78155.jpg"
5107,"Western_Meadowlark_0096_77901.jpg"
5108,"Western_Meadowlark_0111_78674.jpg"
5109,"Western_Meadowlark_0001_78676.jpg"
5110,"Western_Meadowlark_0014_78421.jpg"
5111,"Western_Meadowlark_0017_78940.jpg"
5112,"Western_Meadowlark_0024_78432.jpg"
5113,"Western_Meadowlark_0107_78608.jpg"
5114,"Western_Meadowlark_0042_78180.jpg"
5115,"Western_Meadowlark_0026_78438.jpg"
5116,"Western_Meadowlark_0040_77823.jpg"
5117,"Western_Meadowlark_0015_78610.jpg"
5118,"Western_Meadowlark_0033_78312.jpg"
5119,"Western_Meadowlark_0083_78197.jpg"
5120,"Western_Meadowlark_0063_77946.jpg"
5121,"Western_Meadowlark_0013_77712.jpg"
5122,"Western_Meadowlark_0028_78487.jpg"
5123,"Western_Meadowlark_0097_78239.jpg"
5124,"Western_Meadowlark_0101_78899.jpg"
5125,"Western_Meadowlark_0103_78500.jpg"
5126,"Western_Meadowlark_0109_77990.jpg"
5127,"Western_Meadowlark_0058_78247.jpg"
5128,"Western_Meadowlark_0112_78760.jpg"
5129,"Western_Meadowlark_0081_77798.jpg"
5130,"Western_Meadowlark_0085_77745.jpg"
5131,"Western_Meadowlark_0044_77758.jpg"
5132,"Western_Meadowlark_0037_77759.jpg"
5133,"Western_Meadowlark_0067_78529.jpg"
5134,"Western_Meadowlark_0064_78027.jpg"
5135,"Western_Meadowlark_0053_77774.jpg"
5136,"Western_Meadowlark_0100_78037.jpg"
5137,"Western_Meadowlark_0029_78832.jpg"
5138,"Western_Meadowlark_0118_78820.jpg"
5139,"Western_Meadowlark_0095_78568.jpg"
5140,"Western_Meadowlark_0091_78576.jpg"
5141,"Western_Meadowlark_0076_77811.jpg"
5142,"Western_Meadowlark_0077_77814.jpg"
5143,"Western_Meadowlark_0021_78841.jpg"
5144,"Western_Meadowlark_0069_78587.jpg"
5145,"Western_Meadowlark_0052_77781.jpg"
5146,"Hooded_Merganser_0056_79112.jpg"
5147,"Hooded_Merganser_0015_79132.jpg"
5148,"Hooded_Merganser_0049_79136.jpg"
5149,"Hooded_Merganser_0085_79146.jpg"
5150,"Hooded_Merganser_0022_79153.jpg"
5151,"Hooded_Merganser_0061_796723.jpg"
5152,"Hooded_Merganser_0073_796726.jpg"
5153,"Hooded_Merganser_0053_796728.jpg"
5154,"Hooded_Merganser_0037_796731.jpg"
5155,"Hooded_Merganser_0021_796732.jpg"
5156,"Hooded_Merganser_0007_79157.jpg"
5157,"Hooded_Merganser_0014_796739.jpg"
5158,"Hooded_Merganser_0089_796740.jpg"
5159,"Hooded_Merganser_0057_796742.jpg"
5160,"Hooded_Merganser_0012_796748.jpg"
5161,"Hooded_Merganser_0048_796749.jpg"
5162,"Hooded_Merganser_0011_796750.jpg"
5163,"Hooded_Merganser_0013_796754.jpg"
5164,"Hooded_Merganser_0066_796755.jpg"
5165,"Hooded_Merganser_0076_796756.jpg"
5166,"Hooded_Merganser_0074_796757.jpg"
5167,"Hooded_Merganser_0071_796760.jpg"
5168,"Hooded_Merganser_0034_796762.jpg"
5169,"Hooded_Merganser_0046_796764.jpg"
5170,"Hooded_Merganser_0079_796768.jpg"
5171,"Hooded_Merganser_0058_796770.jpg"
5172,"Hooded_Merganser_0036_796771.jpg"
5173,"Hooded_Merganser_0083_796773.jpg"
5174,"Hooded_Merganser_0090_796774.jpg"
5175,"Hooded_Merganser_0006_796778.jpg"
5176,"Hooded_Merganser_0024_796779.jpg"
5177,"Hooded_Merganser_0086_796780.jpg"
5178,"Hooded_Merganser_0002_796781.jpg"
5179,"Hooded_Merganser_0026_796782.jpg"
5180,"Hooded_Merganser_0078_78959.jpg"
5181,"Hooded_Merganser_0023_796784.jpg"
5182,"Hooded_Merganser_0047_78962.jpg"
5183,"Hooded_Merganser_0087_78972.jpg"
5184,"Hooded_Merganser_0084_78954.jpg"
5185,"Hooded_Merganser_0075_78977.jpg"
5186,"Hooded_Merganser_0018_78979.jpg"
5187,"Hooded_Merganser_0040_78984.jpg"
5188,"Hooded_Merganser_0092_78989.jpg"
5189,"Hooded_Merganser_0025_78996.jpg"
5190,"Hooded_Merganser_0062_78998.jpg"
5191,"Hooded_Merganser_0043_796783.jpg"
5192,"Hooded_Merganser_0009_79012.jpg"
5193,"Hooded_Merganser_0010_796785.jpg"
5194,"Hooded_Merganser_0059_79016.jpg"
5195,"Hooded_Merganser_0094_796786.jpg"
5196,"Hooded_Merganser_0032_79032.jpg"
5197,"Hooded_Merganser_0016_79079.jpg"
5198,"Hooded_Merganser_0064_79040.jpg"
5199,"Hooded_Merganser_0020_79046.jpg"
5200,"Hooded_Merganser_0070_79054.jpg"
5201,"Hooded_Merganser_0068_79057.jpg"
5202,"Hooded_Merganser_0028_79061.jpg"
5203,"Hooded_Merganser_0063_79064.jpg"
5204,"Hooded_Merganser_0093_79075.jpg"
5205,"Hooded_Merganser_0072_78973.jpg"
5206,"Red_Breasted_Merganser_0080_79488.jpg"
5207,"Red_Breasted_Merganser_0031_79372.jpg"
5208,"Red_Breasted_Merganser_0071_79379.jpg"
5209,"Red_Breasted_Merganser_0043_79295.jpg"
5210,"Red_Breasted_Merganser_0078_79393.jpg"
5211,"Red_Breasted_Merganser_0081_79396.jpg"
5212,"Red_Breasted_Merganser_0055_79397.jpg"
5213,"Red_Breasted_Merganser_0030_79411.jpg"
5214,"Red_Breasted_Merganser_0067_79167.jpg"
5215,"Red_Breasted_Merganser_0021_79168.jpg"
5216,"Red_Breasted_Merganser_0012_79425.jpg"
5217,"Red_Breasted_Merganser_0049_79432.jpg"
5218,"Red_Breasted_Merganser_0052_79178.jpg"
5219,"Red_Breasted_Merganser_0077_79180.jpg"
5220,"Red_Breasted_Merganser_0042_79202.jpg"
5221,"Red_Breasted_Merganser_0075_79169.jpg"
5222,"Red_Breasted_Merganser_0002_79447.jpg"
5223,"Red_Breasted_Merganser_0061_79453.jpg"
5224,"Red_Breasted_Merganser_0001_79199.jpg"
5225,"Red_Breasted_Merganser_0035_79200.jpg"
5226,"Red_Breasted_Merganser_0008_79458.jpg"
5227,"Red_Breasted_Merganser_0068_79203.jpg"
5228,"Red_Breasted_Merganser_0069_79204.jpg"
5229,"Red_Breasted_Merganser_0014_79205.jpg"
5230,"Red_Breasted_Merganser_0040_79207.jpg"
5231,"Red_Breasted_Merganser_0062_79548.jpg"
5232,"Red_Breasted_Merganser_0082_79214.jpg"
5233,"Red_Breasted_Merganser_0006_79216.jpg"
5234,"Red_Breasted_Merganser_0051_79474.jpg"
5235,"Red_Breasted_Merganser_0016_79476.jpg"
5236,"Red_Breasted_Merganser_0023_79477.jpg"
5237,"Red_Breasted_Merganser_0017_79224.jpg"
5238,"Red_Breasted_Merganser_0024_79483.jpg"
5239,"Red_Breasted_Merganser_0047_79486.jpg"
5240,"Red_Breasted_Merganser_0004_79232.jpg"
5241,"Red_Breasted_Merganser_0063_79238.jpg"
5242,"Red_Breasted_Merganser_0074_79497.jpg"
5243,"Red_Breasted_Merganser_0079_79519.jpg"
5244,"Red_Breasted_Merganser_0022_79274.jpg"
5245,"Red_Breasted_Merganser_0066_79275.jpg"
5246,"Red_Breasted_Merganser_0032_79280.jpg"
5247,"Red_Breasted_Merganser_0027_79284.jpg"
5248,"Red_Breasted_Merganser_0085_79285.jpg"
5249,"Red_Breasted_Merganser_0054_79542.jpg"
5250,"Red_Breasted_Merganser_0034_79292.jpg"
5251,"Red_Breasted_Merganser_0013_79301.jpg"
5252,"Red_Breasted_Merganser_0003_79303.jpg"
5253,"Red_Breasted_Merganser_0083_79562.jpg"
5254,"Red_Breasted_Merganser_0064_79563.jpg"
5255,"Red_Breasted_Merganser_0010_79567.jpg"
5256,"Red_Breasted_Merganser_0076_79312.jpg"
5257,"Red_Breasted_Merganser_0070_79570.jpg"
5258,"Red_Breasted_Merganser_0041_79574.jpg"
5259,"Red_Breasted_Merganser_0009_79576.jpg"
5260,"Red_Breasted_Merganser_0044_79321.jpg"
5261,"Red_Breasted_Merganser_0048_79323.jpg"
5262,"Red_Breasted_Merganser_0046_79330.jpg"
5263,"Red_Breasted_Merganser_0056_79348.jpg"
5264,"Red_Breasted_Merganser_0033_79353.jpg"
5265,"Red_Breasted_Merganser_0045_79358.jpg"
5266,"Mockingbird_0030_79876.jpg"
5267,"Mockingbird_0096_79878.jpg"
5268,"Mockingbird_0024_79623.jpg"
5269,"Mockingbird_0085_81417.jpg"
5270,"Mockingbird_0015_80652.jpg"
5271,"Mockingbird_0035_79635.jpg"
5272,"Mockingbird_0006_79819.jpg"
5273,"Mockingbird_0095_81177.jpg"
5274,"Mockingbird_0084_80670.jpg"
5275,"Mockingbird_0018_81183.jpg"
5276,"Mockingbird_0054_81703.jpg"
5277,"Mockingbird_0078_80426.jpg"
5278,"Mockingbird_0103_79659.jpg"
5279,"Mockingbird_0050_80184.jpg"
5280,"Mockingbird_0048_80441.jpg"
5281,"Mockingbird_0077_81470.jpg"
5282,"Mockingbird_0076_79934.jpg"
5283,"Mockingbird_0025_79935.jpg"
5284,"Mockingbird_0012_81216.jpg"
5285,"Mockingbird_0056_81986.jpg"
5286,"Mockingbird_0004_81991.jpg"
5287,"Mockingbird_0008_81226.jpg"
5288,"Mockingbird_0097_79951.jpg"
5289,"Mockingbird_0010_79955.jpg"
5290,"Mockingbird_0027_80980.jpg"
5291,"Mockingbird_0013_82010.jpg"
5292,"Mockingbird_0069_79760.jpg"
5293,"Mockingbird_0060_79972.jpg"
5294,"Mockingbird_0106_81381.jpg"
5295,"Mockingbird_0094_80232.jpg"
5296,"Mockingbird_0026_81214.jpg"
5297,"Mockingbird_0072_80789.jpg"
5298,"Mockingbird_0042_81728.jpg"
5299,"Mockingbird_0067_79723.jpg"
5300,"Mockingbird_0109_79682.jpg"
5301,"Mockingbird_0040_79680.jpg"
5302,"Mockingbird_0019_81296.jpg"
5303,"Mockingbird_0038_81299.jpg"
5304,"Mockingbird_0083_79862.jpg"
5305,"Mockingbird_0057_79643.jpg"
5306,"Mockingbird_0022_80552.jpg"
5307,"Mockingbird_0064_81068.jpg"
5308,"Mockingbird_0047_80819.jpg"
5309,"Mockingbird_0082_80570.jpg"
5310,"Mockingbird_0046_81086.jpg"
5311,"Mockingbird_0003_80833.jpg"
5312,"Mockingbird_0001_79812.jpg"
5313,"Mockingbird_0086_81868.jpg"
5314,"Mockingbird_0059_82126.jpg"
5315,"Mockingbird_0049_80336.jpg"
5316,"Mockingbird_0021_80343.jpg"
5317,"Mockingbird_0089_80601.jpg"
5318,"Mockingbird_0098_81117.jpg"
5319,"Mockingbird_0071_80357.jpg"
5320,"Mockingbird_0009_81130.jpg"
5321,"Mockingbird_0051_79599.jpg"
5322,"Mockingbird_0087_79600.jpg"
5323,"Mockingbird_0108_81908.jpg"
5324,"Mockingbird_0016_79605.jpg"
5325,"Mockingbird_0023_80121.jpg"
5326,"Nighthawk_0078_795340.jpg"
5327,"Nighthawk_0041_82183.jpg"
5328,"Nighthawk_0016_84490.jpg"
5329,"Nighthawk_0017_84237.jpg"
5330,"Nighthawk_0064_82196.jpg"
5331,"Nighthawk_0029_83733.jpg"
5332,"Nighthawk_0084_84510.jpg"
5333,"Nighthawk_0004_84011.jpg"
5334,"Nighthawk_0088_82225.jpg"
5335,"Nighthawk_0059_82741.jpg"
5336,"Nighthawk_0066_82238.jpg"
5337,"Nighthawk_0024_83519.jpg"
5338,"Nighthawk_0082_82242.jpg"
5339,"Nighthawk_0046_82246.jpg"
5340,"Nighthawk_0043_84039.jpg"
5341,"Nighthawk_0061_82509.jpg"
5342,"Nighthawk_0073_83540.jpg"
5343,"Nighthawk_0062_84573.jpg"
5344,"Nighthawk_0087_82280.jpg"
5345,"Nighthawk_0035_84077.jpg"
5346,"Nighthawk_0005_84594.jpg"
5347,"Nighthawk_0042_83603.jpg"
5348,"Nighthawk_0045_82807.jpg"
5349,"Nighthawk_0025_82808.jpg"
5350,"Nighthawk_0050_84094.jpg"
5351,"Nighthawk_0014_82624.jpg"
5352,"Nighthawk_0021_82562.jpg"
5353,"Nighthawk_0047_82820.jpg"
5354,"Nighthawk_0019_83850.jpg"
5355,"Nighthawk_0003_82827.jpg"
5356,"Nighthawk_0012_84333.jpg"
5357,"Nighthawk_0034_82578.jpg"
5358,"Nighthawk_0090_82579.jpg"
5359,"Nighthawk_0068_82368.jpg"
5360,"Nighthawk_0055_83352.jpg"
5361,"Nighthawk_0020_83869.jpg"
5362,"Nighthawk_0058_83270.jpg"
5363,"Nighthawk_0026_83911.jpg"
5364,"Nighthawk_0031_83636.jpg"
5365,"Nighthawk_0069_82613.jpg"
5366,"Nighthawk_0018_83639.jpg"
5367,"Nighthawk_0051_82619.jpg"
5368,"Nighthawk_0083_83647.jpg"
5369,"Nighthawk_0048_83648.jpg"
5370,"Nighthawk_0032_795333.jpg"
5371,"Nighthawk_0067_795335.jpg"
5372,"Nighthawk_0072_795336.jpg"
5373,"Nighthawk_0054_795337.jpg"
5374,"Nighthawk_0030_795338.jpg"
5375,"Nighthawk_0063_795339.jpg"
5376,"Nighthawk_0028_82636.jpg"
5377,"Nighthawk_0065_82895.jpg"
5378,"Nighthawk_0057_82640.jpg"
5379,"Nighthawk_0053_84436.jpg"
5380,"Nighthawk_0013_83670.jpg"
5381,"Nighthawk_0022_84183.jpg"
5382,"Nighthawk_0027_84697.jpg"
5383,"Nighthawk_0007_83419.jpg"
5384,"Nighthawk_0070_82676.jpg"
5385,"Nighthawk_0076_82686.jpg"
5386,"Clark_Nutcracker_0096_84996.jpg"
5387,"Clark_Nutcracker_0089_85004.jpg"
5388,"Clark_Nutcracker_0104_85531.jpg"
5389,"Clark_Nutcracker_0134_85534.jpg"
5390,"Clark_Nutcracker_0076_85083.jpg"
5391,"Clark_Nutcracker_0102_85089.jpg"
5392,"Clark_Nutcracker_0105_85097.jpg"
5393,"Clark_Nutcracker_0020_85099.jpg"
5394,"Clark_Nutcracker_0098_85105.jpg"
5395,"Clark_Nutcracker_0090_85116.jpg"
5396,"Clark_Nutcracker_0138_85633.jpg"
5397,"Clark_Nutcracker_0071_85125.jpg"
5398,"Clark_Nutcracker_0124_85128.jpg"
5399,"Clark_Nutcracker_0126_85134.jpg"
5400,"Clark_Nutcracker_0101_85656.jpg"
5401,"Clark_Nutcracker_0084_85149.jpg"
5402,"Clark_Nutcracker_0107_85662.jpg"
5403,"Clark_Nutcracker_0018_85166.jpg"
5404,"Clark_Nutcracker_0137_85172.jpg"
5405,"Clark_Nutcracker_0011_85698.jpg"
5406,"Clark_Nutcracker_0131_85701.jpg"
5407,"Clark_Nutcracker_0005_85190.jpg"
5408,"Clark_Nutcracker_0075_85715.jpg"
5409,"Clark_Nutcracker_0099_85717.jpg"
5410,"Clark_Nutcracker_0024_85718.jpg"
5411,"Clark_Nutcracker_0072_85742.jpg"
5412,"Clark_Nutcracker_0047_85630.jpg"
5413,"Clark_Nutcracker_0027_85266.jpg"
5414,"Clark_Nutcracker_0069_84767.jpg"
5415,"Clark_Nutcracker_0060_84862.jpg"
5416,"Clark_Nutcracker_0017_84777.jpg"
5417,"Clark_Nutcracker_0003_85296.jpg"
5418,"Clark_Nutcracker_0067_85302.jpg"
5419,"Clark_Nutcracker_0013_84791.jpg"
5420,"Clark_Nutcracker_0130_85304.jpg"
5421,"Clark_Nutcracker_0110_85217.jpg"
5422,"Clark_Nutcracker_0093_84809.jpg"
5423,"Clark_Nutcracker_0142_85322.jpg"
5424,"Clark_Nutcracker_0073_85343.jpg"
5425,"Clark_Nutcracker_0112_85350.jpg"
5426,"Clark_Nutcracker_0033_85358.jpg"
5427,"Clark_Nutcracker_0043_84853.jpg"
5428,"Clark_Nutcracker_0106_84856.jpg"
5429,"Clark_Nutcracker_0063_84869.jpg"
5430,"Clark_Nutcracker_0058_85384.jpg"
5431,"Clark_Nutcracker_0014_85386.jpg"
5432,"Clark_Nutcracker_0066_85390.jpg"
5433,"Clark_Nutcracker_0087_84898.jpg"
5434,"Clark_Nutcracker_0078_85416.jpg"
5435,"Clark_Nutcracker_0116_84807.jpg"
5436,"Clark_Nutcracker_0117_84912.jpg"
5437,"Clark_Nutcracker_0121_85435.jpg"
5438,"Clark_Nutcracker_0139_84942.jpg"
5439,"Clark_Nutcracker_0026_84945.jpg"
5440,"Clark_Nutcracker_0051_84950.jpg"
5441,"Clark_Nutcracker_0062_85464.jpg"
5442,"Clark_Nutcracker_0082_85477.jpg"
5443,"Clark_Nutcracker_0083_85480.jpg"
5444,"Clark_Nutcracker_0136_85490.jpg"
5445,"Clark_Nutcracker_0113_85587.jpg"
5446,"White_Breasted_Nuthatch_0092_86016.jpg"
5447,"White_Breasted_Nuthatch_0014_86023.jpg"
5448,"White_Breasted_Nuthatch_0003_86029.jpg"
5449,"White_Breasted_Nuthatch_0060_86031.jpg"
5450,"White_Breasted_Nuthatch_0068_86033.jpg"
5451,"White_Breasted_Nuthatch_0110_86038.jpg"
5452,"White_Breasted_Nuthatch_0054_86551.jpg"
5453,"White_Breasted_Nuthatch_0086_86553.jpg"
5454,"White_Breasted_Nuthatch_0114_86554.jpg"
5455,"White_Breasted_Nuthatch_0018_85937.jpg"
5456,"White_Breasted_Nuthatch_0113_86057.jpg"
5457,"White_Breasted_Nuthatch_0063_86573.jpg"
5458,"White_Breasted_Nuthatch_0043_86196.jpg"
5459,"White_Breasted_Nuthatch_0055_86075.jpg"
5460,"White_Breasted_Nuthatch_0036_86596.jpg"
5461,"White_Breasted_Nuthatch_0111_86621.jpg"
5462,"White_Breasted_Nuthatch_0040_86127.jpg"
5463,"White_Breasted_Nuthatch_0096_86140.jpg"
5464,"White_Breasted_Nuthatch_0020_86143.jpg"
5465,"White_Breasted_Nuthatch_0094_86156.jpg"
5466,"White_Breasted_Nuthatch_0066_86159.jpg"
5467,"White_Breasted_Nuthatch_0039_86166.jpg"
5468,"White_Breasted_Nuthatch_0119_86182.jpg"
5469,"White_Breasted_Nuthatch_0049_86557.jpg"
5470,"White_Breasted_Nuthatch_0101_86708.jpg"
5471,"White_Breasted_Nuthatch_0024_86200.jpg"
5472,"White_Breasted_Nuthatch_0048_86207.jpg"
5473,"White_Breasted_Nuthatch_0115_86760.jpg"
5474,"White_Breasted_Nuthatch_0129_86761.jpg"
5475,"White_Breasted_Nuthatch_0002_86287.jpg"
5476,"White_Breasted_Nuthatch_0075_86289.jpg"
5477,"White_Breasted_Nuthatch_0142_86805.jpg"
5478,"White_Breasted_Nuthatch_0010_85783.jpg"
5479,"White_Breasted_Nuthatch_0108_86308.jpg"
5480,"White_Breasted_Nuthatch_0076_85801.jpg"
5481,"White_Breasted_Nuthatch_0025_85803.jpg"
5482,"White_Breasted_Nuthatch_0064_86324.jpg"
5483,"White_Breasted_Nuthatch_0050_85815.jpg"
5484,"White_Breasted_Nuthatch_0047_85819.jpg"
5485,"White_Breasted_Nuthatch_0030_85823.jpg"
5486,"White_Breasted_Nuthatch_0065_85829.jpg"
5487,"White_Breasted_Nuthatch_0090_86856.jpg"
5488,"White_Breasted_Nuthatch_0059_85903.jpg"
5489,"White_Breasted_Nuthatch_0132_86876.jpg"
5490,"White_Breasted_Nuthatch_0137_86910.jpg"
5491,"White_Breasted_Nuthatch_0120_85890.jpg"
5492,"White_Breasted_Nuthatch_0131_86416.jpg"
5493,"White_Breasted_Nuthatch_0027_85905.jpg"
5494,"White_Breasted_Nuthatch_0070_85983.jpg"
5495,"White_Breasted_Nuthatch_0095_86425.jpg"
5496,"White_Breasted_Nuthatch_0078_85828.jpg"
5497,"White_Breasted_Nuthatch_0082_86435.jpg"
5498,"White_Breasted_Nuthatch_0097_85940.jpg"
5499,"White_Breasted_Nuthatch_0004_86969.jpg"
5500,"White_Breasted_Nuthatch_0077_86462.jpg"
5501,"White_Breasted_Nuthatch_0106_85955.jpg"
5502,"White_Breasted_Nuthatch_0103_86470.jpg"
5503,"White_Breasted_Nuthatch_0104_85969.jpg"
5504,"White_Breasted_Nuthatch_0128_86947.jpg"
5505,"White_Breasted_Nuthatch_0042_86488.jpg"
5506,"Baltimore_Oriole_0127_87560.jpg"
5507,"Baltimore_Oriole_0027_87561.jpg"
5508,"Baltimore_Oriole_0090_87054.jpg"
5509,"Baltimore_Oriole_0060_89616.jpg"
5510,"Baltimore_Oriole_0108_87576.jpg"
5511,"Baltimore_Oriole_0020_87066.jpg"
5512,"Baltimore_Oriole_0038_87083.jpg"
5513,"Baltimore_Oriole_0021_87089.jpg"
5514,"Baltimore_Oriole_0133_87602.jpg"
5515,"Baltimore_Oriole_0126_89651.jpg"
5516,"Baltimore_Oriole_0071_89611.jpg"
5517,"Baltimore_Oriole_0106_89680.jpg"
5518,"Baltimore_Oriole_0084_89684.jpg"
5519,"Baltimore_Oriole_0047_89686.jpg"
5520,"Baltimore_Oriole_0076_89705.jpg"
5521,"Baltimore_Oriole_0083_89712.jpg"
5522,"Baltimore_Oriole_0045_88178.jpg"
5523,"Baltimore_Oriole_0024_89720.jpg"
5524,"Baltimore_Oriole_0019_88186.jpg"
5525,"Baltimore_Oriole_0087_89726.jpg"
5526,"Baltimore_Oriole_0014_87690.jpg"
5527,"Baltimore_Oriole_0073_87187.jpg"
5528,"Baltimore_Oriole_0101_87207.jpg"
5529,"Baltimore_Oriole_0074_87214.jpg"
5530,"Baltimore_Oriole_0042_87216.jpg"
5531,"Baltimore_Oriole_0051_89722.jpg"
5532,"Baltimore_Oriole_0054_89825.jpg"
5533,"Baltimore_Oriole_0018_87782.jpg"
5534,"Baltimore_Oriole_0102_88818.jpg"
5535,"Baltimore_Oriole_0128_87796.jpg"
5536,"Baltimore_Oriole_0037_87337.jpg"
5537,"Baltimore_Oriole_0058_87296.jpg"
5538,"Baltimore_Oriole_0065_87303.jpg"
5539,"Baltimore_Oriole_0114_89873.jpg"
5540,"Baltimore_Oriole_0033_88347.jpg"
5541,"Baltimore_Oriole_0016_89885.jpg"
5542,"Baltimore_Oriole_0082_87838.jpg"
5543,"Baltimore_Oriole_0069_87839.jpg"
5544,"Baltimore_Oriole_0056_88355.jpg"
5545,"Baltimore_Oriole_0100_89908.jpg"
5546,"Baltimore_Oriole_0086_88375.jpg"
5547,"Baltimore_Oriole_0041_87367.jpg"
5548,"Baltimore_Oriole_0006_89935.jpg"
5549,"Baltimore_Oriole_0120_88403.jpg"
5550,"Baltimore_Oriole_0066_87380.jpg"
5551,"Baltimore_Oriole_0109_87398.jpg"
5552,"Baltimore_Oriole_0125_88450.jpg"
5553,"Baltimore_Oriole_0050_89750.jpg"
5554,"Baltimore_Oriole_0092_87435.jpg"
5555,"Baltimore_Oriole_0112_87447.jpg"
5556,"Baltimore_Oriole_0111_87449.jpg"
5557,"Baltimore_Oriole_0091_88487.jpg"
5558,"Baltimore_Oriole_0104_86979.jpg"
5559,"Baltimore_Oriole_0052_89553.jpg"
5560,"Baltimore_Oriole_0064_89554.jpg"
5561,"Baltimore_Oriole_0119_88022.jpg"
5562,"Baltimore_Oriole_0039_88027.jpg"
5563,"Baltimore_Oriole_0007_88038.jpg"
5564,"Baltimore_Oriole_0131_87542.jpg"
5565,"Baltimore_Oriole_0130_89596.jpg"
5566,"Hooded_Oriole_0050_90629.jpg"
5567,"Hooded_Oriole_0008_90118.jpg"
5568,"Hooded_Oriole_0047_90637.jpg"
5569,"Hooded_Oriole_0037_91156.jpg"
5570,"Hooded_Oriole_0024_90157.jpg"
5571,"Hooded_Oriole_0006_90685.jpg"
5572,"Hooded_Oriole_0034_90686.jpg"
5573,"Hooded_Oriole_0117_90464.jpg"
5574,"Hooded_Oriole_0127_90200.jpg"
5575,"Hooded_Oriole_0048_89957.jpg"
5576,"Hooded_Oriole_0041_90218.jpg"
5577,"Hooded_Oriole_0070_90221.jpg"
5578,"Hooded_Oriole_0056_89966.jpg"
5579,"Hooded_Oriole_0104_90264.jpg"
5580,"Hooded_Oriole_0072_90298.jpg"
5581,"Hooded_Oriole_0091_90821.jpg"
5582,"Hooded_Oriole_0096_90311.jpg"
5583,"Hooded_Oriole_0126_90319.jpg"
5584,"Hooded_Oriole_0035_90331.jpg"
5585,"Hooded_Oriole_0095_90337.jpg"
5586,"Hooded_Oriole_0055_90850.jpg"
5587,"Hooded_Oriole_0124_90350.jpg"
5588,"Hooded_Oriole_0088_90356.jpg"
5589,"Hooded_Oriole_0105_90875.jpg"
5590,"Hooded_Oriole_0060_90879.jpg"
5591,"Hooded_Oriole_0077_90886.jpg"
5592,"Hooded_Oriole_0125_90382.jpg"
5593,"Hooded_Oriole_0076_90895.jpg"
5594,"Hooded_Oriole_0053_90898.jpg"
5595,"Hooded_Oriole_0106_90899.jpg"
5596,"Hooded_Oriole_0068_90397.jpg"
5597,"Hooded_Oriole_0010_90413.jpg"
5598,"Hooded_Oriole_0045_90415.jpg"
5599,"Hooded_Oriole_0067_90416.jpg"
5600,"Hooded_Oriole_0130_90422.jpg"
5601,"Hooded_Oriole_0054_90849.jpg"
5602,"Hooded_Oriole_0129_90441.jpg"
5603,"Hooded_Oriole_0115_90442.jpg"
5604,"Hooded_Oriole_0013_90445.jpg"
5605,"Hooded_Oriole_0063_90976.jpg"
5606,"Hooded_Oriole_0049_89955.jpg"
5607,"Hooded_Oriole_0069_90981.jpg"
5608,"Hooded_Oriole_0029_90485.jpg"
5609,"Hooded_Oriole_0079_89978.jpg"
5610,"Hooded_Oriole_0107_89985.jpg"
5611,"Hooded_Oriole_0043_90499.jpg"
5612,"Hooded_Oriole_0111_89988.jpg"
5613,"Hooded_Oriole_0014_90594.jpg"
5614,"Hooded_Oriole_0002_91034.jpg"
5615,"Hooded_Oriole_0004_91057.jpg"
5616,"Hooded_Oriole_0087_90037.jpg"
5617,"Hooded_Oriole_0082_90045.jpg"
5618,"Hooded_Oriole_0118_90049.jpg"
5619,"Hooded_Oriole_0074_91081.jpg"
5620,"Hooded_Oriole_0038_90575.jpg"
5621,"Hooded_Oriole_0075_90788.jpg"
5622,"Hooded_Oriole_0044_90082.jpg"
5623,"Hooded_Oriole_0062_90089.jpg"
5624,"Hooded_Oriole_0084_90607.jpg"
5625,"Hooded_Oriole_0007_91133.jpg"
5626,"Orchard_Oriole_0077_91651.jpg"
5627,"Orchard_Oriole_0065_91397.jpg"
5628,"Orchard_Oriole_0082_91654.jpg"
5629,"Orchard_Oriole_0048_91393.jpg"
5630,"Orchard_Oriole_0098_91401.jpg"
5631,"Orchard_Oriole_0084_91658.jpg"
5632,"Orchard_Oriole_0085_91411.jpg"
5633,"Orchard_Oriole_0114_91412.jpg"
5634,"Orchard_Oriole_0054_91414.jpg"
5635,"Orchard_Oriole_0080_91417.jpg"
5636,"Orchard_Oriole_0042_91678.jpg"
5637,"Orchard_Oriole_0005_91682.jpg"
5638,"Orchard_Oriole_0013_91945.jpg"
5639,"Orchard_Oriole_0105_91186.jpg"
5640,"Orchard_Oriole_0026_91444.jpg"
5641,"Orchard_Oriole_0023_91705.jpg"
5642,"Orchard_Oriole_0032_91201.jpg"
5643,"Orchard_Oriole_0051_91787.jpg"
5644,"Orchard_Oriole_0045_91205.jpg"
5645,"Orchard_Oriole_0074_91979.jpg"
5646,"Orchard_Oriole_0006_91724.jpg"
5647,"Orchard_Oriole_0107_91472.jpg"
5648,"Orchard_Oriole_0035_92003.jpg"
5649,"Orchard_Oriole_0113_88407.jpg"
5650,"Orchard_Oriole_0101_91233.jpg"
5651,"Orchard_Oriole_0024_91755.jpg"
5652,"Orchard_Oriole_0093_92020.jpg"
5653,"Orchard_Oriole_0041_91258.jpg"
5654,"Orchard_Oriole_0055_91515.jpg"
5655,"Orchard_Oriole_0091_91774.jpg"
5656,"Orchard_Oriole_0027_91265.jpg"
5657,"Orchard_Oriole_0039_91267.jpg"
5658,"Orchard_Oriole_0092_92128.jpg"
5659,"Orchard_Oriole_0076_91527.jpg"
5660,"Orchard_Oriole_0108_91530.jpg"
5661,"Orchard_Oriole_0004_91275.jpg"
5662,"Orchard_Oriole_0033_91532.jpg"
5663,"Orchard_Oriole_0059_92046.jpg"
5664,"Orchard_Oriole_0106_91830.jpg"
5665,"Orchard_Oriole_0060_91536.jpg"
5666,"Orchard_Oriole_0061_91941.jpg"
5667,"Orchard_Oriole_0017_91801.jpg"
5668,"Orchard_Oriole_0036_91818.jpg"
5669,"Orchard_Oriole_0058_91819.jpg"
5670,"Orchard_Oriole_0015_91565.jpg"
5671,"Orchard_Oriole_0034_91825.jpg"
5672,"Orchard_Oriole_0088_92086.jpg"
5673,"Orchard_Oriole_0075_91847.jpg"
5674,"Orchard_Oriole_0011_91592.jpg"
5675,"Orchard_Oriole_0019_91338.jpg"
5676,"Orchard_Oriole_0095_91345.jpg"
5677,"Orchard_Oriole_0030_91612.jpg"
5678,"Orchard_Oriole_0044_91360.jpg"
5679,"Orchard_Oriole_0018_91601.jpg"
5680,"Orchard_Oriole_0116_91645.jpg"
5681,"Orchard_Oriole_0046_91646.jpg"
5682,"Orchard_Oriole_0070_91383.jpg"
5683,"Orchard_Oriole_0021_91644.jpg"
5684,"Orchard_Oriole_0009_91902.jpg"
5685,"Scott_Oriole_0015_795862.jpg"
5686,"Scott_Oriole_0007_92439.jpg"
5687,"Scott_Oriole_0052_92440.jpg"
5688,"Scott_Oriole_0085_92206.jpg"
5689,"Scott_Oriole_0025_92207.jpg"
5690,"Scott_Oriole_0045_92237.jpg"
5691,"Scott_Oriole_0003_92247.jpg"
5692,"Scott_Oriole_0079_92248.jpg"
5693,"Scott_Oriole_0044_92262.jpg"
5694,"Scott_Oriole_0028_92270.jpg"
5695,"Scott_Oriole_0069_92271.jpg"
5696,"Scott_Oriole_0024_92302.jpg"
5697,"Scott_Oriole_0054_92310.jpg"
5698,"Scott_Oriole_0042_795844.jpg"
5699,"Scott_Oriole_0068_795804.jpg"
5700,"Scott_Oriole_0053_795805.jpg"
5701,"Scott_Oriole_0031_90270.jpg"
5702,"Scott_Oriole_0051_795807.jpg"
5703,"Scott_Oriole_0070_795808.jpg"
5704,"Scott_Oriole_0064_92321.jpg"
5705,"Scott_Oriole_0032_795810.jpg"
5706,"Scott_Oriole_0063_795812.jpg"
5707,"Scott_Oriole_0034_795813.jpg"
5708,"Scott_Oriole_0008_795814.jpg"
5709,"Scott_Oriole_0019_795815.jpg"
5710,"Scott_Oriole_0056_795816.jpg"
5711,"Scott_Oriole_0038_795818.jpg"
5712,"Scott_Oriole_0065_795819.jpg"
5713,"Scott_Oriole_0083_795821.jpg"
5714,"Scott_Oriole_0072_795822.jpg"
5715,"Scott_Oriole_0055_795825.jpg"
5716,"Scott_Oriole_0001_795826.jpg"
5717,"Scott_Oriole_0014_795827.jpg"
5718,"Scott_Oriole_0043_795828.jpg"
5719,"Scott_Oriole_0002_795829.jpg"
5720,"Scott_Oriole_0030_795830.jpg"
5721,"Scott_Oriole_0077_795831.jpg"
5722,"Scott_Oriole_0017_795832.jpg"
5723,"Scott_Oriole_0078_795833.jpg"
5724,"Scott_Oriole_0023_795835.jpg"
5725,"Scott_Oriole_0011_795836.jpg"
5726,"Scott_Oriole_0012_795837.jpg"
5727,"Scott_Oriole_0040_795839.jpg"
5728,"Scott_Oriole_0018_795840.jpg"
5729,"Scott_Oriole_0022_92356.jpg"
5730,"Scott_Oriole_0029_795846.jpg"
5731,"Scott_Oriole_0071_795848.jpg"
5732,"Scott_Oriole_0058_795849.jpg"
5733,"Scott_Oriole_0005_92362.jpg"
5734,"Scott_Oriole_0035_795851.jpg"
5735,"Scott_Oriole_0010_795852.jpg"
5736,"Scott_Oriole_0073_92369.jpg"
5737,"Scott_Oriole_0067_795858.jpg"
5738,"Scott_Oriole_0046_92371.jpg"
5739,"Scott_Oriole_0084_795860.jpg"
5740,"Scott_Oriole_0081_92374.jpg"
5741,"Scott_Oriole_0036_795850.jpg"
5742,"Scott_Oriole_0057_795856.jpg"
5743,"Scott_Oriole_0016_92398.jpg"
5744,"Scott_Oriole_0075_795817.jpg"
5745,"Ovenbird_0050_92672.jpg"
5746,"Ovenbird_0108_92675.jpg"
5747,"Ovenbird_0032_93199.jpg"
5748,"Ovenbird_0047_93203.jpg"
5749,"Ovenbird_0019_92699.jpg"
5750,"Ovenbird_0022_92702.jpg"
5751,"Ovenbird_0093_92705.jpg"
5752,"Ovenbird_0033_93232.jpg"
5753,"Ovenbird_0089_93234.jpg"
5754,"Ovenbird_0104_92763.jpg"
5755,"Ovenbird_0012_92778.jpg"
5756,"Ovenbird_0035_92785.jpg"
5757,"Ovenbird_0095_92796.jpg"
5758,"Ovenbird_0046_92821.jpg"
5759,"Ovenbird_0044_92828.jpg"
5760,"Ovenbird_0026_92850.jpg"
5761,"Ovenbird_0128_93366.jpg"
5762,"Ovenbird_0136_92859.jpg"
5763,"Ovenbird_0043_93374.jpg"
5764,"Ovenbird_0090_93375.jpg"
5765,"Ovenbird_0004_92868.jpg"
5766,"Ovenbird_0048_92876.jpg"
5767,"Ovenbird_0009_93395.jpg"
5768,"Ovenbird_0084_92901.jpg"
5769,"Ovenbird_0092_93416.jpg"
5770,"Ovenbird_0003_92910.jpg"
5771,"Ovenbird_0045_92973.jpg"
5772,"Ovenbird_0010_92957.jpg"
5773,"Ovenbird_0130_92452.jpg"
5774,"Ovenbird_0099_93148.jpg"
5775,"Ovenbird_0053_92462.jpg"
5776,"Ovenbird_0059_92470.jpg"
5777,"Ovenbird_0122_92993.jpg"
5778,"Ovenbird_0118_93002.jpg"
5779,"Ovenbird_0034_93006.jpg"
5780,"Ovenbird_0112_93018.jpg"
5781,"Ovenbird_0098_93032.jpg"
5782,"Ovenbird_0011_92451.jpg"
5783,"Ovenbird_0064_93208.jpg"
5784,"Ovenbird_0015_93037.jpg"
5785,"Ovenbird_0023_92534.jpg"
5786,"Ovenbird_0020_93049.jpg"
5787,"Ovenbird_0131_92559.jpg"
5788,"Ovenbird_0083_92561.jpg"
5789,"Ovenbird_0058_93078.jpg"
5790,"Ovenbird_0027_93086.jpg"
5791,"Ovenbird_0094_92577.jpg"
5792,"Ovenbird_0024_92583.jpg"
5793,"Ovenbird_0077_92590.jpg"
5794,"Ovenbird_0124_93103.jpg"
5795,"Ovenbird_0101_93104.jpg"
5796,"Ovenbird_0054_92594.jpg"
5797,"Ovenbird_0126_92602.jpg"
5798,"Ovenbird_0081_93115.jpg"
5799,"Ovenbird_0079_92610.jpg"
5800,"Ovenbird_0096_93131.jpg"
5801,"Ovenbird_0070_93140.jpg"
5802,"Ovenbird_0137_92639.jpg"
5803,"Ovenbird_0135_93168.jpg"
5804,"Ovenbird_0102_93172.jpg"
5805,"Brown_Pelican_0127_93700.jpg"
5806,"Brown_Pelican_0041_93720.jpg"
5807,"Brown_Pelican_0102_93727.jpg"
5808,"Brown_Pelican_0115_93731.jpg"
5809,"Brown_Pelican_0009_94256.jpg"
5810,"Brown_Pelican_0002_94773.jpg"
5811,"Brown_Pelican_0086_93757.jpg"
5812,"Brown_Pelican_0103_94787.jpg"
5813,"Brown_Pelican_0110_93622.jpg"
5814,"Brown_Pelican_0097_93767.jpg"
5815,"Brown_Pelican_0095_94290.jpg"
5816,"Brown_Pelican_0073_94823.jpg"
5817,"Brown_Pelican_0066_94840.jpg"
5818,"Brown_Pelican_0075_95357.jpg"
5819,"Brown_Pelican_0036_93843.jpg"
5820,"Brown_Pelican_0087_94358.jpg"
5821,"Brown_Pelican_0123_94368.jpg"
5822,"Brown_Pelican_0010_94370.jpg"
5823,"Brown_Pelican_0017_94383.jpg"
5824,"Brown_Pelican_0111_93872.jpg"
5825,"Brown_Pelican_0031_93874.jpg"
5826,"Brown_Pelican_0020_95422.jpg"
5827,"Brown_Pelican_0118_93475.jpg"
5828,"Brown_Pelican_0068_94430.jpg"
5829,"Brown_Pelican_0018_94432.jpg"
5830,"Brown_Pelican_0100_94434.jpg"
5831,"Brown_Pelican_0013_93589.jpg"
5832,"Brown_Pelican_0140_93438.jpg"
5833,"Brown_Pelican_0080_93439.jpg"
5834,"Brown_Pelican_0131_94464.jpg"
5835,"Brown_Pelican_0125_93461.jpg"
5836,"Brown_Pelican_0077_93464.jpg"
5837,"Brown_Pelican_0003_94427.jpg"
5838,"Brown_Pelican_0059_94504.jpg"
5839,"Brown_Pelican_0043_94506.jpg"
5840,"Brown_Pelican_0139_93995.jpg"
5841,"Brown_Pelican_0067_94529.jpg"
5842,"Brown_Pelican_0141_94533.jpg"
5843,"Brown_Pelican_0122_94022.jpg"
5844,"Brown_Pelican_0085_95053.jpg"
5845,"Brown_Pelican_0071_94549.jpg"
5846,"Brown_Pelican_0040_94051.jpg"
5847,"Brown_Pelican_0128_94059.jpg"
5848,"Brown_Pelican_0051_94578.jpg"
5849,"Brown_Pelican_0121_94067.jpg"
5850,"Brown_Pelican_0129_94074.jpg"
5851,"Brown_Pelican_0088_94076.jpg"
5852,"Brown_Pelican_0007_94078.jpg"
5853,"Brown_Pelican_0012_94079.jpg"
5854,"Brown_Pelican_0081_94085.jpg"
5855,"Brown_Pelican_0049_94598.jpg"
5856,"Brown_Pelican_0019_95158.jpg"
5857,"Brown_Pelican_0011_94683.jpg"
5858,"Brown_Pelican_0070_93678.jpg"
5859,"Brown_Pelican_0039_95216.jpg"
5860,"Brown_Pelican_0025_95218.jpg"
5861,"Brown_Pelican_0124_93684.jpg"
5862,"Brown_Pelican_0072_94974.jpg"
5863,"Brown_Pelican_0074_93692.jpg"
5864,"Brown_Pelican_0056_95229.jpg"
5865,"White_Pelican_0077_97025.jpg"
5866,"White_Pelican_0073_96260.jpg"
5867,"White_Pelican_0066_95495.jpg"
5868,"White_Pelican_0048_95764.jpg"
5869,"White_Pelican_0013_96901.jpg"
5870,"White_Pelican_0031_97064.jpg"
5871,"White_Pelican_0051_97833.jpg"
5872,"White_Pelican_0056_97071.jpg"
5873,"White_Pelican_0086_95538.jpg"
5874,"White_Pelican_0035_96312.jpg"
5875,"White_Pelican_0009_97340.jpg"
5876,"White_Pelican_0071_96061.jpg"
5877,"White_Pelican_0025_97604.jpg"
5878,"White_Pelican_0042_97250.jpg"
5879,"White_Pelican_0037_95570.jpg"
5880,"White_Pelican_0039_97363.jpg"
5881,"White_Pelican_0067_95573.jpg"
5882,"White_Pelican_0026_95832.jpg"
5883,"White_Pelican_0079_97380.jpg"
5884,"White_Pelican_0036_96863.jpg"
5885,"White_Pelican_0083_95840.jpg"
5886,"White_Pelican_0052_96865.jpg"
5887,"White_Pelican_0010_96876.jpg"
5888,"White_Pelican_0068_95635.jpg"
5889,"White_Pelican_0046_96888.jpg"
5890,"White_Pelican_0044_96028.jpg"
5891,"White_Pelican_0084_95877.jpg"
5892,"White_Pelican_0012_97261.jpg"
5893,"White_Pelican_0016_96659.jpg"
5894,"White_Pelican_0081_96148.jpg"
5895,"White_Pelican_0032_96920.jpg"
5896,"White_Pelican_0022_95897.jpg"
5897,"White_Pelican_0040_96026.jpg"
5898,"White_Pelican_0014_96417.jpg"
5899,"White_Pelican_0059_96675.jpg"
5900,"White_Pelican_0075_96422.jpg"
5901,"White_Pelican_0076_96427.jpg"
5902,"White_Pelican_0005_95916.jpg"
5903,"White_Pelican_0003_96691.jpg"
5904,"White_Pelican_0015_96952.jpg"
5905,"White_Pelican_0034_97466.jpg"
5906,"White_Pelican_0028_95950.jpg"
5907,"White_Pelican_0072_96975.jpg"
5908,"White_Pelican_0050_97913.jpg"
5909,"White_Pelican_0087_97247.jpg"
5910,"White_Pelican_0047_97190.jpg"
5911,"White_Pelican_0080_95721.jpg"
5912,"White_Pelican_0053_96236.jpg"
5913,"White_Pelican_0054_97528.jpg"
5914,"White_Pelican_0024_96554.jpg"
5915,"Western_Wood_Pewee_0052_98006.jpg"
5916,"Western_Wood_Pewee_0016_98082.jpg"
5917,"Western_Wood_Pewee_0070_98225.jpg"
5918,"Western_Wood_Pewee_0014_98094.jpg"
5919,"Western_Wood_Pewee_0021_98101.jpg"
5920,"Western_Wood_Pewee_0061_795060.jpg"
5921,"Western_Wood_Pewee_0024_98229.jpg"
5922,"Western_Wood_Pewee_0046_98113.jpg"
5923,"Western_Wood_Pewee_0009_98115.jpg"
5924,"Western_Wood_Pewee_0032_98121.jpg"
5925,"Western_Wood_Pewee_0062_98123.jpg"
5926,"Western_Wood_Pewee_0042_98126.jpg"
5927,"Western_Wood_Pewee_0037_98127.jpg"
5928,"Western_Wood_Pewee_0077_98133.jpg"
5929,"Western_Wood_Pewee_0018_98153.jpg"
5930,"Western_Wood_Pewee_0074_98282.jpg"
5931,"Western_Wood_Pewee_0007_97985.jpg"
5932,"Western_Wood_Pewee_0015_98184.jpg"
5933,"Western_Wood_Pewee_0053_98186.jpg"
5934,"Western_Wood_Pewee_0026_98191.jpg"
5935,"Western_Wood_Pewee_0012_98031.jpg"
5936,"Western_Wood_Pewee_0010_98204.jpg"
5937,"Western_Wood_Pewee_0011_98205.jpg"
5938,"Western_Wood_Pewee_0031_795038.jpg"
5939,"Western_Wood_Pewee_0057_795040.jpg"
5940,"Western_Wood_Pewee_0017_795041.jpg"
5941,"Western_Wood_Pewee_0029_795042.jpg"
5942,"Western_Wood_Pewee_0073_795044.jpg"
5943,"Western_Wood_Pewee_0060_795045.jpg"
5944,"Western_Wood_Pewee_0019_795046.jpg"
5945,"Western_Wood_Pewee_0079_795047.jpg"
5946,"Western_Wood_Pewee_0041_795048.jpg"
5947,"Western_Wood_Pewee_0003_795050.jpg"
5948,"Western_Wood_Pewee_0040_795051.jpg"
5949,"Western_Wood_Pewee_0043_795053.jpg"
5950,"Western_Wood_Pewee_0020_795054.jpg"
5951,"Western_Wood_Pewee_0028_795057.jpg"
5952,"Western_Wood_Pewee_0022_795058.jpg"
5953,"Western_Wood_Pewee_0072_98035.jpg"
5954,"Western_Wood_Pewee_0045_97972.jpg"
5955,"Western_Wood_Pewee_0051_98206.jpg"
5956,"Western_Wood_Pewee_0035_795062.jpg"
5957,"Western_Wood_Pewee_0039_795063.jpg"
5958,"Western_Wood_Pewee_0054_97982.jpg"
5959,"Western_Wood_Pewee_0050_98241.jpg"
5960,"Western_Wood_Pewee_0004_98257.jpg"
5961,"Western_Wood_Pewee_0076_98002.jpg"
5962,"Western_Wood_Pewee_0008_795043.jpg"
5963,"Western_Wood_Pewee_0059_98262.jpg"
5964,"Western_Wood_Pewee_0049_98263.jpg"
5965,"Western_Wood_Pewee_0013_98268.jpg"
5966,"Western_Wood_Pewee_0081_98270.jpg"
5967,"Western_Wood_Pewee_0030_98272.jpg"
5968,"Western_Wood_Pewee_0047_98274.jpg"
5969,"Western_Wood_Pewee_0065_98001.jpg"
5970,"Western_Wood_Pewee_0068_98024.jpg"
5971,"Western_Wood_Pewee_0056_98026.jpg"
5972,"Western_Wood_Pewee_0063_98295.jpg"
5973,"Western_Wood_Pewee_0069_98299.jpg"
5974,"Western_Wood_Pewee_0001_98045.jpg"
5975,"Sayornis_0137_98305.jpg"
5976,"Sayornis_0022_98308.jpg"
5977,"Sayornis_0066_98309.jpg"
5978,"Sayornis_0115_99335.jpg"
5979,"Sayornis_0086_98829.jpg"
5980,"Sayornis_0036_98323.jpg"
5981,"Sayornis_0106_98841.jpg"
5982,"Sayornis_0070_99354.jpg"
5983,"Sayornis_0134_98339.jpg"
5984,"Sayornis_0105_98853.jpg"
5985,"Sayornis_0030_98343.jpg"
5986,"Sayornis_0075_98350.jpg"
5987,"Sayornis_0119_98864.jpg"
5988,"Sayornis_0127_98865.jpg"
5989,"Sayornis_0042_98874.jpg"
5990,"Sayornis_0012_98881.jpg"
5991,"Sayornis_0061_98375.jpg"
5992,"Sayornis_0109_98906.jpg"
5993,"Sayornis_0069_98914.jpg"
5994,"Sayornis_0111_98406.jpg"
5995,"Sayornis_0129_98924.jpg"
5996,"Sayornis_0067_98930.jpg"
5997,"Sayornis_0098_98419.jpg"
5998,"Sayornis_0039_98420.jpg"
5999,"Sayornis_0116_98939.jpg"
6000,"Sayornis_0076_98941.jpg"
6001,"Sayornis_0079_98434.jpg"
6002,"Sayornis_0037_98949.jpg"
6003,"Sayornis_0038_98441.jpg"
6004,"Sayornis_0005_98958.jpg"
6005,"Sayornis_0032_98962.jpg"
6006,"Sayornis_0114_98976.jpg"
6007,"Sayornis_0085_99503.jpg"
6008,"Sayornis_0081_99508.jpg"
6009,"Sayornis_0029_99535.jpg"
6010,"Sayornis_0094_98512.jpg"
6011,"Sayornis_0080_98518.jpg"
6012,"Sayornis_0047_98524.jpg"
6013,"Sayornis_0125_98528.jpg"
6014,"Sayornis_0045_98549.jpg"
6015,"Sayornis_0108_98553.jpg"
6016,"Sayornis_0136_99099.jpg"
6017,"Sayornis_0099_98593.jpg"
6018,"Sayornis_0002_98596.jpg"
6019,"Sayornis_0007_99117.jpg"
6020,"Sayornis_0011_98610.jpg"
6021,"Sayornis_0010_98611.jpg"
6022,"Sayornis_0133_99129.jpg"
6023,"Sayornis_0003_98618.jpg"
6024,"Sayornis_0025_98620.jpg"
6025,"Sayornis_0113_98630.jpg"
6026,"Sayornis_0056_99553.jpg"
6027,"Sayornis_0019_98636.jpg"
6028,"Sayornis_0130_98678.jpg"
6029,"Sayornis_0021_98710.jpg"
6030,"Sayornis_0077_98724.jpg"
6031,"Sayornis_0020_98727.jpg"
6032,"Sayornis_0014_98889.jpg"
6033,"Sayornis_0100_98782.jpg"
6034,"Sayornis_0058_98798.jpg"
6035,"American_Pipit_0039_99841.jpg"
6036,"American_Pipit_0010_99843.jpg"
6037,"American_Pipit_0074_100154.jpg"
6038,"American_Pipit_0124_99848.jpg"
6039,"American_Pipit_0006_99857.jpg"
6040,"American_Pipit_0031_99607.jpg"
6041,"American_Pipit_0021_100378.jpg"
6042,"American_Pipit_0082_99867.jpg"
6043,"American_Pipit_0114_100380.jpg"
6044,"American_Pipit_0008_100390.jpg"
6045,"American_Pipit_0048_100140.jpg"
6046,"American_Pipit_0011_99630.jpg"
6047,"American_Pipit_0072_99631.jpg"
6048,"American_Pipit_0104_100147.jpg"
6049,"American_Pipit_0078_99898.jpg"
6050,"American_Pipit_0017_99902.jpg"
6051,"American_Pipit_0007_99808.jpg"
6052,"American_Pipit_0036_99658.jpg"
6053,"American_Pipit_0019_99810.jpg"
6054,"American_Pipit_0029_99667.jpg"
6055,"American_Pipit_0035_100181.jpg"
6056,"American_Pipit_0059_99628.jpg"
6057,"American_Pipit_0123_99929.jpg"
6058,"American_Pipit_0015_99932.jpg"
6059,"American_Pipit_0027_100189.jpg"
6060,"American_Pipit_0024_99813.jpg"
6061,"American_Pipit_0113_99939.jpg"
6062,"American_Pipit_0111_99940.jpg"
6063,"American_Pipit_0045_99687.jpg"
6064,"American_Pipit_0034_99946.jpg"
6065,"American_Pipit_0022_100227.jpg"
6066,"American_Pipit_0037_99954.jpg"
6067,"American_Pipit_0088_100213.jpg"
6068,"American_Pipit_0095_99959.jpg"
6069,"American_Pipit_0066_99961.jpg"
6070,"American_Pipit_0058_100218.jpg"
6071,"American_Pipit_0109_99710.jpg"
6072,"American_Pipit_0001_100225.jpg"
6073,"American_Pipit_0099_99971.jpg"
6074,"American_Pipit_0102_99979.jpg"
6075,"American_Pipit_0067_100237.jpg"
6076,"American_Pipit_0046_100240.jpg"
6077,"American_Pipit_0098_99986.jpg"
6078,"American_Pipit_0090_99651.jpg"
6079,"American_Pipit_0085_100246.jpg"
6080,"American_Pipit_0087_99996.jpg"
6081,"American_Pipit_0062_100000.jpg"
6082,"American_Pipit_0089_100260.jpg"
6083,"American_Pipit_0116_100015.jpg"
6084,"American_Pipit_0091_100276.jpg"
6085,"American_Pipit_0002_100023.jpg"
6086,"American_Pipit_0043_100027.jpg"
6087,"American_Pipit_0121_100040.jpg"
6088,"American_Pipit_0081_99785.jpg"
6089,"American_Pipit_0101_100053.jpg"
6090,"American_Pipit_0080_100055.jpg"
6091,"American_Pipit_0041_100060.jpg"
6092,"American_Pipit_0070_100061.jpg"
6093,"American_Pipit_0119_99622.jpg"
6094,"American_Pipit_0073_99642.jpg"
6095,"Whip_Poor_Will_0011_796416.jpg"
6096,"Whip_Poor_Will_0048_796417.jpg"
6097,"Whip_Poor_Will_0040_100482.jpg"
6098,"Whip_Poor_Will_0042_796419.jpg"
6099,"Whip_Poor_Will_0008_796420.jpg"
6100,"Whip_Poor_Will_0028_796421.jpg"
6101,"Whip_Poor_Will_0045_796422.jpg"
6102,"Whip_Poor_Will_0009_796423.jpg"
6103,"Whip_Poor_Will_0016_796424.jpg"
6104,"Whip_Poor_Will_0005_796425.jpg"
6105,"Whip_Poor_Will_0021_796426.jpg"
6106,"Whip_Poor_Will_0002_796427.jpg"
6107,"Whip_Poor_Will_0041_796428.jpg"
6108,"Whip_Poor_Will_0017_796429.jpg"
6109,"Whip_Poor_Will_0035_796430.jpg"
6110,"Whip_Poor_Will_0007_796431.jpg"
6111,"Whip_Poor_Will_0006_22800.jpg"
6112,"Whip_Poor_Will_0019_796433.jpg"
6113,"Whip_Poor_Will_0025_796434.jpg"
6114,"Whip_Poor_Will_0015_796435.jpg"
6115,"Whip_Poor_Will_0032_796437.jpg"
6116,"Whip_Poor_Will_0022_796438.jpg"
6117,"Whip_Poor_Will_0013_796439.jpg"
6118,"Whip_Poor_Will_0046_796440.jpg"
6119,"Whip_Poor_Will_0027_796441.jpg"
6120,"Whip_Poor_Will_0043_796442.jpg"
6121,"Whip_Poor_Will_0049_83621.jpg"
6122,"Whip_Poor_Will_0004_100479.jpg"
6123,"Whip_Poor_Will_0020_100396.jpg"
6124,"Whip_Poor_Will_0031_100397.jpg"
6125,"Whip_Poor_Will_0036_100399.jpg"
6126,"Whip_Poor_Will_0030_100412.jpg"
6127,"Whip_Poor_Will_0038_100443.jpg"
6128,"Whip_Poor_Will_0024_100444.jpg"
6129,"Whip_Poor_Will_0029_796432.jpg"
6130,"Whip_Poor_Will_0026_100456.jpg"
6131,"Whip_Poor_Will_0010_100464.jpg"
6132,"Whip_Poor_Will_0018_796403.jpg"
6133,"Whip_Poor_Will_0037_796405.jpg"
6134,"Whip_Poor_Will_0033_82166.jpg"
6135,"Whip_Poor_Will_0044_796407.jpg"
6136,"Whip_Poor_Will_0039_796408.jpg"
6137,"Whip_Poor_Will_0003_796409.jpg"
6138,"Whip_Poor_Will_0023_796410.jpg"
6139,"Whip_Poor_Will_0001_796411.jpg"
6140,"Whip_Poor_Will_0047_796412.jpg"
6141,"Whip_Poor_Will_0034_796413.jpg"
6142,"Whip_Poor_Will_0012_796414.jpg"
6143,"Whip_Poor_Will_0050_796415.jpg"
6144,"Horned_Puffin_0016_100993.jpg"
6145,"Horned_Puffin_0068_100872.jpg"
6146,"Horned_Puffin_0024_100620.jpg"
6147,"Horned_Puffin_0011_100621.jpg"
6148,"Horned_Puffin_0065_100625.jpg"
6149,"Horned_Puffin_0055_100882.jpg"
6150,"Horned_Puffin_0074_100886.jpg"
6151,"Horned_Puffin_0029_100888.jpg"
6152,"Horned_Puffin_0015_100889.jpg"
6153,"Horned_Puffin_0039_100890.jpg"
6154,"Horned_Puffin_0040_100891.jpg"
6155,"Horned_Puffin_0084_100637.jpg"
6156,"Horned_Puffin_0034_100895.jpg"
6157,"Horned_Puffin_0050_100645.jpg"
6158,"Horned_Puffin_0083_100649.jpg"
6159,"Horned_Puffin_0027_100906.jpg"
6160,"Horned_Puffin_0071_100651.jpg"
6161,"Horned_Puffin_0054_100915.jpg"
6162,"Horned_Puffin_0048_100916.jpg"
6163,"Horned_Puffin_0075_100664.jpg"
6164,"Horned_Puffin_0059_100925.jpg"
6165,"Horned_Puffin_0077_100671.jpg"
6166,"Horned_Puffin_0082_100876.jpg"
6167,"Horned_Puffin_0072_100938.jpg"
6168,"Horned_Puffin_0025_100942.jpg"
6169,"Horned_Puffin_0066_100877.jpg"
6170,"Horned_Puffin_0035_100690.jpg"
6171,"Horned_Puffin_0062_100693.jpg"
6172,"Horned_Puffin_0007_100699.jpg"
6173,"Horned_Puffin_0069_101018.jpg"
6174,"Horned_Puffin_0047_100967.jpg"
6175,"Horned_Puffin_0001_100973.jpg"
6176,"Horned_Puffin_0036_100974.jpg"
6177,"Horned_Puffin_0052_100977.jpg"
6178,"Horned_Puffin_0030_100725.jpg"
6179,"Horned_Puffin_0060_100726.jpg"
6180,"Horned_Puffin_0033_100731.jpg"
6181,"Horned_Puffin_0004_100733.jpg"
6182,"Horned_Puffin_0067_100737.jpg"
6183,"Horned_Puffin_0042_100760.jpg"
6184,"Horned_Puffin_0012_100763.jpg"
6185,"Horned_Puffin_0028_100765.jpg"
6186,"Horned_Puffin_0022_100766.jpg"
6187,"Horned_Puffin_0038_100635.jpg"
6188,"Horned_Puffin_0056_101030.jpg"
6189,"Horned_Puffin_0078_100777.jpg"
6190,"Horned_Puffin_0021_100780.jpg"
6191,"Horned_Puffin_0046_100785.jpg"
6192,"Horned_Puffin_0003_101045.jpg"
6193,"Horned_Puffin_0051_101048.jpg"
6194,"Horned_Puffin_0081_101054.jpg"
6195,"Horned_Puffin_0045_100803.jpg"
6196,"Horned_Puffin_0031_100804.jpg"
6197,"Horned_Puffin_0019_101063.jpg"
6198,"Horned_Puffin_0010_100771.jpg"
6199,"Horned_Puffin_0073_100830.jpg"
6200,"Horned_Puffin_0026_100937.jpg"
6201,"Horned_Puffin_0061_100845.jpg"
6202,"Horned_Puffin_0079_100847.jpg"
6203,"Horned_Puffin_0006_100989.jpg"
6204,"Common_Raven_0089_101891.jpg"
6205,"Common_Raven_0059_101893.jpg"
6206,"Common_Raven_0070_101896.jpg"
6207,"Common_Raven_0043_101901.jpg"
6208,"Common_Raven_0010_101390.jpg"
6209,"Common_Raven_0024_101394.jpg"
6210,"Common_Raven_0052_101909.jpg"
6211,"Common_Raven_0107_101412.jpg"
6212,"Common_Raven_0023_102437.jpg"
6213,"Common_Raven_0072_102443.jpg"
6214,"Common_Raven_0028_102452.jpg"
6215,"Common_Raven_0065_102465.jpg"
6216,"Common_Raven_0062_101448.jpg"
6217,"Common_Raven_0126_101459.jpg"
6218,"Common_Raven_0066_101461.jpg"
6219,"Common_Raven_0035_101466.jpg"
6220,"Common_Raven_0061_102519.jpg"
6221,"Common_Raven_0060_102013.jpg"
6222,"Common_Raven_0075_102530.jpg"
6223,"Common_Raven_0007_102020.jpg"
6224,"Common_Raven_0069_101825.jpg"
6225,"Common_Raven_0036_102025.jpg"
6226,"Common_Raven_0091_101524.jpg"
6227,"Common_Raven_0092_102550.jpg"
6228,"Common_Raven_0029_102039.jpg"
6229,"Common_Raven_0085_102041.jpg"
6230,"Common_Raven_0017_102044.jpg"
6231,"Common_Raven_0132_101543.jpg"
6232,"Common_Raven_0093_102058.jpg"
6233,"Common_Raven_0002_102582.jpg"
6234,"Common_Raven_0025_102584.jpg"
6235,"Common_Raven_0074_101576.jpg"
6236,"Common_Raven_0129_102094.jpg"
6237,"Common_Raven_0119_101595.jpg"
6238,"Common_Raven_0009_102112.jpg"
6239,"Common_Raven_0037_101096.jpg"
6240,"Common_Raven_0079_101100.jpg"
6241,"Common_Raven_0128_102017.jpg"
6242,"Common_Raven_0078_101148.jpg"
6243,"Common_Raven_0099_102534.jpg"
6244,"Common_Raven_0122_101708.jpg"
6245,"Common_Raven_0018_101713.jpg"
6246,"Common_Raven_0110_101775.jpg"
6247,"Common_Raven_0001_101213.jpg"
6248,"Common_Raven_0068_101216.jpg"
6249,"Common_Raven_0086_101221.jpg"
6250,"Common_Raven_0121_101744.jpg"
6251,"Common_Raven_0054_101750.jpg"
6252,"Common_Raven_0033_101759.jpg"
6253,"Common_Raven_0021_101767.jpg"
6254,"Common_Raven_0082_102306.jpg"
6255,"Common_Raven_0053_101291.jpg"
6256,"Common_Raven_0095_101831.jpg"
6257,"Common_Raven_0117_101833.jpg"
6258,"Common_Raven_0057_101324.jpg"
6259,"Common_Raven_0005_101347.jpg"
6260,"Common_Raven_0077_101349.jpg"
6261,"Common_Raven_0116_101350.jpg"
6262,"Common_Raven_0015_101364.jpg"
6263,"White_Necked_Raven_0047_102660.jpg"
6264,"White_Necked_Raven_0059_102668.jpg"
6265,"White_Necked_Raven_0007_102676.jpg"
6266,"White_Necked_Raven_0031_102686.jpg"
6267,"White_Necked_Raven_0014_102687.jpg"
6268,"White_Necked_Raven_0034_102598.jpg"
6269,"White_Necked_Raven_0039_102699.jpg"
6270,"White_Necked_Raven_0012_102700.jpg"
6271,"White_Necked_Raven_0030_102701.jpg"
6272,"White_Necked_Raven_0049_102713.jpg"
6273,"White_Necked_Raven_0004_102714.jpg"
6274,"White_Necked_Raven_0058_102729.jpg"
6275,"White_Necked_Raven_0020_102730.jpg"
6276,"White_Necked_Raven_0037_102734.jpg"
6277,"White_Necked_Raven_0018_102746.jpg"
6278,"White_Necked_Raven_0009_102518.jpg"
6279,"White_Necked_Raven_0015_102593.jpg"
6280,"White_Necked_Raven_0021_797341.jpg"
6281,"White_Necked_Raven_0046_797343.jpg"
6282,"White_Necked_Raven_0048_797345.jpg"
6283,"White_Necked_Raven_0025_797346.jpg"
6284,"White_Necked_Raven_0006_797347.jpg"
6285,"White_Necked_Raven_0044_797348.jpg"
6286,"White_Necked_Raven_0029_797349.jpg"
6287,"White_Necked_Raven_0010_797350.jpg"
6288,"White_Necked_Raven_0055_797352.jpg"
6289,"White_Necked_Raven_0065_797354.jpg"
6290,"White_Necked_Raven_0027_797355.jpg"
6291,"White_Necked_Raven_0042_797356.jpg"
6292,"White_Necked_Raven_0026_797357.jpg"
6293,"White_Necked_Raven_0057_797358.jpg"
6294,"White_Necked_Raven_0036_797359.jpg"
6295,"White_Necked_Raven_0053_797360.jpg"
6296,"White_Necked_Raven_0063_797361.jpg"
6297,"White_Necked_Raven_0043_797363.jpg"
6298,"White_Necked_Raven_0024_797364.jpg"
6299,"White_Necked_Raven_0060_797365.jpg"
6300,"White_Necked_Raven_0011_797367.jpg"
6301,"White_Necked_Raven_0038_797369.jpg"
6302,"White_Necked_Raven_0002_797370.jpg"
6303,"White_Necked_Raven_0023_797371.jpg"
6304,"White_Necked_Raven_0056_797373.jpg"
6305,"White_Necked_Raven_0050_797374.jpg"
6306,"White_Necked_Raven_0003_797376.jpg"
6307,"White_Necked_Raven_0019_797377.jpg"
6308,"White_Necked_Raven_0064_797378.jpg"
6309,"White_Necked_Raven_0045_797381.jpg"
6310,"White_Necked_Raven_0062_797382.jpg"
6311,"White_Necked_Raven_0051_797383.jpg"
6312,"White_Necked_Raven_0001_797384.jpg"
6313,"White_Necked_Raven_0016_797385.jpg"
6314,"White_Necked_Raven_0040_797386.jpg"
6315,"White_Necked_Raven_0008_797389.jpg"
6316,"White_Necked_Raven_0072_797391.jpg"
6317,"White_Necked_Raven_0028_797392.jpg"
6318,"White_Necked_Raven_0068_102610.jpg"
6319,"White_Necked_Raven_0067_102630.jpg"
6320,"White_Necked_Raven_0041_797394.jpg"
6321,"White_Necked_Raven_0070_102645.jpg"
6322,"White_Necked_Raven_0005_102653.jpg"
6323,"American_Redstart_0094_103425.jpg"
6324,"American_Redstart_0044_103433.jpg"
6325,"American_Redstart_0090_102940.jpg"
6326,"American_Redstart_0111_102945.jpg"
6327,"American_Redstart_0103_102946.jpg"
6328,"American_Redstart_0009_103974.jpg"
6329,"American_Redstart_0082_102973.jpg"
6330,"American_Redstart_0128_102983.jpg"
6331,"American_Redstart_0048_104021.jpg"
6332,"American_Redstart_0078_103268.jpg"
6333,"American_Redstart_0020_104027.jpg"
6334,"American_Redstart_0035_103017.jpg"
6335,"American_Redstart_0077_104042.jpg"
6336,"American_Redstart_0054_103543.jpg"
6337,"American_Redstart_0118_103033.jpg"
6338,"American_Redstart_0024_103042.jpg"
6339,"American_Redstart_0093_103071.jpg"
6340,"American_Redstart_0064_103081.jpg"
6341,"American_Redstart_0058_103082.jpg"
6342,"American_Redstart_0120_103089.jpg"
6343,"American_Redstart_0126_103091.jpg"
6344,"American_Redstart_0122_103102.jpg"
6345,"American_Redstart_0116_103631.jpg"
6346,"American_Redstart_0119_104057.jpg"
6347,"American_Redstart_0085_103155.jpg"
6348,"American_Redstart_0013_103677.jpg"
6349,"American_Redstart_0027_103168.jpg"
6350,"American_Redstart_0108_103686.jpg"
6351,"American_Redstart_0049_103176.jpg"
6352,"American_Redstart_0089_103187.jpg"
6353,"American_Redstart_0022_103701.jpg"
6354,"American_Redstart_0041_103717.jpg"
6355,"American_Redstart_0002_103723.jpg"
6356,"American_Redstart_0026_103729.jpg"
6357,"American_Redstart_0036_103231.jpg"
6358,"American_Redstart_0080_103749.jpg"
6359,"American_Redstart_0097_103238.jpg"
6360,"American_Redstart_0056_103241.jpg"
6361,"American_Redstart_0067_103259.jpg"
6362,"American_Redstart_0071_103266.jpg"
6363,"American_Redstart_0033_103783.jpg"
6364,"American_Redstart_0038_103278.jpg"
6365,"American_Redstart_0109_103795.jpg"
6366,"American_Redstart_0066_102774.jpg"
6367,"American_Redstart_0059_103402.jpg"
6368,"American_Redstart_0037_102818.jpg"
6369,"American_Redstart_0055_103750.jpg"
6370,"American_Redstart_0045_102823.jpg"
6371,"American_Redstart_0137_102848.jpg"
6372,"American_Redstart_0096_102853.jpg"
6373,"American_Redstart_0087_103371.jpg"
6374,"American_Redstart_0047_102860.jpg"
6375,"American_Redstart_0034_102866.jpg"
6376,"American_Redstart_0088_103892.jpg"
6377,"American_Redstart_0138_102869.jpg"
6378,"American_Redstart_0012_103385.jpg"
6379,"American_Redstart_0086_102876.jpg"
6380,"American_Redstart_0107_102888.jpg"
6381,"American_Redstart_0031_102890.jpg"
6382,"American_Redstart_0110_103924.jpg"
6383,"Geococcyx_0078_104468.jpg"
6384,"Geococcyx_0050_104506.jpg"
6385,"Geococcyx_0040_104507.jpg"
6386,"Geococcyx_0006_104523.jpg"
6387,"Geococcyx_0030_104525.jpg"
6388,"Geococcyx_0107_104534.jpg"
6389,"Geococcyx_0067_104537.jpg"
6390,"Geococcyx_0112_104548.jpg"
6391,"Geococcyx_0061_104553.jpg"
6392,"Geococcyx_0084_104574.jpg"
6393,"Geococcyx_0131_104300.jpg"
6394,"Geococcyx_0091_104301.jpg"
6395,"Geococcyx_0114_104136.jpg"
6396,"Geococcyx_0024_104243.jpg"
6397,"Geococcyx_0118_104131.jpg"
6398,"Geococcyx_0099_104134.jpg"
6399,"Geococcyx_0124_104141.jpg"
6400,"Geococcyx_0056_104142.jpg"
6401,"Geococcyx_0136_104144.jpg"
6402,"Geococcyx_0068_104149.jpg"
6403,"Geococcyx_0022_104157.jpg"
6404,"Geococcyx_0110_104163.jpg"
6405,"Geococcyx_0020_104164.jpg"
6406,"Geococcyx_0045_104166.jpg"
6407,"Geococcyx_0036_104173.jpg"
6408,"Geococcyx_0120_104176.jpg"
6409,"Geococcyx_0137_104693.jpg"
6410,"Geococcyx_0077_104185.jpg"
6411,"Geococcyx_0005_104187.jpg"
6412,"Geococcyx_0033_104195.jpg"
6413,"Geococcyx_0134_104196.jpg"
6414,"Geococcyx_0010_104197.jpg"
6415,"Geococcyx_0135_104716.jpg"
6416,"Geococcyx_0106_104216.jpg"
6417,"Geococcyx_0105_104239.jpg"
6418,"Geococcyx_0117_104227.jpg"
6419,"Geococcyx_0101_104230.jpg"
6420,"Geococcyx_0062_104743.jpg"
6421,"Geococcyx_0028_104751.jpg"
6422,"Geococcyx_0116_104240.jpg"
6423,"Geococcyx_0086_104755.jpg"
6424,"Geococcyx_0079_104249.jpg"
6425,"Geococcyx_0063_104250.jpg"
6426,"Geococcyx_0059_104258.jpg"
6427,"Geococcyx_0038_104266.jpg"
6428,"Geococcyx_0133_104267.jpg"
6429,"Geococcyx_0041_104273.jpg"
6430,"Geococcyx_0139_104277.jpg"
6431,"Geococcyx_0015_104792.jpg"
6432,"Geococcyx_0027_104291.jpg"
6433,"Geococcyx_0065_104806.jpg"
6434,"Geococcyx_0048_104817.jpg"
6435,"Geococcyx_0075_104334.jpg"
6436,"Geococcyx_0047_104259.jpg"
6437,"Geococcyx_0108_104350.jpg"
6438,"Geococcyx_0012_104352.jpg"
6439,"Geococcyx_0095_104358.jpg"
6440,"Geococcyx_0096_104369.jpg"
6441,"Geococcyx_0009_104372.jpg"
6442,"Geococcyx_0011_104779.jpg"
6443,"Loggerhead_Shrike_0114_104960.jpg"
6444,"Loggerhead_Shrike_0032_106521.jpg"
6445,"Loggerhead_Shrike_0022_105501.jpg"
6446,"Loggerhead_Shrike_0036_105904.jpg"
6447,"Loggerhead_Shrike_0046_104998.jpg"
6448,"Loggerhead_Shrike_0041_105002.jpg"
6449,"Loggerhead_Shrike_0086_105005.jpg"
6450,"Loggerhead_Shrike_0108_105023.jpg"
6451,"Loggerhead_Shrike_0089_106055.jpg"
6452,"Loggerhead_Shrike_0071_105040.jpg"
6453,"Loggerhead_Shrike_0059_106086.jpg"
6454,"Loggerhead_Shrike_0115_105575.jpg"
6455,"Loggerhead_Shrike_0073_106097.jpg"
6456,"Loggerhead_Shrike_0091_105076.jpg"
6457,"Loggerhead_Shrike_0007_106101.jpg"
6458,"Loggerhead_Shrike_0024_105593.jpg"
6459,"Loggerhead_Shrike_0125_105594.jpg"
6460,"Loggerhead_Shrike_0100_105106.jpg"
6461,"Loggerhead_Shrike_0019_106132.jpg"
6462,"Loggerhead_Shrike_0052_105120.jpg"
6463,"Loggerhead_Shrike_0075_106153.jpg"
6464,"Loggerhead_Shrike_0103_105137.jpg"
6465,"Loggerhead_Shrike_0119_105138.jpg"
6466,"Loggerhead_Shrike_0069_73908.jpg"
6467,"Loggerhead_Shrike_0088_105663.jpg"
6468,"Loggerhead_Shrike_0118_105157.jpg"
6469,"Loggerhead_Shrike_0106_105437.jpg"
6470,"Loggerhead_Shrike_0033_105686.jpg"
6471,"Loggerhead_Shrike_0048_106215.jpg"
6472,"Loggerhead_Shrike_0025_104828.jpg"
6473,"Loggerhead_Shrike_0002_105195.jpg"
6474,"Loggerhead_Shrike_0028_106221.jpg"
6475,"Loggerhead_Shrike_0109_105710.jpg"
6476,"Loggerhead_Shrike_0064_106225.jpg"
6477,"Loggerhead_Shrike_0127_105742.jpg"
6478,"Loggerhead_Shrike_0128_105238.jpg"
6479,"Loggerhead_Shrike_0011_104921.jpg"
6480,"Loggerhead_Shrike_0055_105246.jpg"
6481,"Loggerhead_Shrike_0018_26407.jpg"
6482,"Loggerhead_Shrike_0120_105777.jpg"
6483,"Loggerhead_Shrike_0116_105286.jpg"
6484,"Loggerhead_Shrike_0126_106316.jpg"
6485,"Loggerhead_Shrike_0123_105849.jpg"
6486,"Loggerhead_Shrike_0039_106367.jpg"
6487,"Loggerhead_Shrike_0101_105392.jpg"
6488,"Loggerhead_Shrike_0117_104838.jpg"
6489,"Loggerhead_Shrike_0029_104849.jpg"
6490,"Loggerhead_Shrike_0129_106389.jpg"
6491,"Loggerhead_Shrike_0065_104856.jpg"
6492,"Loggerhead_Shrike_0010_104866.jpg"
6493,"Loggerhead_Shrike_0023_105892.jpg"
6494,"Loggerhead_Shrike_0021_104885.jpg"
6495,"Loggerhead_Shrike_0068_105400.jpg"
6496,"Loggerhead_Shrike_0084_105919.jpg"
6497,"Loggerhead_Shrike_0017_104864.jpg"
6498,"Loggerhead_Shrike_0026_104898.jpg"
6499,"Loggerhead_Shrike_0110_105947.jpg"
6500,"Loggerhead_Shrike_0090_106461.jpg"
6501,"Loggerhead_Shrike_0030_104930.jpg"
6502,"Loggerhead_Shrike_0051_105447.jpg"
6503,"Great_Grey_Shrike_0056_106752.jpg"
6504,"Great_Grey_Shrike_0048_106754.jpg"
6505,"Great_Grey_Shrike_0066_106759.jpg"
6506,"Great_Grey_Shrike_0017_797028.jpg"
6507,"Great_Grey_Shrike_0054_106768.jpg"
6508,"Great_Grey_Shrike_0018_106776.jpg"
6509,"Great_Grey_Shrike_0068_797060.jpg"
6510,"Great_Grey_Shrike_0064_106778.jpg"
6511,"Great_Grey_Shrike_0086_106533.jpg"
6512,"Great_Grey_Shrike_0053_106792.jpg"
6513,"Great_Grey_Shrike_0032_797021.jpg"
6514,"Great_Grey_Shrike_0070_106547.jpg"
6515,"Great_Grey_Shrike_0003_106552.jpg"
6516,"Great_Grey_Shrike_0094_106576.jpg"
6517,"Great_Grey_Shrike_0027_797009.jpg"
6518,"Great_Grey_Shrike_0061_106580.jpg"
6519,"Great_Grey_Shrike_0039_797015.jpg"
6520,"Great_Grey_Shrike_0079_797018.jpg"
6521,"Great_Grey_Shrike_0075_797022.jpg"
6522,"Great_Grey_Shrike_0010_797023.jpg"
6523,"Great_Grey_Shrike_0049_797025.jpg"
6524,"Great_Grey_Shrike_0080_106850.jpg"
6525,"Great_Grey_Shrike_0065_797027.jpg"
6526,"Great_Grey_Shrike_0011_106852.jpg"
6527,"Great_Grey_Shrike_0015_797031.jpg"
6528,"Great_Grey_Shrike_0055_106858.jpg"
6529,"Great_Grey_Shrike_0089_797036.jpg"
6530,"Great_Grey_Shrike_0085_797037.jpg"
6531,"Great_Grey_Shrike_0009_797038.jpg"
6532,"Great_Grey_Shrike_0004_797041.jpg"
6533,"Great_Grey_Shrike_0063_797042.jpg"
6534,"Great_Grey_Shrike_0014_797044.jpg"
6535,"Great_Grey_Shrike_0045_797047.jpg"
6536,"Great_Grey_Shrike_0092_797048.jpg"
6537,"Great_Grey_Shrike_0038_106617.jpg"
6538,"Great_Grey_Shrike_0076_797050.jpg"
6539,"Great_Grey_Shrike_0083_797051.jpg"
6540,"Great_Grey_Shrike_0020_797052.jpg"
6541,"Great_Grey_Shrike_0025_106622.jpg"
6542,"Great_Grey_Shrike_0005_797055.jpg"
6543,"Great_Grey_Shrike_0042_797056.jpg"
6544,"Great_Grey_Shrike_0022_797057.jpg"
6545,"Great_Grey_Shrike_0062_106628.jpg"
6546,"Great_Grey_Shrike_0058_106634.jpg"
6547,"Great_Grey_Shrike_0043_106818.jpg"
6548,"Great_Grey_Shrike_0071_106861.jpg"
6549,"Great_Grey_Shrike_0082_106650.jpg"
6550,"Great_Grey_Shrike_0012_106661.jpg"
6551,"Great_Grey_Shrike_0044_106851.jpg"
6552,"Great_Grey_Shrike_0029_106668.jpg"
6553,"Great_Grey_Shrike_0023_106670.jpg"
6554,"Great_Grey_Shrike_0028_106678.jpg"
6555,"Great_Grey_Shrike_0057_106681.jpg"
6556,"Great_Grey_Shrike_0074_106689.jpg"
6557,"Great_Grey_Shrike_0019_797049.jpg"
6558,"Great_Grey_Shrike_0016_106720.jpg"
6559,"Great_Grey_Shrike_0060_797008.jpg"
6560,"Great_Grey_Shrike_0008_797053.jpg"
6561,"Great_Grey_Shrike_0091_797054.jpg"
6562,"Great_Grey_Shrike_0050_797012.jpg"
6563,"Baird_Sparrow_0009_106882.jpg"
6564,"Baird_Sparrow_0051_787319.jpg"
6565,"Baird_Sparrow_0035_106904.jpg"
6566,"Baird_Sparrow_0008_106929.jpg"
6567,"Baird_Sparrow_0014_794549.jpg"
6568,"Baird_Sparrow_0002_794551.jpg"
6569,"Baird_Sparrow_0012_794552.jpg"
6570,"Baird_Sparrow_0032_794553.jpg"
6571,"Baird_Sparrow_0044_794554.jpg"
6572,"Baird_Sparrow_0043_794555.jpg"
6573,"Baird_Sparrow_0016_794556.jpg"
6574,"Baird_Sparrow_0028_794557.jpg"
6575,"Baird_Sparrow_0003_794558.jpg"
6576,"Baird_Sparrow_0023_794559.jpg"
6577,"Baird_Sparrow_0042_794560.jpg"
6578,"Baird_Sparrow_0037_794562.jpg"
6579,"Baird_Sparrow_0007_794563.jpg"
6580,"Baird_Sparrow_0025_794564.jpg"
6581,"Baird_Sparrow_0005_794565.jpg"
6582,"Baird_Sparrow_0033_794566.jpg"
6583,"Baird_Sparrow_0019_794567.jpg"
6584,"Baird_Sparrow_0004_794568.jpg"
6585,"Baird_Sparrow_0030_794569.jpg"
6586,"Baird_Sparrow_0022_794570.jpg"
6587,"Baird_Sparrow_0045_794571.jpg"
6588,"Baird_Sparrow_0036_794572.jpg"
6589,"Baird_Sparrow_0015_794573.jpg"
6590,"Baird_Sparrow_0026_794574.jpg"
6591,"Baird_Sparrow_0010_794575.jpg"
6592,"Baird_Sparrow_0021_794576.jpg"
6593,"Baird_Sparrow_0011_794577.jpg"
6594,"Baird_Sparrow_0001_794578.jpg"
6595,"Baird_Sparrow_0006_794579.jpg"
6596,"Baird_Sparrow_0031_794580.jpg"
6597,"Baird_Sparrow_0040_794581.jpg"
6598,"Baird_Sparrow_0041_794582.jpg"
6599,"Baird_Sparrow_0029_794583.jpg"
6600,"Baird_Sparrow_0018_794584.jpg"
6601,"Baird_Sparrow_0017_794586.jpg"
6602,"Baird_Sparrow_0013_794587.jpg"
6603,"Baird_Sparrow_0046_794588.jpg"
6604,"Baird_Sparrow_0034_794589.jpg"
6605,"Baird_Sparrow_0027_794590.jpg"
6606,"Baird_Sparrow_0039_794591.jpg"
6607,"Baird_Sparrow_0038_794592.jpg"
6608,"Baird_Sparrow_0020_106863.jpg"
6609,"Baird_Sparrow_0050_787316.jpg"
6610,"Baird_Sparrow_0047_787318.jpg"
6611,"Baird_Sparrow_0048_787323.jpg"
6612,"Baird_Sparrow_0049_787324.jpg"
6613,"Black_Throated_Sparrow_0056_107010.jpg"
6614,"Black_Throated_Sparrow_0095_107268.jpg"
6615,"Black_Throated_Sparrow_0044_107270.jpg"
6616,"Black_Throated_Sparrow_0021_107021.jpg"
6617,"Black_Throated_Sparrow_0027_107278.jpg"
6618,"Black_Throated_Sparrow_0054_107026.jpg"
6619,"Black_Throated_Sparrow_0050_107033.jpg"
6620,"Black_Throated_Sparrow_0003_107035.jpg"
6621,"Black_Throated_Sparrow_0057_107036.jpg"
6622,"Black_Throated_Sparrow_0090_107295.jpg"
6623,"Black_Throated_Sparrow_0033_107042.jpg"
6624,"Black_Throated_Sparrow_0080_107050.jpg"
6625,"Black_Throated_Sparrow_0059_107060.jpg"
6626,"Black_Throated_Sparrow_0084_107066.jpg"
6627,"Black_Throated_Sparrow_0034_107327.jpg"
6628,"Black_Throated_Sparrow_0015_107079.jpg"
6629,"Black_Throated_Sparrow_0046_107339.jpg"
6630,"Black_Throated_Sparrow_0094_107085.jpg"
6631,"Black_Throated_Sparrow_0065_107087.jpg"
6632,"Black_Throated_Sparrow_0091_107346.jpg"
6633,"Black_Throated_Sparrow_0017_107355.jpg"
6634,"Black_Throated_Sparrow_0023_107104.jpg"
6635,"Black_Throated_Sparrow_0097_106935.jpg"
6636,"Black_Throated_Sparrow_0081_107111.jpg"
6637,"Black_Throated_Sparrow_0074_107113.jpg"
6638,"Black_Throated_Sparrow_0011_107115.jpg"
6639,"Black_Throated_Sparrow_0069_107116.jpg"
6640,"Black_Throated_Sparrow_0053_107282.jpg"
6641,"Black_Throated_Sparrow_0010_107375.jpg"
6642,"Black_Throated_Sparrow_0098_107138.jpg"
6643,"Black_Throated_Sparrow_0005_107150.jpg"
6644,"Black_Throated_Sparrow_0009_107333.jpg"
6645,"Black_Throated_Sparrow_0040_107172.jpg"
6646,"Black_Throated_Sparrow_0060_107177.jpg"
6647,"Black_Throated_Sparrow_0035_107185.jpg"
6648,"Black_Throated_Sparrow_0076_106995.jpg"
6649,"Black_Throated_Sparrow_0019_107192.jpg"
6650,"Black_Throated_Sparrow_0070_107196.jpg"
6651,"Black_Throated_Sparrow_0026_107198.jpg"
6652,"Black_Throated_Sparrow_0099_106944.jpg"
6653,"Black_Throated_Sparrow_0007_106999.jpg"
6654,"Black_Throated_Sparrow_0055_107213.jpg"
6655,"Black_Throated_Sparrow_0049_106958.jpg"
6656,"Black_Throated_Sparrow_0068_106960.jpg"
6657,"Black_Throated_Sparrow_0051_107217.jpg"
6658,"Black_Throated_Sparrow_0002_106962.jpg"
6659,"Black_Throated_Sparrow_0088_107220.jpg"
6660,"Black_Throated_Sparrow_0061_106967.jpg"
6661,"Black_Throated_Sparrow_0086_106970.jpg"
6662,"Black_Throated_Sparrow_0020_106971.jpg"
6663,"Black_Throated_Sparrow_0066_106974.jpg"
6664,"Black_Throated_Sparrow_0001_107233.jpg"
6665,"Black_Throated_Sparrow_0043_107236.jpg"
6666,"Black_Throated_Sparrow_0096_107238.jpg"
6667,"Black_Throated_Sparrow_0102_107243.jpg"
6668,"Black_Throated_Sparrow_0078_107298.jpg"
6669,"Black_Throated_Sparrow_0072_107255.jpg"
6670,"Black_Throated_Sparrow_0008_107000.jpg"
6671,"Black_Throated_Sparrow_0039_107259.jpg"
6672,"Black_Throated_Sparrow_0013_107005.jpg"
6673,"Brewer_Sparrow_0034_796693.jpg"
6674,"Brewer_Sparrow_0053_796694.jpg"
6675,"Brewer_Sparrow_0046_796696.jpg"
6676,"Brewer_Sparrow_0020_796697.jpg"
6677,"Brewer_Sparrow_0044_796698.jpg"
6678,"Brewer_Sparrow_0029_796699.jpg"
6679,"Brewer_Sparrow_0007_796700.jpg"
6680,"Brewer_Sparrow_0058_796701.jpg"
6681,"Brewer_Sparrow_0032_796702.jpg"
6682,"Brewer_Sparrow_0008_796703.jpg"
6683,"Brewer_Sparrow_0049_796705.jpg"
6684,"Brewer_Sparrow_0011_796708.jpg"
6685,"Brewer_Sparrow_0069_796709.jpg"
6686,"Brewer_Sparrow_0051_796710.jpg"
6687,"Brewer_Sparrow_0041_796711.jpg"
6688,"Brewer_Sparrow_0031_796712.jpg"
6689,"Brewer_Sparrow_0027_796713.jpg"
6690,"Brewer_Sparrow_0063_796714.jpg"
6691,"Brewer_Sparrow_0072_796715.jpg"
6692,"Brewer_Sparrow_0010_796716.jpg"
6693,"Brewer_Sparrow_0070_796717.jpg"
6694,"Brewer_Sparrow_0001_796718.jpg"
6695,"Brewer_Sparrow_0055_796720.jpg"
6696,"Brewer_Sparrow_0042_796721.jpg"
6697,"Brewer_Sparrow_0060_107391.jpg"
6698,"Brewer_Sparrow_0076_107393.jpg"
6699,"Brewer_Sparrow_0074_107408.jpg"
6700,"Brewer_Sparrow_0012_107411.jpg"
6701,"Brewer_Sparrow_0065_107419.jpg"
6702,"Brewer_Sparrow_0068_107422.jpg"
6703,"Brewer_Sparrow_0047_107428.jpg"
6704,"Brewer_Sparrow_0039_107431.jpg"
6705,"Brewer_Sparrow_0026_107432.jpg"
6706,"Brewer_Sparrow_0014_107435.jpg"
6707,"Brewer_Sparrow_0018_107437.jpg"
6708,"Brewer_Sparrow_0061_107438.jpg"
6709,"Brewer_Sparrow_0024_107439.jpg"
6710,"Brewer_Sparrow_0022_107440.jpg"
6711,"Brewer_Sparrow_0037_107442.jpg"
6712,"Brewer_Sparrow_0005_107443.jpg"
6713,"Brewer_Sparrow_0071_107446.jpg"
6714,"Brewer_Sparrow_0036_107451.jpg"
6715,"Brewer_Sparrow_0019_107452.jpg"
6716,"Brewer_Sparrow_0062_107456.jpg"
6717,"Brewer_Sparrow_0056_107458.jpg"
6718,"Brewer_Sparrow_0003_107459.jpg"
6719,"Brewer_Sparrow_0050_107460.jpg"
6720,"Brewer_Sparrow_0006_107463.jpg"
6721,"Brewer_Sparrow_0028_107467.jpg"
6722,"Brewer_Sparrow_0052_107478.jpg"
6723,"Brewer_Sparrow_0043_107479.jpg"
6724,"Brewer_Sparrow_0067_107480.jpg"
6725,"Brewer_Sparrow_0009_107481.jpg"
6726,"Brewer_Sparrow_0023_107489.jpg"
6727,"Brewer_Sparrow_0004_107496.jpg"
6728,"Brewer_Sparrow_0064_107502.jpg"
6729,"Brewer_Sparrow_0035_107509.jpg"
6730,"Brewer_Sparrow_0066_107510.jpg"
6731,"Brewer_Sparrow_0073_107518.jpg"
6732,"Chipping_Sparrow_0033_109069.jpg"
6733,"Chipping_Sparrow_0089_107535.jpg"
6734,"Chipping_Sparrow_0066_109187.jpg"
6735,"Chipping_Sparrow_0021_109588.jpg"
6736,"Chipping_Sparrow_0015_108462.jpg"
6737,"Chipping_Sparrow_0096_109853.jpg"
6738,"Chipping_Sparrow_0017_107552.jpg"
6739,"Chipping_Sparrow_0008_107810.jpg"
6740,"Chipping_Sparrow_0022_107825.jpg"
6741,"Chipping_Sparrow_0088_107562.jpg"
6742,"Chipping_Sparrow_0018_108295.jpg"
6743,"Chipping_Sparrow_0011_108081.jpg"
6744,"Chipping_Sparrow_0052_109874.jpg"
6745,"Chipping_Sparrow_0061_109113.jpg"
6746,"Chipping_Sparrow_0035_110138.jpg"
6747,"Chipping_Sparrow_0075_108348.jpg"
6748,"Chipping_Sparrow_0006_107849.jpg"
6749,"Chipping_Sparrow_0073_108881.jpg"
6750,"Chipping_Sparrow_0041_108370.jpg"
6751,"Chipping_Sparrow_0039_107864.jpg"
6752,"Chipping_Sparrow_0042_107791.jpg"
6753,"Chipping_Sparrow_0001_108638.jpg"
6754,"Chipping_Sparrow_0098_108644.jpg"
6755,"Chipping_Sparrow_0062_110187.jpg"
6756,"Chipping_Sparrow_0025_108653.jpg"
6757,"Chipping_Sparrow_0079_110449.jpg"
6758,"Chipping_Sparrow_0076_108919.jpg"
6759,"Chipping_Sparrow_0091_108308.jpg"
6760,"Chipping_Sparrow_0090_14718.jpg"
6761,"Chipping_Sparrow_0109_108162.jpg"
6762,"Chipping_Sparrow_0024_109445.jpg"
6763,"Chipping_Sparrow_0023_108684.jpg"
6764,"Chipping_Sparrow_0080_108685.jpg"
6765,"Chipping_Sparrow_0004_108430.jpg"
6766,"Chipping_Sparrow_0050_108441.jpg"
6767,"Chipping_Sparrow_0097_107678.jpg"
6768,"Chipping_Sparrow_0037_109851.jpg"
6769,"Chipping_Sparrow_0074_108401.jpg"
6770,"Chipping_Sparrow_0064_108204.jpg"
6771,"Chipping_Sparrow_0030_109741.jpg"
6772,"Chipping_Sparrow_0110_108974.jpg"
6773,"Chipping_Sparrow_0036_107695.jpg"
6774,"Chipping_Sparrow_0038_109234.jpg"
6775,"Chipping_Sparrow_0071_108735.jpg"
6776,"Chipping_Sparrow_0010_109760.jpg"
6777,"Chipping_Sparrow_0012_108576.jpg"
6778,"Chipping_Sparrow_0085_109506.jpg"
6779,"Chipping_Sparrow_0063_108139.jpg"
6780,"Chipping_Sparrow_0043_109509.jpg"
6781,"Chipping_Sparrow_0045_109985.jpg"
6782,"Chipping_Sparrow_0053_109774.jpg"
6783,"Chipping_Sparrow_0103_109529.jpg"
6784,"Chipping_Sparrow_0086_109022.jpg"
6785,"Chipping_Sparrow_0111_108515.jpg"
6786,"Chipping_Sparrow_0005_108931.jpg"
6787,"Chipping_Sparrow_0032_108882.jpg"
6788,"Chipping_Sparrow_0026_109010.jpg"
6789,"Chipping_Sparrow_0067_107508.jpg"
6790,"Chipping_Sparrow_0070_108281.jpg"
6791,"Chipping_Sparrow_0016_109051.jpg"
6792,"Clay_Colored_Sparrow_0056_110848.jpg"
6793,"Clay_Colored_Sparrow_0072_110851.jpg"
6794,"Clay_Colored_Sparrow_0002_110606.jpg"
6795,"Clay_Colored_Sparrow_0078_110912.jpg"
6796,"Clay_Colored_Sparrow_0020_110609.jpg"
6797,"Clay_Colored_Sparrow_0001_110632.jpg"
6798,"Clay_Colored_Sparrow_0095_110635.jpg"
6799,"Clay_Colored_Sparrow_0055_110647.jpg"
6800,"Clay_Colored_Sparrow_0028_797241.jpg"
6801,"Clay_Colored_Sparrow_0042_797243.jpg"
6802,"Clay_Colored_Sparrow_0048_110653.jpg"
6803,"Clay_Colored_Sparrow_0018_797246.jpg"
6804,"Clay_Colored_Sparrow_0106_797247.jpg"
6805,"Clay_Colored_Sparrow_0071_110656.jpg"
6806,"Clay_Colored_Sparrow_0094_797250.jpg"
6807,"Clay_Colored_Sparrow_0075_797251.jpg"
6808,"Clay_Colored_Sparrow_0034_797252.jpg"
6809,"Clay_Colored_Sparrow_0080_797253.jpg"
6810,"Clay_Colored_Sparrow_0064_110664.jpg"
6811,"Clay_Colored_Sparrow_0023_797258.jpg"
6812,"Clay_Colored_Sparrow_0085_797260.jpg"
6813,"Clay_Colored_Sparrow_0090_110669.jpg"
6814,"Clay_Colored_Sparrow_0010_797262.jpg"
6815,"Clay_Colored_Sparrow_0003_110672.jpg"
6816,"Clay_Colored_Sparrow_0093_110677.jpg"
6817,"Clay_Colored_Sparrow_0081_110682.jpg"
6818,"Clay_Colored_Sparrow_0043_110685.jpg"
6819,"Clay_Colored_Sparrow_0044_110942.jpg"
6820,"Clay_Colored_Sparrow_0087_110946.jpg"
6821,"Clay_Colored_Sparrow_0054_110948.jpg"
6822,"Clay_Colored_Sparrow_0062_110908.jpg"
6823,"Clay_Colored_Sparrow_0104_110699.jpg"
6824,"Clay_Colored_Sparrow_0068_110706.jpg"
6825,"Clay_Colored_Sparrow_0099_110561.jpg"
6826,"Clay_Colored_Sparrow_0040_110717.jpg"
6827,"Clay_Colored_Sparrow_0073_110718.jpg"
6828,"Clay_Colored_Sparrow_0029_110720.jpg"
6829,"Clay_Colored_Sparrow_0041_110726.jpg"
6830,"Clay_Colored_Sparrow_0046_110728.jpg"
6831,"Clay_Colored_Sparrow_0083_110734.jpg"
6832,"Clay_Colored_Sparrow_0098_110735.jpg"
6833,"Clay_Colored_Sparrow_0049_110736.jpg"
6834,"Clay_Colored_Sparrow_0033_797255.jpg"
6835,"Clay_Colored_Sparrow_0091_110768.jpg"
6836,"Clay_Colored_Sparrow_0031_110769.jpg"
6837,"Clay_Colored_Sparrow_0097_110516.jpg"
6838,"Clay_Colored_Sparrow_0026_110774.jpg"
6839,"Clay_Colored_Sparrow_0009_797256.jpg"
6840,"Clay_Colored_Sparrow_0036_110924.jpg"
6841,"Clay_Colored_Sparrow_0038_110799.jpg"
6842,"Clay_Colored_Sparrow_0100_110545.jpg"
6843,"Clay_Colored_Sparrow_0022_110518.jpg"
6844,"Clay_Colored_Sparrow_0014_797248.jpg"
6845,"Clay_Colored_Sparrow_0066_110819.jpg"
6846,"Clay_Colored_Sparrow_0107_110825.jpg"
6847,"Clay_Colored_Sparrow_0061_110830.jpg"
6848,"Clay_Colored_Sparrow_0005_110911.jpg"
6849,"Clay_Colored_Sparrow_0105_110547.jpg"
6850,"Clay_Colored_Sparrow_0008_110536.jpg"
6851,"House_Sparrow_0134_112644.jpg"
6852,"House_Sparrow_0019_112645.jpg"
6853,"House_Sparrow_0125_111130.jpg"
6854,"House_Sparrow_0121_113182.jpg"
6855,"House_Sparrow_0010_112678.jpg"
6856,"House_Sparrow_0025_111669.jpg"
6857,"House_Sparrow_0059_111164.jpg"
6858,"House_Sparrow_0144_113216.jpg"
6859,"House_Sparrow_0028_113217.jpg"
6860,"House_Sparrow_0041_112706.jpg"
6861,"House_Sparrow_0006_111034.jpg"
6862,"House_Sparrow_0068_113247.jpg"
6863,"House_Sparrow_0008_111204.jpg"
6864,"House_Sparrow_0073_112745.jpg"
6865,"House_Sparrow_0137_111219.jpg"
6866,"House_Sparrow_0052_112252.jpg"
6867,"House_Sparrow_0094_112773.jpg"
6868,"House_Sparrow_0079_113288.jpg"
6869,"House_Sparrow_0119_111471.jpg"
6870,"House_Sparrow_0084_111300.jpg"
6871,"House_Sparrow_0046_112845.jpg"
6872,"House_Sparrow_0036_112847.jpg"
6873,"House_Sparrow_0133_112368.jpg"
6874,"House_Sparrow_0080_111099.jpg"
6875,"House_Sparrow_0002_112905.jpg"
6876,"House_Sparrow_0067_112913.jpg"
6877,"House_Sparrow_0086_111385.jpg"
6878,"House_Sparrow_0030_111387.jpg"
6879,"House_Sparrow_0053_111388.jpg"
6880,"House_Sparrow_0055_111393.jpg"
6881,"House_Sparrow_0143_111400.jpg"
6882,"House_Sparrow_0145_112703.jpg"
6883,"House_Sparrow_0014_112947.jpg"
6884,"House_Sparrow_0015_111085.jpg"
6885,"House_Sparrow_0092_111413.jpg"
6886,"House_Sparrow_0139_112438.jpg"
6887,"House_Sparrow_0130_110985.jpg"
6888,"House_Sparrow_0127_111935.jpg"
6889,"House_Sparrow_0108_112963.jpg"
6890,"House_Sparrow_0111_112968.jpg"
6891,"House_Sparrow_0093_110990.jpg"
6892,"House_Sparrow_0082_112478.jpg"
6893,"House_Sparrow_0005_111967.jpg"
6894,"House_Sparrow_0063_111460.jpg"
6895,"House_Sparrow_0120_113001.jpg"
6896,"House_Sparrow_0083_111470.jpg"
6897,"House_Sparrow_0126_110959.jpg"
6898,"House_Sparrow_0004_111989.jpg"
6899,"House_Sparrow_0128_110971.jpg"
6900,"House_Sparrow_0074_111997.jpg"
6901,"House_Sparrow_0049_110976.jpg"
6902,"House_Sparrow_0096_111519.jpg"
6903,"House_Sparrow_0061_112795.jpg"
6904,"House_Sparrow_0007_111029.jpg"
6905,"House_Sparrow_0106_111564.jpg"
6906,"House_Sparrow_0033_112590.jpg"
6907,"House_Sparrow_0104_113105.jpg"
6908,"House_Sparrow_0098_111073.jpg"
6909,"House_Sparrow_0011_112099.jpg"
6910,"House_Sparrow_0050_111087.jpg"
6911,"Field_Sparrow_0063_113667.jpg"
6912,"Field_Sparrow_0060_114177.jpg"
6913,"Field_Sparrow_0118_113416.jpg"
6914,"Field_Sparrow_0011_113420.jpg"
6915,"Field_Sparrow_0126_113426.jpg"
6916,"Field_Sparrow_0025_113683.jpg"
6917,"Field_Sparrow_0131_113582.jpg"
6918,"Field_Sparrow_0029_113434.jpg"
6919,"Field_Sparrow_0121_113455.jpg"
6920,"Field_Sparrow_0120_113953.jpg"
6921,"Field_Sparrow_0067_113448.jpg"
6922,"Field_Sparrow_0127_114087.jpg"
6923,"Field_Sparrow_0008_113459.jpg"
6924,"Field_Sparrow_0021_113461.jpg"
6925,"Field_Sparrow_0055_113929.jpg"
6926,"Field_Sparrow_0100_113503.jpg"
6927,"Field_Sparrow_0074_113504.jpg"
6928,"Field_Sparrow_0035_113479.jpg"
6929,"Field_Sparrow_0110_113995.jpg"
6930,"Field_Sparrow_0091_113486.jpg"
6931,"Field_Sparrow_0071_113747.jpg"
6932,"Field_Sparrow_0129_113748.jpg"
6933,"Field_Sparrow_0059_113759.jpg"
6934,"Field_Sparrow_0101_113762.jpg"
6935,"Field_Sparrow_0102_113595.jpg"
6936,"Field_Sparrow_0104_113524.jpg"
6937,"Field_Sparrow_0108_114154.jpg"
6938,"Field_Sparrow_0111_113899.jpg"
6939,"Field_Sparrow_0047_113801.jpg"
6940,"Field_Sparrow_0080_113811.jpg"
6941,"Field_Sparrow_0124_113868.jpg"
6942,"Field_Sparrow_0042_113815.jpg"
6943,"Field_Sparrow_0105_113822.jpg"
6944,"Field_Sparrow_0069_113827.jpg"
6945,"Field_Sparrow_0078_113575.jpg"
6946,"Field_Sparrow_0043_113607.jpg"
6947,"Field_Sparrow_0092_113580.jpg"
6948,"Field_Sparrow_0022_113838.jpg"
6949,"Field_Sparrow_0006_113839.jpg"
6950,"Field_Sparrow_0095_113842.jpg"
6951,"Field_Sparrow_0128_113587.jpg"
6952,"Field_Sparrow_0130_113846.jpg"
6953,"Field_Sparrow_0123_113847.jpg"
6954,"Field_Sparrow_0051_114107.jpg"
6955,"Field_Sparrow_0066_114109.jpg"
6956,"Field_Sparrow_0013_113599.jpg"
6957,"Field_Sparrow_0009_113860.jpg"
6958,"Field_Sparrow_0106_113350.jpg"
6959,"Field_Sparrow_0027_113353.jpg"
6960,"Field_Sparrow_0038_113356.jpg"
6961,"Field_Sparrow_0099_113872.jpg"
6962,"Field_Sparrow_0034_113364.jpg"
6963,"Field_Sparrow_0016_110297.jpg"
6964,"Field_Sparrow_0109_113375.jpg"
6965,"Field_Sparrow_0090_113613.jpg"
6966,"Field_Sparrow_0048_113387.jpg"
6967,"Field_Sparrow_0112_114159.jpg"
6968,"Field_Sparrow_0125_113869.jpg"
6969,"Field_Sparrow_0107_113659.jpg"
6970,"Fox_Sparrow_0065_114945.jpg"
6971,"Fox_Sparrow_0041_115218.jpg"
6972,"Fox_Sparrow_0106_114720.jpg"
6973,"Fox_Sparrow_0016_114213.jpg"
6974,"Fox_Sparrow_0010_114728.jpg"
6975,"Fox_Sparrow_0022_115248.jpg"
6976,"Fox_Sparrow_0135_115251.jpg"
6977,"Fox_Sparrow_0103_115038.jpg"
6978,"Fox_Sparrow_0020_114744.jpg"
6979,"Fox_Sparrow_0044_114747.jpg"
6980,"Fox_Sparrow_0093_114757.jpg"
6981,"Fox_Sparrow_0136_115278.jpg"
6982,"Fox_Sparrow_0026_115281.jpg"
6983,"Fox_Sparrow_0092_114774.jpg"
6984,"Fox_Sparrow_0122_114776.jpg"
6985,"Fox_Sparrow_0053_114780.jpg"
6986,"Fox_Sparrow_0058_114789.jpg"
6987,"Fox_Sparrow_0009_114796.jpg"
6988,"Fox_Sparrow_0116_115311.jpg"
6989,"Fox_Sparrow_0055_114809.jpg"
6990,"Fox_Sparrow_0039_114816.jpg"
6991,"Fox_Sparrow_0115_114855.jpg"
6992,"Fox_Sparrow_0013_114344.jpg"
6993,"Fox_Sparrow_0109_114859.jpg"
6994,"Fox_Sparrow_0063_114350.jpg"
6995,"Fox_Sparrow_0035_114866.jpg"
6996,"Fox_Sparrow_0057_114355.jpg"
6997,"Fox_Sparrow_0052_114878.jpg"
6998,"Fox_Sparrow_0118_114884.jpg"
6999,"Fox_Sparrow_0121_114886.jpg"
7000,"Fox_Sparrow_0099_115399.jpg"
7001,"Fox_Sparrow_0113_114389.jpg"
7002,"Fox_Sparrow_0104_114908.jpg"
7003,"Fox_Sparrow_0075_114920.jpg"
7004,"Fox_Sparrow_0012_115324.jpg"
7005,"Fox_Sparrow_0125_114557.jpg"
7006,"Fox_Sparrow_0077_114944.jpg"
7007,"Fox_Sparrow_0068_114967.jpg"
7008,"Fox_Sparrow_0086_115484.jpg"
7009,"Fox_Sparrow_0018_114468.jpg"
7010,"Fox_Sparrow_0114_114481.jpg"
7011,"Fox_Sparrow_0123_114488.jpg"
7012,"Fox_Sparrow_0083_114496.jpg"
7013,"Fox_Sparrow_0047_115022.jpg"
7014,"Fox_Sparrow_0119_115512.jpg"
7015,"Fox_Sparrow_0040_115034.jpg"
7016,"Fox_Sparrow_0091_115550.jpg"
7017,"Fox_Sparrow_0111_114527.jpg"
7018,"Fox_Sparrow_0067_114528.jpg"
7019,"Fox_Sparrow_0054_114541.jpg"
7020,"Fox_Sparrow_0062_115056.jpg"
7021,"Fox_Sparrow_0025_114555.jpg"
7022,"Fox_Sparrow_0036_115581.jpg"
7023,"Fox_Sparrow_0078_114582.jpg"
7024,"Fox_Sparrow_0138_114586.jpg"
7025,"Fox_Sparrow_0081_115630.jpg"
7026,"Fox_Sparrow_0094_114634.jpg"
7027,"Fox_Sparrow_0015_114650.jpg"
7028,"Fox_Sparrow_0110_115172.jpg"
7029,"Fox_Sparrow_0124_114662.jpg"
7030,"Grasshopper_Sparrow_0067_115979.jpg"
7031,"Grasshopper_Sparrow_0039_115980.jpg"
7032,"Grasshopper_Sparrow_0117_115983.jpg"
7033,"Grasshopper_Sparrow_0009_115984.jpg"
7034,"Grasshopper_Sparrow_0053_115991.jpg"
7035,"Grasshopper_Sparrow_0073_115996.jpg"
7036,"Grasshopper_Sparrow_0075_116260.jpg"
7037,"Grasshopper_Sparrow_0109_115750.jpg"
7038,"Grasshopper_Sparrow_0029_115761.jpg"
7039,"Grasshopper_Sparrow_0040_115696.jpg"
7040,"Grasshopper_Sparrow_0120_116021.jpg"
7041,"Grasshopper_Sparrow_0060_15159.jpg"
7042,"Grasshopper_Sparrow_0126_116029.jpg"
7043,"Grasshopper_Sparrow_0107_116286.jpg"
7044,"Grasshopper_Sparrow_0125_116031.jpg"
7045,"Grasshopper_Sparrow_0041_116288.jpg"
7046,"Grasshopper_Sparrow_0020_116289.jpg"
7047,"Grasshopper_Sparrow_0044_115681.jpg"
7048,"Grasshopper_Sparrow_0082_116300.jpg"
7049,"Grasshopper_Sparrow_0050_116301.jpg"
7050,"Grasshopper_Sparrow_0035_116049.jpg"
7051,"Grasshopper_Sparrow_0078_116052.jpg"
7052,"Grasshopper_Sparrow_0068_115799.jpg"
7053,"Grasshopper_Sparrow_0018_116056.jpg"
7054,"Grasshopper_Sparrow_0116_116066.jpg"
7055,"Grasshopper_Sparrow_0098_116027.jpg"
7056,"Grasshopper_Sparrow_0099_116069.jpg"
7057,"Grasshopper_Sparrow_0081_116326.jpg"
7058,"Grasshopper_Sparrow_0069_116332.jpg"
7059,"Grasshopper_Sparrow_0042_115638.jpg"
7060,"Grasshopper_Sparrow_0015_116352.jpg"
7061,"Grasshopper_Sparrow_0106_116028.jpg"
7062,"Grasshopper_Sparrow_0012_115849.jpg"
7063,"Grasshopper_Sparrow_0064_116106.jpg"
7064,"Grasshopper_Sparrow_0021_116107.jpg"
7065,"Grasshopper_Sparrow_0121_116110.jpg"
7066,"Grasshopper_Sparrow_0058_115862.jpg"
7067,"Grasshopper_Sparrow_0006_115864.jpg"
7068,"Grasshopper_Sparrow_0016_115695.jpg"
7069,"Grasshopper_Sparrow_0077_116127.jpg"
7070,"Grasshopper_Sparrow_0014_116129.jpg"
7071,"Grasshopper_Sparrow_0119_116081.jpg"
7072,"Grasshopper_Sparrow_0043_115880.jpg"
7073,"Grasshopper_Sparrow_0108_115894.jpg"
7074,"Grasshopper_Sparrow_0110_115644.jpg"
7075,"Grasshopper_Sparrow_0070_115645.jpg"
7076,"Grasshopper_Sparrow_0114_116160.jpg"
7077,"Grasshopper_Sparrow_0017_115908.jpg"
7078,"Grasshopper_Sparrow_0102_116101.jpg"
7079,"Grasshopper_Sparrow_0115_115914.jpg"
7080,"Grasshopper_Sparrow_0026_115915.jpg"
7081,"Grasshopper_Sparrow_0049_115918.jpg"
7082,"Grasshopper_Sparrow_0072_115663.jpg"
7083,"Grasshopper_Sparrow_0051_115923.jpg"
7084,"Grasshopper_Sparrow_0003_115676.jpg"
7085,"Grasshopper_Sparrow_0011_115937.jpg"
7086,"Grasshopper_Sparrow_0001_115938.jpg"
7087,"Grasshopper_Sparrow_0101_116094.jpg"
7088,"Grasshopper_Sparrow_0019_115958.jpg"
7089,"Grasshopper_Sparrow_0038_115704.jpg"
7090,"Harris_Sparrow_0024_116480.jpg"
7091,"Harris_Sparrow_0007_116484.jpg"
7092,"Harris_Sparrow_0087_116490.jpg"
7093,"Harris_Sparrow_0038_116610.jpg"
7094,"Harris_Sparrow_0014_116494.jpg"
7095,"Harris_Sparrow_0042_116499.jpg"
7096,"Harris_Sparrow_0076_116509.jpg"
7097,"Harris_Sparrow_0055_116512.jpg"
7098,"Harris_Sparrow_0028_116656.jpg"
7099,"Harris_Sparrow_0029_116516.jpg"
7100,"Harris_Sparrow_0084_116519.jpg"
7101,"Harris_Sparrow_0035_116529.jpg"
7102,"Harris_Sparrow_0089_116531.jpg"
7103,"Harris_Sparrow_0056_116532.jpg"
7104,"Harris_Sparrow_0085_116534.jpg"
7105,"Harris_Sparrow_0082_116660.jpg"
7106,"Harris_Sparrow_0074_116539.jpg"
7107,"Harris_Sparrow_0016_116661.jpg"
7108,"Harris_Sparrow_0052_116544.jpg"
7109,"Harris_Sparrow_0026_116620.jpg"
7110,"Harris_Sparrow_0090_116664.jpg"
7111,"Harris_Sparrow_0081_116574.jpg"
7112,"Harris_Sparrow_0060_116576.jpg"
7113,"Harris_Sparrow_0073_116577.jpg"
7114,"Harris_Sparrow_0004_116581.jpg"
7115,"Harris_Sparrow_0083_116588.jpg"
7116,"Harris_Sparrow_0053_116595.jpg"
7117,"Harris_Sparrow_0011_116597.jpg"
7118,"Harris_Sparrow_0045_116603.jpg"
7119,"Harris_Sparrow_0059_116608.jpg"
7120,"Harris_Sparrow_0041_116611.jpg"
7121,"Harris_Sparrow_0002_116356.jpg"
7122,"Harris_Sparrow_0066_116362.jpg"
7123,"Harris_Sparrow_0023_116363.jpg"
7124,"Harris_Sparrow_0006_116364.jpg"
7125,"Harris_Sparrow_0050_116369.jpg"
7126,"Harris_Sparrow_0086_116373.jpg"
7127,"Harris_Sparrow_0057_116374.jpg"
7128,"Harris_Sparrow_0010_116376.jpg"
7129,"Harris_Sparrow_0020_116379.jpg"
7130,"Harris_Sparrow_0033_116380.jpg"
7131,"Harris_Sparrow_0063_116383.jpg"
7132,"Harris_Sparrow_0025_116648.jpg"
7133,"Harris_Sparrow_0001_116398.jpg"
7134,"Harris_Sparrow_0021_116399.jpg"
7135,"Harris_Sparrow_0070_116400.jpg"
7136,"Harris_Sparrow_0018_116402.jpg"
7137,"Harris_Sparrow_0075_116404.jpg"
7138,"Harris_Sparrow_0048_116405.jpg"
7139,"Harris_Sparrow_0072_116662.jpg"
7140,"Harris_Sparrow_0017_116636.jpg"
7141,"Harris_Sparrow_0039_116409.jpg"
7142,"Harris_Sparrow_0046_116425.jpg"
7143,"Harris_Sparrow_0027_116687.jpg"
7144,"Harris_Sparrow_0065_116435.jpg"
7145,"Harris_Sparrow_0005_116694.jpg"
7146,"Harris_Sparrow_0034_116439.jpg"
7147,"Harris_Sparrow_0088_116445.jpg"
7148,"Harris_Sparrow_0067_116707.jpg"
7149,"Harris_Sparrow_0071_116476.jpg"
7150,"Henslow_Sparrow_0046_116740.jpg"
7151,"Henslow_Sparrow_0061_116751.jpg"
7152,"Henslow_Sparrow_0081_116755.jpg"
7153,"Henslow_Sparrow_0043_116756.jpg"
7154,"Henslow_Sparrow_0096_116758.jpg"
7155,"Henslow_Sparrow_0017_796591.jpg"
7156,"Henslow_Sparrow_0009_796611.jpg"
7157,"Henslow_Sparrow_0042_796595.jpg"
7158,"Henslow_Sparrow_0113_116801.jpg"
7159,"Henslow_Sparrow_0073_116803.jpg"
7160,"Henslow_Sparrow_0075_116805.jpg"
7161,"Henslow_Sparrow_0076_116810.jpg"
7162,"Henslow_Sparrow_0080_11360.jpg"
7163,"Henslow_Sparrow_0069_116832.jpg"
7164,"Henslow_Sparrow_0018_116834.jpg"
7165,"Henslow_Sparrow_0022_116835.jpg"
7166,"Henslow_Sparrow_0083_116844.jpg"
7167,"Henslow_Sparrow_0112_116845.jpg"
7168,"Henslow_Sparrow_0054_116850.jpg"
7169,"Henslow_Sparrow_0104_796541.jpg"
7170,"Henslow_Sparrow_0026_796542.jpg"
7171,"Henslow_Sparrow_0027_796543.jpg"
7172,"Henslow_Sparrow_0086_796545.jpg"
7173,"Henslow_Sparrow_0055_796557.jpg"
7174,"Henslow_Sparrow_0040_116882.jpg"
7175,"Henslow_Sparrow_0100_796565.jpg"
7176,"Henslow_Sparrow_0099_796567.jpg"
7177,"Henslow_Sparrow_0011_796568.jpg"
7178,"Henslow_Sparrow_0059_796569.jpg"
7179,"Henslow_Sparrow_0030_116890.jpg"
7180,"Henslow_Sparrow_0070_796571.jpg"
7181,"Henslow_Sparrow_0041_796572.jpg"
7182,"Henslow_Sparrow_0028_796570.jpg"
7183,"Henslow_Sparrow_0109_796577.jpg"
7184,"Henslow_Sparrow_0013_796578.jpg"
7185,"Henslow_Sparrow_0037_796579.jpg"
7186,"Henslow_Sparrow_0106_796580.jpg"
7187,"Henslow_Sparrow_0023_796582.jpg"
7188,"Henslow_Sparrow_0074_116905.jpg"
7189,"Henslow_Sparrow_0084_796587.jpg"
7190,"Henslow_Sparrow_0039_796589.jpg"
7191,"Henslow_Sparrow_0064_796573.jpg"
7192,"Henslow_Sparrow_0108_796592.jpg"
7193,"Henslow_Sparrow_0015_796593.jpg"
7194,"Henslow_Sparrow_0031_796594.jpg"
7195,"Henslow_Sparrow_0052_796599.jpg"
7196,"Henslow_Sparrow_0010_796600.jpg"
7197,"Henslow_Sparrow_0098_796601.jpg"
7198,"Henslow_Sparrow_0034_796602.jpg"
7199,"Henslow_Sparrow_0033_796605.jpg"
7200,"Henslow_Sparrow_0006_796607.jpg"
7201,"Henslow_Sparrow_0002_116930.jpg"
7202,"Henslow_Sparrow_0021_116931.jpg"
7203,"Henslow_Sparrow_0107_796614.jpg"
7204,"Henslow_Sparrow_0068_796615.jpg"
7205,"Henslow_Sparrow_0058_796616.jpg"
7206,"Henslow_Sparrow_0060_796619.jpg"
7207,"Henslow_Sparrow_0087_116942.jpg"
7208,"Henslow_Sparrow_0085_116971.jpg"
7209,"Henslow_Sparrow_0056_796585.jpg"
7210,"Le_Conte_Sparrow_0005_795137.jpg"
7211,"Le_Conte_Sparrow_0020_117035.jpg"
7212,"Le_Conte_Sparrow_0050_795143.jpg"
7213,"Le_Conte_Sparrow_0006_795146.jpg"
7214,"Le_Conte_Sparrow_0007_795148.jpg"
7215,"Le_Conte_Sparrow_0063_795149.jpg"
7216,"Le_Conte_Sparrow_0034_795150.jpg"
7217,"Le_Conte_Sparrow_0015_795152.jpg"
7218,"Le_Conte_Sparrow_0089_795154.jpg"
7219,"Le_Conte_Sparrow_0023_795156.jpg"
7220,"Le_Conte_Sparrow_0060_795160.jpg"
7221,"Le_Conte_Sparrow_0045_795162.jpg"
7222,"Le_Conte_Sparrow_0083_795163.jpg"
7223,"Le_Conte_Sparrow_0010_795166.jpg"
7224,"Le_Conte_Sparrow_0085_795167.jpg"
7225,"Le_Conte_Sparrow_0088_117040.jpg"
7226,"Le_Conte_Sparrow_0086_795170.jpg"
7227,"Le_Conte_Sparrow_0003_795175.jpg"
7228,"Le_Conte_Sparrow_0013_795176.jpg"
7229,"Le_Conte_Sparrow_0056_795178.jpg"
7230,"Le_Conte_Sparrow_0068_795180.jpg"
7231,"Le_Conte_Sparrow_0058_795181.jpg"
7232,"Le_Conte_Sparrow_0099_795182.jpg"
7233,"Le_Conte_Sparrow_0097_795183.jpg"
7234,"Le_Conte_Sparrow_0071_795185.jpg"
7235,"Le_Conte_Sparrow_0032_795186.jpg"
7236,"Le_Conte_Sparrow_0053_795187.jpg"
7237,"Le_Conte_Sparrow_0025_795188.jpg"
7238,"Le_Conte_Sparrow_0084_795189.jpg"
7239,"Le_Conte_Sparrow_0024_795190.jpg"
7240,"Le_Conte_Sparrow_0047_795192.jpg"
7241,"Le_Conte_Sparrow_0061_795194.jpg"
7242,"Le_Conte_Sparrow_0102_795195.jpg"
7243,"Le_Conte_Sparrow_0078_117052.jpg"
7244,"Le_Conte_Sparrow_0087_795198.jpg"
7245,"Le_Conte_Sparrow_0040_117088.jpg"
7246,"Le_Conte_Sparrow_0066_795206.jpg"
7247,"Le_Conte_Sparrow_0012_795211.jpg"
7248,"Le_Conte_Sparrow_0043_795213.jpg"
7249,"Le_Conte_Sparrow_0035_795214.jpg"
7250,"Le_Conte_Sparrow_0081_795215.jpg"
7251,"Le_Conte_Sparrow_0041_795218.jpg"
7252,"Le_Conte_Sparrow_0049_795220.jpg"
7253,"Le_Conte_Sparrow_0092_795221.jpg"
7254,"Le_Conte_Sparrow_0016_795223.jpg"
7255,"Le_Conte_Sparrow_0046_795227.jpg"
7256,"Le_Conte_Sparrow_0072_795230.jpg"
7257,"Le_Conte_Sparrow_0098_795231.jpg"
7258,"Le_Conte_Sparrow_0075_795234.jpg"
7259,"Le_Conte_Sparrow_0064_795235.jpg"
7260,"Le_Conte_Sparrow_0021_117105.jpg"
7261,"Le_Conte_Sparrow_0039_117054.jpg"
7262,"Le_Conte_Sparrow_0055_117036.jpg"
7263,"Le_Conte_Sparrow_0044_117116.jpg"
7264,"Le_Conte_Sparrow_0073_117127.jpg"
7265,"Le_Conte_Sparrow_0067_117146.jpg"
7266,"Le_Conte_Sparrow_0011_117038.jpg"
7267,"Le_Conte_Sparrow_0022_117039.jpg"
7268,"Le_Conte_Sparrow_0070_795135.jpg"
7269,"Lincoln_Sparrow_0094_117762.jpg"
7270,"Lincoln_Sparrow_0108_117773.jpg"
7271,"Lincoln_Sparrow_0010_117263.jpg"
7272,"Lincoln_Sparrow_0110_117264.jpg"
7273,"Lincoln_Sparrow_0049_117265.jpg"
7274,"Lincoln_Sparrow_0119_117270.jpg"
7275,"Lincoln_Sparrow_0059_117271.jpg"
7276,"Lincoln_Sparrow_0083_117272.jpg"
7277,"Lincoln_Sparrow_0131_117277.jpg"
7278,"Lincoln_Sparrow_0036_117280.jpg"
7279,"Lincoln_Sparrow_0092_117294.jpg"
7280,"Lincoln_Sparrow_0069_117812.jpg"
7281,"Lincoln_Sparrow_0033_117303.jpg"
7282,"Lincoln_Sparrow_0100_117835.jpg"
7283,"Lincoln_Sparrow_0037_117837.jpg"
7284,"Lincoln_Sparrow_0113_117603.jpg"
7285,"Lincoln_Sparrow_0057_117334.jpg"
7286,"Lincoln_Sparrow_0128_117851.jpg"
7287,"Lincoln_Sparrow_0070_117342.jpg"
7288,"Lincoln_Sparrow_0090_117857.jpg"
7289,"Lincoln_Sparrow_0066_117875.jpg"
7290,"Lincoln_Sparrow_0014_117883.jpg"
7291,"Lincoln_Sparrow_0116_117372.jpg"
7292,"Lincoln_Sparrow_0035_117383.jpg"
7293,"Lincoln_Sparrow_0129_117898.jpg"
7294,"Lincoln_Sparrow_0046_117405.jpg"
7295,"Lincoln_Sparrow_0079_117919.jpg"
7296,"Lincoln_Sparrow_0109_117940.jpg"
7297,"Lincoln_Sparrow_0017_117432.jpg"
7298,"Lincoln_Sparrow_0072_117951.jpg"
7299,"Lincoln_Sparrow_0047_117442.jpg"
7300,"Lincoln_Sparrow_0087_117444.jpg"
7301,"Lincoln_Sparrow_0038_117461.jpg"
7302,"Lincoln_Sparrow_0099_117482.jpg"
7303,"Lincoln_Sparrow_0078_117483.jpg"
7304,"Lincoln_Sparrow_0084_117492.jpg"
7305,"Lincoln_Sparrow_0058_117503.jpg"
7306,"Lincoln_Sparrow_0055_117506.jpg"
7307,"Lincoln_Sparrow_0042_117507.jpg"
7308,"Lincoln_Sparrow_0063_117509.jpg"
7309,"Lincoln_Sparrow_0052_117521.jpg"
7310,"Lincoln_Sparrow_0089_117527.jpg"
7311,"Lincoln_Sparrow_0061_117529.jpg"
7312,"Lincoln_Sparrow_0009_117535.jpg"
7313,"Lincoln_Sparrow_0020_117542.jpg"
7314,"Lincoln_Sparrow_0045_117547.jpg"
7315,"Lincoln_Sparrow_0074_117584.jpg"
7316,"Lincoln_Sparrow_0064_117602.jpg"
7317,"Lincoln_Sparrow_0112_117631.jpg"
7318,"Lincoln_Sparrow_0088_117634.jpg"
7319,"Lincoln_Sparrow_0041_117636.jpg"
7320,"Lincoln_Sparrow_0044_117687.jpg"
7321,"Lincoln_Sparrow_0013_117202.jpg"
7322,"Lincoln_Sparrow_0040_117721.jpg"
7323,"Lincoln_Sparrow_0115_117216.jpg"
7324,"Lincoln_Sparrow_0050_117744.jpg"
7325,"Lincoln_Sparrow_0032_117747.jpg"
7326,"Lincoln_Sparrow_0026_117754.jpg"
7327,"Lincoln_Sparrow_0022_117759.jpg"
7328,"Nelson_Sharp_Tailed_Sparrow_0068_796930.jpg"
7329,"Nelson_Sharp_Tailed_Sparrow_0001_796931.jpg"
7330,"Nelson_Sharp_Tailed_Sparrow_0044_796932.jpg"
7331,"Nelson_Sharp_Tailed_Sparrow_0065_796933.jpg"
7332,"Nelson_Sharp_Tailed_Sparrow_0079_796934.jpg"
7333,"Nelson_Sharp_Tailed_Sparrow_0058_118023.jpg"
7334,"Nelson_Sharp_Tailed_Sparrow_0033_118024.jpg"
7335,"Nelson_Sharp_Tailed_Sparrow_0027_118028.jpg"
7336,"Nelson_Sharp_Tailed_Sparrow_0004_796941.jpg"
7337,"Nelson_Sharp_Tailed_Sparrow_0013_796942.jpg"
7338,"Nelson_Sharp_Tailed_Sparrow_0046_118032.jpg"
7339,"Nelson_Sharp_Tailed_Sparrow_0049_118033.jpg"
7340,"Nelson_Sharp_Tailed_Sparrow_0032_118036.jpg"
7341,"Nelson_Sharp_Tailed_Sparrow_0057_796949.jpg"
7342,"Nelson_Sharp_Tailed_Sparrow_0034_796950.jpg"
7343,"Nelson_Sharp_Tailed_Sparrow_0030_118064.jpg"
7344,"Nelson_Sharp_Tailed_Sparrow_0054_796936.jpg"
7345,"Nelson_Sharp_Tailed_Sparrow_0019_118066.jpg"
7346,"Nelson_Sharp_Tailed_Sparrow_0072_118012.jpg"
7347,"Nelson_Sharp_Tailed_Sparrow_0053_118069.jpg"
7348,"Nelson_Sharp_Tailed_Sparrow_0055_796937.jpg"
7349,"Nelson_Sharp_Tailed_Sparrow_0039_118074.jpg"
7350,"Nelson_Sharp_Tailed_Sparrow_0036_118075.jpg"
7351,"Nelson_Sharp_Tailed_Sparrow_0016_118077.jpg"
7352,"Nelson_Sharp_Tailed_Sparrow_0005_118078.jpg"
7353,"Nelson_Sharp_Tailed_Sparrow_0066_118088.jpg"
7354,"Nelson_Sharp_Tailed_Sparrow_0009_796940.jpg"
7355,"Nelson_Sharp_Tailed_Sparrow_0024_118010.jpg"
7356,"Nelson_Sharp_Tailed_Sparrow_0008_796944.jpg"
7357,"Nelson_Sharp_Tailed_Sparrow_0025_796945.jpg"
7358,"Nelson_Sharp_Tailed_Sparrow_0052_796903.jpg"
7359,"Nelson_Sharp_Tailed_Sparrow_0071_796946.jpg"
7360,"Nelson_Sharp_Tailed_Sparrow_0045_118004.jpg"
7361,"Nelson_Sharp_Tailed_Sparrow_0076_117964.jpg"
7362,"Nelson_Sharp_Tailed_Sparrow_0064_117965.jpg"
7363,"Nelson_Sharp_Tailed_Sparrow_0056_117974.jpg"
7364,"Nelson_Sharp_Tailed_Sparrow_0018_118011.jpg"
7365,"Nelson_Sharp_Tailed_Sparrow_0037_117986.jpg"
7366,"Nelson_Sharp_Tailed_Sparrow_0023_796899.jpg"
7367,"Nelson_Sharp_Tailed_Sparrow_0074_796901.jpg"
7368,"Nelson_Sharp_Tailed_Sparrow_0051_796902.jpg"
7369,"Nelson_Sharp_Tailed_Sparrow_0047_117991.jpg"
7370,"Nelson_Sharp_Tailed_Sparrow_0022_796905.jpg"
7371,"Nelson_Sharp_Tailed_Sparrow_0014_796906.jpg"
7372,"Nelson_Sharp_Tailed_Sparrow_0061_796907.jpg"
7373,"Nelson_Sharp_Tailed_Sparrow_0002_796908.jpg"
7374,"Nelson_Sharp_Tailed_Sparrow_0006_796909.jpg"
7375,"Nelson_Sharp_Tailed_Sparrow_0017_796910.jpg"
7376,"Nelson_Sharp_Tailed_Sparrow_0042_796911.jpg"
7377,"Nelson_Sharp_Tailed_Sparrow_0067_796912.jpg"
7378,"Nelson_Sharp_Tailed_Sparrow_0077_796913.jpg"
7379,"Nelson_Sharp_Tailed_Sparrow_0003_796917.jpg"
7380,"Nelson_Sharp_Tailed_Sparrow_0062_796919.jpg"
7381,"Nelson_Sharp_Tailed_Sparrow_0038_796920.jpg"
7382,"Nelson_Sharp_Tailed_Sparrow_0015_796922.jpg"
7383,"Nelson_Sharp_Tailed_Sparrow_0029_796923.jpg"
7384,"Nelson_Sharp_Tailed_Sparrow_0035_796924.jpg"
7385,"Nelson_Sharp_Tailed_Sparrow_0070_796925.jpg"
7386,"Nelson_Sharp_Tailed_Sparrow_0041_796926.jpg"
7387,"Savannah_Sparrow_0048_120321.jpg"
7388,"Savannah_Sparrow_0023_120326.jpg"
7389,"Savannah_Sparrow_0059_119810.jpg"
7390,"Savannah_Sparrow_0064_119316.jpg"
7391,"Savannah_Sparrow_0106_118294.jpg"
7392,"Savannah_Sparrow_0079_118817.jpg"
7393,"Savannah_Sparrow_0124_118820.jpg"
7394,"Savannah_Sparrow_0058_118323.jpg"
7395,"Savannah_Sparrow_0096_120376.jpg"
7396,"Savannah_Sparrow_0043_119362.jpg"
7397,"Savannah_Sparrow_0047_119365.jpg"
7398,"Savannah_Sparrow_0075_116305.jpg"
7399,"Savannah_Sparrow_0033_118871.jpg"
7400,"Savannah_Sparrow_0115_118882.jpg"
7401,"Savannah_Sparrow_0045_119398.jpg"
7402,"Savannah_Sparrow_0021_118886.jpg"
7403,"Savannah_Sparrow_0117_119917.jpg"
7404,"Savannah_Sparrow_0015_118910.jpg"
7405,"Savannah_Sparrow_0131_119946.jpg"
7406,"Savannah_Sparrow_0066_119949.jpg"
7407,"Savannah_Sparrow_0008_118929.jpg"
7408,"Savannah_Sparrow_0139_119444.jpg"
7409,"Savannah_Sparrow_0132_119962.jpg"
7410,"Savannah_Sparrow_0011_119459.jpg"
7411,"Savannah_Sparrow_0068_119972.jpg"
7412,"Savannah_Sparrow_0001_118956.jpg"
7413,"Savannah_Sparrow_0028_119982.jpg"
7414,"Savannah_Sparrow_0022_118989.jpg"
7415,"Savannah_Sparrow_0057_120016.jpg"
7416,"Savannah_Sparrow_0067_118491.jpg"
7417,"Savannah_Sparrow_0054_120057.jpg"
7418,"Savannah_Sparrow_0084_120063.jpg"
7419,"Savannah_Sparrow_0094_119040.jpg"
7420,"Savannah_Sparrow_0014_120072.jpg"
7421,"Savannah_Sparrow_0136_119581.jpg"
7422,"Savannah_Sparrow_0035_120099.jpg"
7423,"Savannah_Sparrow_0049_119596.jpg"
7424,"Savannah_Sparrow_0032_120109.jpg"
7425,"Savannah_Sparrow_0051_118574.jpg"
7426,"Savannah_Sparrow_0091_120630.jpg"
7427,"Savannah_Sparrow_0052_118583.jpg"
7428,"Savannah_Sparrow_0135_119620.jpg"
7429,"Savannah_Sparrow_0029_119621.jpg"
7430,"Savannah_Sparrow_0118_118603.jpg"
7431,"Savannah_Sparrow_0025_119124.jpg"
7432,"Savannah_Sparrow_0116_118108.jpg"
7433,"Savannah_Sparrow_0080_118120.jpg"
7434,"Savannah_Sparrow_0095_119670.jpg"
7435,"Savannah_Sparrow_0107_119671.jpg"
7436,"Savannah_Sparrow_0062_120185.jpg"
7437,"Savannah_Sparrow_0109_119674.jpg"
7438,"Savannah_Sparrow_0017_119171.jpg"
7439,"Savannah_Sparrow_0009_120205.jpg"
7440,"Savannah_Sparrow_0005_119735.jpg"
7441,"Savannah_Sparrow_0019_118200.jpg"
7442,"Savannah_Sparrow_0114_119750.jpg"
7443,"Savannah_Sparrow_0076_120267.jpg"
7444,"Savannah_Sparrow_0137_119757.jpg"
7445,"Savannah_Sparrow_0061_119783.jpg"
7446,"Savannah_Sparrow_0093_118267.jpg"
7447,"Seaside_Sparrow_0052_796498.jpg"
7448,"Seaside_Sparrow_0015_796500.jpg"
7449,"Seaside_Sparrow_0062_796503.jpg"
7450,"Seaside_Sparrow_0065_796504.jpg"
7451,"Seaside_Sparrow_0033_796506.jpg"
7452,"Seaside_Sparrow_0054_796507.jpg"
7453,"Seaside_Sparrow_0050_796508.jpg"
7454,"Seaside_Sparrow_0043_796510.jpg"
7455,"Seaside_Sparrow_0027_796512.jpg"
7456,"Seaside_Sparrow_0017_796513.jpg"
7457,"Seaside_Sparrow_0004_796514.jpg"
7458,"Seaside_Sparrow_0068_796515.jpg"
7459,"Seaside_Sparrow_0005_796516.jpg"
7460,"Seaside_Sparrow_0025_796518.jpg"
7461,"Seaside_Sparrow_0071_796519.jpg"
7462,"Seaside_Sparrow_0047_796520.jpg"
7463,"Seaside_Sparrow_0034_796521.jpg"
7464,"Seaside_Sparrow_0051_796522.jpg"
7465,"Seaside_Sparrow_0023_796525.jpg"
7466,"Seaside_Sparrow_0031_796526.jpg"
7467,"Seaside_Sparrow_0042_796528.jpg"
7468,"Seaside_Sparrow_0041_796529.jpg"
7469,"Seaside_Sparrow_0039_796530.jpg"
7470,"Seaside_Sparrow_0037_796531.jpg"
7471,"Seaside_Sparrow_0067_796532.jpg"
7472,"Seaside_Sparrow_0035_796533.jpg"
7473,"Seaside_Sparrow_0013_796535.jpg"
7474,"Seaside_Sparrow_0002_796536.jpg"
7475,"Seaside_Sparrow_0008_796538.jpg"
7476,"Seaside_Sparrow_0003_796539.jpg"
7477,"Seaside_Sparrow_0070_796540.jpg"
7478,"Seaside_Sparrow_0063_120707.jpg"
7479,"Seaside_Sparrow_0056_120710.jpg"
7480,"Seaside_Sparrow_0045_120696.jpg"
7481,"Seaside_Sparrow_0018_120716.jpg"
7482,"Seaside_Sparrow_0001_120720.jpg"
7483,"Seaside_Sparrow_0022_120721.jpg"
7484,"Seaside_Sparrow_0012_120732.jpg"
7485,"Seaside_Sparrow_0049_120735.jpg"
7486,"Seaside_Sparrow_0020_120743.jpg"
7487,"Seaside_Sparrow_0058_120744.jpg"
7488,"Seaside_Sparrow_0007_120690.jpg"
7489,"Seaside_Sparrow_0024_120751.jpg"
7490,"Seaside_Sparrow_0048_120758.jpg"
7491,"Seaside_Sparrow_0028_120766.jpg"
7492,"Seaside_Sparrow_0032_120767.jpg"
7493,"Seaside_Sparrow_0046_120768.jpg"
7494,"Seaside_Sparrow_0030_120780.jpg"
7495,"Seaside_Sparrow_0036_120785.jpg"
7496,"Seaside_Sparrow_0066_120791.jpg"
7497,"Seaside_Sparrow_0059_120794.jpg"
7498,"Seaside_Sparrow_0026_120798.jpg"
7499,"Seaside_Sparrow_0021_120699.jpg"
7500,"Seaside_Sparrow_0069_120700.jpg"
7501,"Seaside_Sparrow_0064_120813.jpg"
7502,"Seaside_Sparrow_0038_120819.jpg"
7503,"Seaside_Sparrow_0011_120820.jpg"
7504,"Seaside_Sparrow_0044_119287.jpg"
7505,"Seaside_Sparrow_0019_120826.jpg"
7506,"Seaside_Sparrow_0029_120828.jpg"
7507,"Song_Sparrow_0060_122371.jpg"
7508,"Song_Sparrow_0110_120872.jpg"
7509,"Song_Sparrow_0118_121905.jpg"
7510,"Song_Sparrow_0059_120885.jpg"
7511,"Song_Sparrow_0067_122424.jpg"
7512,"Song_Sparrow_0003_122425.jpg"
7513,"Song_Sparrow_0061_120891.jpg"
7514,"Song_Sparrow_0089_120894.jpg"
7515,"Song_Sparrow_0125_122435.jpg"
7516,"Song_Sparrow_0126_120901.jpg"
7517,"Song_Sparrow_0044_121931.jpg"
7518,"Song_Sparrow_0071_122446.jpg"
7519,"Song_Sparrow_0101_120920.jpg"
7520,"Song_Sparrow_0097_121438.jpg"
7521,"Song_Sparrow_0045_121951.jpg"
7522,"Song_Sparrow_0092_121969.jpg"
7523,"Song_Sparrow_0009_121025.jpg"
7524,"Song_Sparrow_0086_121999.jpg"
7525,"Song_Sparrow_0020_121490.jpg"
7526,"Song_Sparrow_0035_120986.jpg"
7527,"Song_Sparrow_0029_120989.jpg"
7528,"Song_Sparrow_0107_120990.jpg"
7529,"Song_Sparrow_0050_121514.jpg"
7530,"Song_Sparrow_0112_121027.jpg"
7531,"Song_Sparrow_0080_121033.jpg"
7532,"Song_Sparrow_0069_122065.jpg"
7533,"Song_Sparrow_0053_121554.jpg"
7534,"Song_Sparrow_0013_121056.jpg"
7535,"Song_Sparrow_0090_121057.jpg"
7536,"Song_Sparrow_0087_121062.jpg"
7537,"Song_Sparrow_0102_122090.jpg"
7538,"Song_Sparrow_0130_121583.jpg"
7539,"Song_Sparrow_0037_121078.jpg"
7540,"Song_Sparrow_0057_121090.jpg"
7541,"Song_Sparrow_0088_121615.jpg"
7542,"Song_Sparrow_0040_121617.jpg"
7543,"Song_Sparrow_0046_121903.jpg"
7544,"Song_Sparrow_0007_121133.jpg"
7545,"Song_Sparrow_0091_121651.jpg"
7546,"Song_Sparrow_0001_122169.jpg"
7547,"Song_Sparrow_0132_121153.jpg"
7548,"Song_Sparrow_0038_121666.jpg"
7549,"Song_Sparrow_0055_121158.jpg"
7550,"Song_Sparrow_0015_122081.jpg"
7551,"Song_Sparrow_0036_121679.jpg"
7552,"Song_Sparrow_0113_121683.jpg"
7553,"Song_Sparrow_0099_121193.jpg"
7554,"Song_Sparrow_0077_121196.jpg"
7555,"Song_Sparrow_0121_121203.jpg"
7556,"Song_Sparrow_0116_121211.jpg"
7557,"Song_Sparrow_0106_121154.jpg"
7558,"Song_Sparrow_0114_121233.jpg"
7559,"Song_Sparrow_0123_121249.jpg"
7560,"Song_Sparrow_0034_121255.jpg"
7561,"Song_Sparrow_0135_121261.jpg"
7562,"Song_Sparrow_0096_121313.jpg"
7563,"Song_Sparrow_0042_121314.jpg"
7564,"Song_Sparrow_0058_121832.jpg"
7565,"Song_Sparrow_0108_121327.jpg"
7566,"Song_Sparrow_0010_121331.jpg"
7567,"Tree_Sparrow_0130_124932.jpg"
7568,"Tree_Sparrow_0122_123927.jpg"
7569,"Tree_Sparrow_0077_123417.jpg"
7570,"Tree_Sparrow_0023_124956.jpg"
7571,"Tree_Sparrow_0007_122911.jpg"
7572,"Tree_Sparrow_0129_124960.jpg"
7573,"Tree_Sparrow_0066_123569.jpg"
7574,"Tree_Sparrow_0053_122933.jpg"
7575,"Tree_Sparrow_0100_122945.jpg"
7576,"Tree_Sparrow_0044_122946.jpg"
7577,"Tree_Sparrow_0005_122949.jpg"
7578,"Tree_Sparrow_0097_123462.jpg"
7579,"Tree_Sparrow_0032_123489.jpg"
7580,"Tree_Sparrow_0011_122964.jpg"
7581,"Tree_Sparrow_0112_125014.jpg"
7582,"Tree_Sparrow_0072_123991.jpg"
7583,"Tree_Sparrow_0042_124512.jpg"
7584,"Tree_Sparrow_0022_123496.jpg"
7585,"Tree_Sparrow_0041_123497.jpg"
7586,"Tree_Sparrow_0062_123000.jpg"
7587,"Tree_Sparrow_0076_123669.jpg"
7588,"Tree_Sparrow_0043_124034.jpg"
7589,"Tree_Sparrow_0015_125105.jpg"
7590,"Tree_Sparrow_0018_123574.jpg"
7591,"Tree_Sparrow_0095_124090.jpg"
7592,"Tree_Sparrow_0125_123078.jpg"
7593,"Tree_Sparrow_0058_123591.jpg"
7594,"Tree_Sparrow_0101_124104.jpg"
7595,"Tree_Sparrow_0119_124114.jpg"
7596,"Tree_Sparrow_0080_124120.jpg"
7597,"Tree_Sparrow_0113_123613.jpg"
7598,"Tree_Sparrow_0039_124140.jpg"
7599,"Tree_Sparrow_0057_123665.jpg"
7600,"Tree_Sparrow_0094_124974.jpg"
7601,"Tree_Sparrow_0068_125230.jpg"
7602,"Tree_Sparrow_0025_124233.jpg"
7603,"Tree_Sparrow_0105_123227.jpg"
7604,"Tree_Sparrow_0060_123743.jpg"
7605,"Tree_Sparrow_0086_123751.jpg"
7606,"Tree_Sparrow_0088_125305.jpg"
7607,"Tree_Sparrow_0090_110145.jpg"
7608,"Tree_Sparrow_0121_124296.jpg"
7609,"Tree_Sparrow_0127_125322.jpg"
7610,"Tree_Sparrow_0123_125324.jpg"
7611,"Tree_Sparrow_0036_122772.jpg"
7612,"Tree_Sparrow_0034_123799.jpg"
7613,"Tree_Sparrow_0109_123802.jpg"
7614,"Tree_Sparrow_0024_123805.jpg"
7615,"Tree_Sparrow_0009_123294.jpg"
7616,"Tree_Sparrow_0046_125344.jpg"
7617,"Tree_Sparrow_0107_123822.jpg"
7618,"Tree_Sparrow_0081_124348.jpg"
7619,"Tree_Sparrow_0035_123211.jpg"
7620,"Tree_Sparrow_0028_122829.jpg"
7621,"Tree_Sparrow_0052_123869.jpg"
7622,"Tree_Sparrow_0073_123871.jpg"
7623,"Tree_Sparrow_0030_122850.jpg"
7624,"Tree_Sparrow_0108_124754.jpg"
7625,"Tree_Sparrow_0128_123979.jpg"
7626,"Tree_Sparrow_0074_124408.jpg"
7627,"Vesper_Sparrow_0005_125440.jpg"
7628,"Vesper_Sparrow_0040_125441.jpg"
7629,"Vesper_Sparrow_0052_125444.jpg"
7630,"Vesper_Sparrow_0065_125446.jpg"
7631,"Vesper_Sparrow_0043_125703.jpg"
7632,"Vesper_Sparrow_0002_125454.jpg"
7633,"Vesper_Sparrow_0087_125712.jpg"
7634,"Vesper_Sparrow_0009_125713.jpg"
7635,"Vesper_Sparrow_0041_125458.jpg"
7636,"Vesper_Sparrow_0095_125459.jpg"
7637,"Vesper_Sparrow_0083_125718.jpg"
7638,"Vesper_Sparrow_0023_125465.jpg"
7639,"Vesper_Sparrow_0044_125470.jpg"
7640,"Vesper_Sparrow_0047_125788.jpg"
7641,"Vesper_Sparrow_0076_125737.jpg"
7642,"Vesper_Sparrow_0089_125705.jpg"
7643,"Vesper_Sparrow_0029_125498.jpg"
7644,"Vesper_Sparrow_0082_125503.jpg"
7645,"Vesper_Sparrow_0020_125794.jpg"
7646,"Vesper_Sparrow_0086_125776.jpg"
7647,"Vesper_Sparrow_0004_125787.jpg"
7648,"Vesper_Sparrow_0084_125532.jpg"
7649,"Vesper_Sparrow_0017_125534.jpg"
7650,"Vesper_Sparrow_0081_125541.jpg"
7651,"Vesper_Sparrow_0049_125806.jpg"
7652,"Vesper_Sparrow_0013_109937.jpg"
7653,"Vesper_Sparrow_0070_125555.jpg"
7654,"Vesper_Sparrow_0019_125558.jpg"
7655,"Vesper_Sparrow_0032_125564.jpg"
7656,"Vesper_Sparrow_0033_125568.jpg"
7657,"Vesper_Sparrow_0046_125575.jpg"
7658,"Vesper_Sparrow_0079_125579.jpg"
7659,"Vesper_Sparrow_0051_125587.jpg"
7660,"Vesper_Sparrow_0077_125597.jpg"
7661,"Vesper_Sparrow_0091_125598.jpg"
7662,"Vesper_Sparrow_0007_125630.jpg"
7663,"Vesper_Sparrow_0068_125601.jpg"
7664,"Vesper_Sparrow_0094_125602.jpg"
7665,"Vesper_Sparrow_0073_125605.jpg"
7666,"Vesper_Sparrow_0080_125606.jpg"
7667,"Vesper_Sparrow_0011_125608.jpg"
7668,"Vesper_Sparrow_0055_125611.jpg"
7669,"Vesper_Sparrow_0016_125615.jpg"
7670,"Vesper_Sparrow_0066_125619.jpg"
7671,"Vesper_Sparrow_0028_118217.jpg"
7672,"Vesper_Sparrow_0031_125631.jpg"
7673,"Vesper_Sparrow_0053_125641.jpg"
7674,"Vesper_Sparrow_0045_125643.jpg"
7675,"Vesper_Sparrow_0037_125648.jpg"
7676,"Vesper_Sparrow_0057_125649.jpg"
7677,"Vesper_Sparrow_0018_125651.jpg"
7678,"Vesper_Sparrow_0015_125653.jpg"
7679,"Vesper_Sparrow_0056_125657.jpg"
7680,"Vesper_Sparrow_0058_125661.jpg"
7681,"Vesper_Sparrow_0030_125663.jpg"
7682,"Vesper_Sparrow_0062_125669.jpg"
7683,"Vesper_Sparrow_0003_125427.jpg"
7684,"Vesper_Sparrow_0067_125429.jpg"
7685,"Vesper_Sparrow_0090_125690.jpg"
7686,"Vesper_Sparrow_0022_125719.jpg"
7687,"White_Crowned_Sparrow_0064_126467.jpg"
7688,"White_Crowned_Sparrow_0087_128008.jpg"
7689,"White_Crowned_Sparrow_0047_127575.jpg"
7690,"White_Crowned_Sparrow_0140_125967.jpg"
7691,"White_Crowned_Sparrow_0067_127576.jpg"
7692,"White_Crowned_Sparrow_0116_127512.jpg"
7693,"White_Crowned_Sparrow_0098_127019.jpg"
7694,"White_Crowned_Sparrow_0101_127058.jpg"
7695,"White_Crowned_Sparrow_0114_127027.jpg"
7696,"White_Crowned_Sparrow_0122_128577.jpg"
7697,"White_Crowned_Sparrow_0093_126531.jpg"
7698,"White_Crowned_Sparrow_0115_126027.jpg"
7699,"White_Crowned_Sparrow_0029_127503.jpg"
7700,"White_Crowned_Sparrow_0113_128095.jpg"
7701,"White_Crowned_Sparrow_0109_128529.jpg"
7702,"White_Crowned_Sparrow_0072_127080.jpg"
7703,"White_Crowned_Sparrow_0078_127603.jpg"
7704,"White_Crowned_Sparrow_0021_127092.jpg"
7705,"White_Crowned_Sparrow_0043_127096.jpg"
7706,"White_Crowned_Sparrow_0001_127115.jpg"
7707,"White_Crowned_Sparrow_0095_127118.jpg"
7708,"White_Crowned_Sparrow_0010_127651.jpg"
7709,"White_Crowned_Sparrow_0019_127652.jpg"
7710,"White_Crowned_Sparrow_0009_127658.jpg"
7711,"White_Crowned_Sparrow_0094_128627.jpg"
7712,"White_Crowned_Sparrow_0076_127604.jpg"
7713,"White_Crowned_Sparrow_0068_126156.jpg"
7714,"White_Crowned_Sparrow_0085_127194.jpg"
7715,"White_Crowned_Sparrow_0102_127708.jpg"
7716,"White_Crowned_Sparrow_0099_127213.jpg"
7717,"White_Crowned_Sparrow_0033_127728.jpg"
7718,"White_Crowned_Sparrow_0034_126199.jpg"
7719,"White_Crowned_Sparrow_0054_126068.jpg"
7720,"White_Crowned_Sparrow_0083_128777.jpg"
7721,"White_Crowned_Sparrow_0141_127766.jpg"
7722,"White_Crowned_Sparrow_0002_127774.jpg"
7723,"White_Crowned_Sparrow_0017_125829.jpg"
7724,"White_Crowned_Sparrow_0089_127778.jpg"
7725,"White_Crowned_Sparrow_0049_128311.jpg"
7726,"White_Crowned_Sparrow_0100_126267.jpg"
7727,"White_Crowned_Sparrow_0040_127313.jpg"
7728,"White_Crowned_Sparrow_0105_126818.jpg"
7729,"White_Crowned_Sparrow_0061_126315.jpg"
7730,"White_Crowned_Sparrow_0012_127853.jpg"
7731,"White_Crowned_Sparrow_0129_127860.jpg"
7732,"White_Crowned_Sparrow_0107_128662.jpg"
7733,"White_Crowned_Sparrow_0042_128395.jpg"
7734,"White_Crowned_Sparrow_0142_128237.jpg"
7735,"White_Crowned_Sparrow_0044_127386.jpg"
7736,"White_Crowned_Sparrow_0090_125864.jpg"
7737,"White_Crowned_Sparrow_0111_127404.jpg"
7738,"White_Crowned_Sparrow_0118_127919.jpg"
7739,"White_Crowned_Sparrow_0071_127922.jpg"
7740,"White_Crowned_Sparrow_0057_127927.jpg"
7741,"White_Crowned_Sparrow_0127_126923.jpg"
7742,"White_Crowned_Sparrow_0119_126932.jpg"
7743,"White_Crowned_Sparrow_0037_126969.jpg"
7744,"White_Crowned_Sparrow_0124_128082.jpg"
7745,"White_Crowned_Sparrow_0092_125934.jpg"
7746,"White_Crowned_Sparrow_0031_126457.jpg"
7747,"White_Throated_Sparrow_0078_129041.jpg"
7748,"White_Throated_Sparrow_0107_129046.jpg"
7749,"White_Throated_Sparrow_0082_129048.jpg"
7750,"White_Throated_Sparrow_0050_129051.jpg"
7751,"White_Throated_Sparrow_0034_129054.jpg"
7752,"White_Throated_Sparrow_0002_129057.jpg"
7753,"White_Throated_Sparrow_0109_129066.jpg"
7754,"White_Throated_Sparrow_0030_129076.jpg"
7755,"White_Throated_Sparrow_0118_129084.jpg"
7756,"White_Throated_Sparrow_0076_129088.jpg"
7757,"White_Throated_Sparrow_0098_129089.jpg"
7758,"White_Throated_Sparrow_0112_129101.jpg"
7759,"White_Throated_Sparrow_0073_129110.jpg"
7760,"White_Throated_Sparrow_0028_129118.jpg"
7761,"White_Throated_Sparrow_0015_129138.jpg"
7762,"White_Throated_Sparrow_0014_129148.jpg"
7763,"White_Throated_Sparrow_0016_129158.jpg"
7764,"White_Throated_Sparrow_0023_129179.jpg"
7765,"White_Throated_Sparrow_0085_129180.jpg"
7766,"White_Throated_Sparrow_0108_129184.jpg"
7767,"White_Throated_Sparrow_0134_129190.jpg"
7768,"White_Throated_Sparrow_0121_129201.jpg"
7769,"White_Throated_Sparrow_0072_129203.jpg"
7770,"White_Throated_Sparrow_0124_128801.jpg"
7771,"White_Throated_Sparrow_0060_128802.jpg"
7772,"White_Throated_Sparrow_0063_128803.jpg"
7773,"White_Throated_Sparrow_0021_128804.jpg"
7774,"White_Throated_Sparrow_0031_128808.jpg"
7775,"White_Throated_Sparrow_0105_128814.jpg"
7776,"White_Throated_Sparrow_0106_128815.jpg"
7777,"White_Throated_Sparrow_0043_128818.jpg"
7778,"White_Throated_Sparrow_0135_128819.jpg"
7779,"White_Throated_Sparrow_0119_128827.jpg"
7780,"White_Throated_Sparrow_0125_128832.jpg"
7781,"White_Throated_Sparrow_0132_128833.jpg"
7782,"White_Throated_Sparrow_0110_128838.jpg"
7783,"White_Throated_Sparrow_0026_128843.jpg"
7784,"White_Throated_Sparrow_0027_128847.jpg"
7785,"White_Throated_Sparrow_0038_128853.jpg"
7786,"White_Throated_Sparrow_0039_128859.jpg"
7787,"White_Throated_Sparrow_0032_128866.jpg"
7788,"White_Throated_Sparrow_0042_128899.jpg"
7789,"White_Throated_Sparrow_0061_128902.jpg"
7790,"White_Throated_Sparrow_0056_128906.jpg"
7791,"White_Throated_Sparrow_0102_128911.jpg"
7792,"White_Throated_Sparrow_0071_128915.jpg"
7793,"White_Throated_Sparrow_0007_128918.jpg"
7794,"White_Throated_Sparrow_0052_128923.jpg"
7795,"White_Throated_Sparrow_0113_128936.jpg"
7796,"White_Throated_Sparrow_0004_128944.jpg"
7797,"White_Throated_Sparrow_0069_128951.jpg"
7798,"White_Throated_Sparrow_0128_128956.jpg"
7799,"White_Throated_Sparrow_0059_128964.jpg"
7800,"White_Throated_Sparrow_0097_128967.jpg"
7801,"White_Throated_Sparrow_0017_128982.jpg"
7802,"White_Throated_Sparrow_0075_128990.jpg"
7803,"White_Throated_Sparrow_0020_129007.jpg"
7804,"White_Throated_Sparrow_0123_129009.jpg"
7805,"White_Throated_Sparrow_0047_129014.jpg"
7806,"White_Throated_Sparrow_0033_129016.jpg"
7807,"Cape_Glossy_Starling_0027_129282.jpg"
7808,"Cape_Glossy_Starling_0026_129288.jpg"
7809,"Cape_Glossy_Starling_0074_129294.jpg"
7810,"Cape_Glossy_Starling_0006_129295.jpg"
7811,"Cape_Glossy_Starling_0065_129299.jpg"
7812,"Cape_Glossy_Starling_0038_129301.jpg"
7813,"Cape_Glossy_Starling_0097_129303.jpg"
7814,"Cape_Glossy_Starling_0028_129309.jpg"
7815,"Cape_Glossy_Starling_0002_129310.jpg"
7816,"Cape_Glossy_Starling_0070_129322.jpg"
7817,"Cape_Glossy_Starling_0020_129328.jpg"
7818,"Cape_Glossy_Starling_0017_129337.jpg"
7819,"Cape_Glossy_Starling_0025_129341.jpg"
7820,"Cape_Glossy_Starling_0007_129345.jpg"
7821,"Cape_Glossy_Starling_0084_129346.jpg"
7822,"Cape_Glossy_Starling_0047_129348.jpg"
7823,"Cape_Glossy_Starling_0092_129349.jpg"
7824,"Cape_Glossy_Starling_0010_129352.jpg"
7825,"Cape_Glossy_Starling_0018_129356.jpg"
7826,"Cape_Glossy_Starling_0059_129357.jpg"
7827,"Cape_Glossy_Starling_0043_129358.jpg"
7828,"Cape_Glossy_Starling_0080_129362.jpg"
7829,"Cape_Glossy_Starling_0098_129365.jpg"
7830,"Cape_Glossy_Starling_0094_129368.jpg"
7831,"Cape_Glossy_Starling_0076_129377.jpg"
7832,"Cape_Glossy_Starling_0077_129378.jpg"
7833,"Cape_Glossy_Starling_0067_129380.jpg"
7834,"Cape_Glossy_Starling_0024_129384.jpg"
7835,"Cape_Glossy_Starling_0042_129385.jpg"
7836,"Cape_Glossy_Starling_0072_129386.jpg"
7837,"Cape_Glossy_Starling_0096_129388.jpg"
7838,"Cape_Glossy_Starling_0048_129397.jpg"
7839,"Cape_Glossy_Starling_0079_129399.jpg"
7840,"Cape_Glossy_Starling_0019_129407.jpg"
7841,"Cape_Glossy_Starling_0099_129412.jpg"
7842,"Cape_Glossy_Starling_0022_129414.jpg"
7843,"Cape_Glossy_Starling_0075_129431.jpg"
7844,"Cape_Glossy_Starling_0046_129434.jpg"
7845,"Cape_Glossy_Starling_0033_129435.jpg"
7846,"Cape_Glossy_Starling_0088_129437.jpg"
7847,"Cape_Glossy_Starling_0054_129440.jpg"
7848,"Cape_Glossy_Starling_0030_129443.jpg"
7849,"Cape_Glossy_Starling_0068_129446.jpg"
7850,"Cape_Glossy_Starling_0034_129455.jpg"
7851,"Cape_Glossy_Starling_0087_129481.jpg"
7852,"Cape_Glossy_Starling_0016_129464.jpg"
7853,"Cape_Glossy_Starling_0073_129465.jpg"
7854,"Cape_Glossy_Starling_0039_129469.jpg"
7855,"Cape_Glossy_Starling_0091_129470.jpg"
7856,"Cape_Glossy_Starling_0082_129216.jpg"
7857,"Cape_Glossy_Starling_0069_129218.jpg"
7858,"Cape_Glossy_Starling_0053_129219.jpg"
7859,"Cape_Glossy_Starling_0081_129220.jpg"
7860,"Cape_Glossy_Starling_0060_129222.jpg"
7861,"Cape_Glossy_Starling_0012_129225.jpg"
7862,"Cape_Glossy_Starling_0013_129244.jpg"
7863,"Cape_Glossy_Starling_0062_129254.jpg"
7864,"Cape_Glossy_Starling_0005_129262.jpg"
7865,"Cape_Glossy_Starling_0015_129266.jpg"
7866,"Cape_Glossy_Starling_0050_129274.jpg"
7867,"Bank_Swallow_0015_129853.jpg"
7868,"Bank_Swallow_0048_129546.jpg"
7869,"Bank_Swallow_0062_129548.jpg"
7870,"Bank_Swallow_0004_129549.jpg"
7871,"Bank_Swallow_0068_129806.jpg"
7872,"Bank_Swallow_0066_129559.jpg"
7873,"Bank_Swallow_0064_129816.jpg"
7874,"Bank_Swallow_0013_129563.jpg"
7875,"Bank_Swallow_0036_129567.jpg"
7876,"Bank_Swallow_0057_129499.jpg"
7877,"Bank_Swallow_0038_129830.jpg"
7878,"Bank_Swallow_0052_129575.jpg"
7879,"Bank_Swallow_0008_129590.jpg"
7880,"Bank_Swallow_0010_129592.jpg"
7881,"Bank_Swallow_0069_129802.jpg"
7882,"Bank_Swallow_0039_129599.jpg"
7883,"Bank_Swallow_0049_129611.jpg"
7884,"Bank_Swallow_0026_129870.jpg"
7885,"Bank_Swallow_0023_129878.jpg"
7886,"Bank_Swallow_0003_129623.jpg"
7887,"Bank_Swallow_0041_129625.jpg"
7888,"Bank_Swallow_0018_129891.jpg"
7889,"Bank_Swallow_0059_129896.jpg"
7890,"Bank_Swallow_0037_129903.jpg"
7891,"Bank_Swallow_0006_129652.jpg"
7892,"Bank_Swallow_0002_129654.jpg"
7893,"Bank_Swallow_0022_129923.jpg"
7894,"Bank_Swallow_0014_129668.jpg"
7895,"Bank_Swallow_0040_129674.jpg"
7896,"Bank_Swallow_0030_129560.jpg"
7897,"Bank_Swallow_0043_129685.jpg"
7898,"Bank_Swallow_0020_129747.jpg"
7899,"Bank_Swallow_0044_129687.jpg"
7900,"Bank_Swallow_0067_129959.jpg"
7901,"Bank_Swallow_0012_129518.jpg"
7902,"Bank_Swallow_0045_129483.jpg"
7903,"Bank_Swallow_0061_129484.jpg"
7904,"Bank_Swallow_0046_129742.jpg"
7905,"Bank_Swallow_0054_129743.jpg"
7906,"Bank_Swallow_0032_129491.jpg"
7907,"Bank_Swallow_0029_129751.jpg"
7908,"Bank_Swallow_0034_129496.jpg"
7909,"Bank_Swallow_0028_129754.jpg"
7910,"Bank_Swallow_0017_129755.jpg"
7911,"Bank_Swallow_0058_129756.jpg"
7912,"Bank_Swallow_0053_129501.jpg"
7913,"Bank_Swallow_0027_129503.jpg"
7914,"Bank_Swallow_0031_129507.jpg"
7915,"Bank_Swallow_0033_129509.jpg"
7916,"Bank_Swallow_0007_129514.jpg"
7917,"Bank_Swallow_0001_129516.jpg"
7918,"Bank_Swallow_0063_129774.jpg"
7919,"Bank_Swallow_0047_129520.jpg"
7920,"Bank_Swallow_0025_129521.jpg"
7921,"Bank_Swallow_0024_129779.jpg"
7922,"Bank_Swallow_0050_129780.jpg"
7923,"Bank_Swallow_0035_129528.jpg"
7924,"Bank_Swallow_0019_129788.jpg"
7925,"Bank_Swallow_0016_129791.jpg"
7926,"Barn_Swallow_0038_132780.jpg"
7927,"Barn_Swallow_0041_131860.jpg"
7928,"Barn_Swallow_0053_130585.jpg"
7929,"Barn_Swallow_0005_130591.jpg"
7930,"Barn_Swallow_0026_132386.jpg"
7931,"Barn_Swallow_0003_130086.jpg"
7932,"Barn_Swallow_0050_130095.jpg"
7933,"Barn_Swallow_0034_130099.jpg"
7934,"Barn_Swallow_0075_130014.jpg"
7935,"Barn_Swallow_0056_132916.jpg"
7936,"Barn_Swallow_0094_132154.jpg"
7937,"Barn_Swallow_0073_131389.jpg"
7938,"Barn_Swallow_0060_130110.jpg"
7939,"Barn_Swallow_0021_130367.jpg"
7940,"Barn_Swallow_0069_130368.jpg"
7941,"Barn_Swallow_0047_130016.jpg"
7942,"Barn_Swallow_0022_130631.jpg"
7943,"Barn_Swallow_0054_131146.jpg"
7944,"Barn_Swallow_0085_132939.jpg"
7945,"Barn_Swallow_0070_130127.jpg"
7946,"Barn_Swallow_0078_130385.jpg"
7947,"Barn_Swallow_0083_132949.jpg"
7948,"Barn_Swallow_0017_132951.jpg"
7949,"Barn_Swallow_0055_131933.jpg"
7950,"Barn_Swallow_0089_131934.jpg"
7951,"Barn_Swallow_0014_130403.jpg"
7952,"Barn_Swallow_0062_132755.jpg"
7953,"Barn_Swallow_0044_132542.jpg"
7954,"Barn_Swallow_0016_130678.jpg"
7955,"Barn_Swallow_0086_132477.jpg"
7956,"Barn_Swallow_0023_130325.jpg"
7957,"Barn_Swallow_0049_130181.jpg"
7958,"Barn_Swallow_0030_130191.jpg"
7959,"Barn_Swallow_0077_130707.jpg"
7960,"Barn_Swallow_0018_130709.jpg"
7961,"Barn_Swallow_0045_130244.jpg"
7962,"Barn_Swallow_0066_130214.jpg"
7963,"Barn_Swallow_0072_130474.jpg"
7964,"Barn_Swallow_0015_132757.jpg"
7965,"Barn_Swallow_0093_130121.jpg"
7966,"Barn_Swallow_0048_132793.jpg"
7967,"Barn_Swallow_0027_129978.jpg"
7968,"Barn_Swallow_0076_130757.jpg"
7969,"Barn_Swallow_0042_132043.jpg"
7970,"Barn_Swallow_0052_131539.jpg"
7971,"Barn_Swallow_0007_131030.jpg"
7972,"Barn_Swallow_0043_130779.jpg"
7973,"Barn_Swallow_0063_132572.jpg"
7974,"Barn_Swallow_0020_132317.jpg"
7975,"Barn_Swallow_0029_132832.jpg"
7976,"Barn_Swallow_0064_132688.jpg"
7977,"Barn_Swallow_0065_131555.jpg"
7978,"Barn_Swallow_0013_131812.jpg"
7979,"Barn_Swallow_0084_130800.jpg"
7980,"Barn_Swallow_0006_131315.jpg"
7981,"Barn_Swallow_0080_131829.jpg"
7982,"Barn_Swallow_0002_130551.jpg"
7983,"Barn_Swallow_0035_131832.jpg"
7984,"Barn_Swallow_0019_130555.jpg"
7985,"Barn_Swallow_0074_132094.jpg"
7986,"Cliff_Swallow_0012_133527.jpg"
7987,"Cliff_Swallow_0084_133974.jpg"
7988,"Cliff_Swallow_0088_134188.jpg"
7989,"Cliff_Swallow_0098_133130.jpg"
7990,"Cliff_Swallow_0039_133645.jpg"
7991,"Cliff_Swallow_0042_133646.jpg"
7992,"Cliff_Swallow_0087_133294.jpg"
7993,"Cliff_Swallow_0090_133144.jpg"
7994,"Cliff_Swallow_0100_133665.jpg"
7995,"Cliff_Swallow_0044_133927.jpg"
7996,"Cliff_Swallow_0031_133164.jpg"
7997,"Cliff_Swallow_0046_133165.jpg"
7998,"Cliff_Swallow_0036_133168.jpg"
7999,"Cliff_Swallow_0013_133169.jpg"
8000,"Cliff_Swallow_0015_133176.jpg"
8001,"Cliff_Swallow_0005_133696.jpg"
8002,"Cliff_Swallow_0047_133955.jpg"
8003,"Cliff_Swallow_0038_133701.jpg"
8004,"Cliff_Swallow_0028_132365.jpg"
8005,"Cliff_Swallow_0027_133203.jpg"
8006,"Cliff_Swallow_0108_133902.jpg"
8007,"Cliff_Swallow_0066_133206.jpg"
8008,"Cliff_Swallow_0094_133114.jpg"
8009,"Cliff_Swallow_0068_134236.jpg"
8010,"Cliff_Swallow_0049_132965.jpg"
8011,"Cliff_Swallow_0099_133948.jpg"
8012,"Cliff_Swallow_0071_133742.jpg"
8013,"Cliff_Swallow_0006_133489.jpg"
8014,"Cliff_Swallow_0075_134516.jpg"
8015,"Cliff_Swallow_0003_133496.jpg"
8016,"Cliff_Swallow_0092_132971.jpg"
8017,"Cliff_Swallow_0061_133259.jpg"
8018,"Cliff_Swallow_0069_133521.jpg"
8019,"Cliff_Swallow_0018_132974.jpg"
8020,"Cliff_Swallow_0022_133786.jpg"
8021,"Cliff_Swallow_0060_133280.jpg"
8022,"Cliff_Swallow_0083_133771.jpg"
8023,"Cliff_Swallow_0050_134054.jpg"
8024,"Cliff_Swallow_0054_133287.jpg"
8025,"Cliff_Swallow_0089_133545.jpg"
8026,"Cliff_Swallow_0023_134314.jpg"
8027,"Cliff_Swallow_0017_133806.jpg"
8028,"Cliff_Swallow_0093_133052.jpg"
8029,"Cliff_Swallow_0052_133055.jpg"
8030,"Cliff_Swallow_0085_134338.jpg"
8031,"Cliff_Swallow_0058_133060.jpg"
8032,"Cliff_Swallow_0056_133921.jpg"
8033,"Cliff_Swallow_0033_133836.jpg"
8034,"Cliff_Swallow_0101_133069.jpg"
8035,"Cliff_Swallow_0045_133591.jpg"
8036,"Cliff_Swallow_0063_133852.jpg"
8037,"Cliff_Swallow_0041_134111.jpg"
8038,"Cliff_Swallow_0065_133858.jpg"
8039,"Cliff_Swallow_0081_134119.jpg"
8040,"Cliff_Swallow_0035_133097.jpg"
8041,"Cliff_Swallow_0062_134383.jpg"
8042,"Cliff_Swallow_0011_133033.jpg"
8043,"Cliff_Swallow_0055_133624.jpg"
8044,"Cliff_Swallow_0103_133882.jpg"
8045,"Cliff_Swallow_0073_133116.jpg"
8046,"Tree_Swallow_0040_135172.jpg"
8047,"Tree_Swallow_0117_134925.jpg"
8048,"Tree_Swallow_0076_137232.jpg"
8049,"Tree_Swallow_0100_137493.jpg"
8050,"Tree_Swallow_0032_136216.jpg"
8051,"Tree_Swallow_0098_134916.jpg"
8052,"Tree_Swallow_0046_135770.jpg"
8053,"Tree_Swallow_0030_134942.jpg"
8054,"Tree_Swallow_0107_136223.jpg"
8055,"Tree_Swallow_0060_134961.jpg"
8056,"Tree_Swallow_0092_136236.jpg"
8057,"Tree_Swallow_0071_136749.jpg"
8058,"Tree_Swallow_0044_135984.jpg"
8059,"Tree_Swallow_0074_135219.jpg"
8060,"Tree_Swallow_0067_136244.jpg"
8061,"Tree_Swallow_0061_134712.jpg"
8062,"Tree_Swallow_0114_136265.jpg"
8063,"Tree_Swallow_0008_135352.jpg"
8064,"Tree_Swallow_0049_134740.jpg"
8065,"Tree_Swallow_0111_135253.jpg"
8066,"Tree_Swallow_0103_137272.jpg"
8067,"Tree_Swallow_0002_136792.jpg"
8068,"Tree_Swallow_0082_135006.jpg"
8069,"Tree_Swallow_0083_136800.jpg"
8070,"Tree_Swallow_0109_135272.jpg"
8071,"Tree_Swallow_0066_135788.jpg"
8072,"Tree_Swallow_0016_135549.jpg"
8073,"Tree_Swallow_0039_135038.jpg"
8074,"Tree_Swallow_0064_136322.jpg"
8075,"Tree_Swallow_0105_134648.jpg"
8076,"Tree_Swallow_0015_134790.jpg"
8077,"Tree_Swallow_0037_134647.jpg"
8078,"Tree_Swallow_0087_137354.jpg"
8079,"Tree_Swallow_0020_136587.jpg"
8080,"Tree_Swallow_0035_136589.jpg"
8081,"Tree_Swallow_0113_136849.jpg"
8082,"Tree_Swallow_0095_135829.jpg"
8083,"Tree_Swallow_0017_135062.jpg"
8084,"Tree_Swallow_0115_135832.jpg"
8085,"Tree_Swallow_0108_135068.jpg"
8086,"Tree_Swallow_0090_135325.jpg"
8087,"Tree_Swallow_0075_136081.jpg"
8088,"Tree_Swallow_0091_136870.jpg"
8089,"Tree_Swallow_0019_137073.jpg"
8090,"Tree_Swallow_0043_136878.jpg"
8091,"Tree_Swallow_0023_135345.jpg"
8092,"Tree_Swallow_0004_135411.jpg"
8093,"Tree_Swallow_0050_135104.jpg"
8094,"Tree_Swallow_0058_134987.jpg"
8095,"Tree_Swallow_0042_136401.jpg"
8096,"Tree_Swallow_0062_137426.jpg"
8097,"Tree_Swallow_0110_136921.jpg"
8098,"Tree_Swallow_0029_134882.jpg"
8099,"Tree_Swallow_0127_135912.jpg"
8100,"Tree_Swallow_0056_135079.jpg"
8101,"Tree_Swallow_0069_135148.jpg"
8102,"Tree_Swallow_0013_135923.jpg"
8103,"Tree_Swallow_0041_136439.jpg"
8104,"Tree_Swallow_0102_135061.jpg"
8105,"Tree_Swallow_0073_134997.jpg"
8106,"Scarlet_Tanager_0116_138242.jpg"
8107,"Scarlet_Tanager_0093_138250.jpg"
8108,"Scarlet_Tanager_0121_138255.jpg"
8109,"Scarlet_Tanager_0129_137745.jpg"
8110,"Scarlet_Tanager_0113_138262.jpg"
8111,"Scarlet_Tanager_0068_137758.jpg"
8112,"Scarlet_Tanager_0086_138272.jpg"
8113,"Scarlet_Tanager_0110_138274.jpg"
8114,"Scarlet_Tanager_0089_138281.jpg"
8115,"Scarlet_Tanager_0042_138287.jpg"
8116,"Scarlet_Tanager_0119_138291.jpg"
8117,"Scarlet_Tanager_0018_138294.jpg"
8118,"Scarlet_Tanager_0099_137783.jpg"
8119,"Scarlet_Tanager_0014_138298.jpg"
8120,"Scarlet_Tanager_0120_138344.jpg"
8121,"Scarlet_Tanager_0060_138384.jpg"
8122,"Scarlet_Tanager_0050_137874.jpg"
8123,"Scarlet_Tanager_0040_137885.jpg"
8124,"Scarlet_Tanager_0012_138410.jpg"
8125,"Scarlet_Tanager_0053_138940.jpg"
8126,"Scarlet_Tanager_0087_137937.jpg"
8127,"Scarlet_Tanager_0017_138484.jpg"
8128,"Scarlet_Tanager_0082_137978.jpg"
8129,"Scarlet_Tanager_0083_138500.jpg"
8130,"Scarlet_Tanager_0021_138199.jpg"
8131,"Scarlet_Tanager_0132_138001.jpg"
8132,"Scarlet_Tanager_0100_138006.jpg"
8133,"Scarlet_Tanager_0016_138008.jpg"
8134,"Scarlet_Tanager_0039_138010.jpg"
8135,"Scarlet_Tanager_0096_138022.jpg"
8136,"Scarlet_Tanager_0022_138049.jpg"
8137,"Scarlet_Tanager_0054_138210.jpg"
8138,"Scarlet_Tanager_0107_138577.jpg"
8139,"Scarlet_Tanager_0009_138076.jpg"
8140,"Scarlet_Tanager_0073_138108.jpg"
8141,"Scarlet_Tanager_0075_137602.jpg"
8142,"Scarlet_Tanager_0033_137603.jpg"
8143,"Scarlet_Tanager_0008_137607.jpg"
8144,"Scarlet_Tanager_0095_137618.jpg"
8145,"Scarlet_Tanager_0077_137626.jpg"
8146,"Scarlet_Tanager_0130_138661.jpg"
8147,"Scarlet_Tanager_0079_138669.jpg"
8148,"Scarlet_Tanager_0065_138683.jpg"
8149,"Scarlet_Tanager_0092_138688.jpg"
8150,"Scarlet_Tanager_0112_138695.jpg"
8151,"Scarlet_Tanager_0055_138186.jpg"
8152,"Scarlet_Tanager_0038_138198.jpg"
8153,"Scarlet_Tanager_0128_138711.jpg"
8154,"Scarlet_Tanager_0025_138712.jpg"
8155,"Scarlet_Tanager_0109_137698.jpg"
8156,"Scarlet_Tanager_0135_137699.jpg"
8157,"Scarlet_Tanager_0076_137702.jpg"
8158,"Scarlet_Tanager_0090_137703.jpg"
8159,"Scarlet_Tanager_0043_138236.jpg"
8160,"Scarlet_Tanager_0058_137710.jpg"
8161,"Scarlet_Tanager_0024_137712.jpg"
8162,"Scarlet_Tanager_0063_138227.jpg"
8163,"Scarlet_Tanager_0131_138740.jpg"
8164,"Scarlet_Tanager_0097_137717.jpg"
8165,"Scarlet_Tanager_0003_137724.jpg"
8166,"Summer_Tanager_0103_139267.jpg"
8167,"Summer_Tanager_0034_139781.jpg"
8168,"Summer_Tanager_0071_140289.jpg"
8169,"Summer_Tanager_0097_140042.jpg"
8170,"Summer_Tanager_0109_139522.jpg"
8171,"Summer_Tanager_0106_139801.jpg"
8172,"Summer_Tanager_0018_139290.jpg"
8173,"Summer_Tanager_0052_139804.jpg"
8174,"Summer_Tanager_0127_139297.jpg"
8175,"Summer_Tanager_0059_140582.jpg"
8176,"Summer_Tanager_0101_139441.jpg"
8177,"Summer_Tanager_0035_139561.jpg"
8178,"Summer_Tanager_0037_140330.jpg"
8179,"Summer_Tanager_0099_139310.jpg"
8180,"Summer_Tanager_0025_139320.jpg"
8181,"Summer_Tanager_0063_139743.jpg"
8182,"Summer_Tanager_0117_140812.jpg"
8183,"Summer_Tanager_0066_140621.jpg"
8184,"Summer_Tanager_0080_140110.jpg"
8185,"Summer_Tanager_0075_139858.jpg"
8186,"Summer_Tanager_0023_139859.jpg"
8187,"Summer_Tanager_0111_139605.jpg"
8188,"Summer_Tanager_0094_139351.jpg"
8189,"Summer_Tanager_0062_140633.jpg"
8190,"Summer_Tanager_0050_139358.jpg"
8191,"Summer_Tanager_0068_139875.jpg"
8192,"Summer_Tanager_0120_140060.jpg"
8193,"Summer_Tanager_0006_140137.jpg"
8194,"Summer_Tanager_0095_139882.jpg"
8195,"Summer_Tanager_0038_139371.jpg"
8196,"Summer_Tanager_0043_139884.jpg"
8197,"Summer_Tanager_0073_139379.jpg"
8198,"Summer_Tanager_0065_139198.jpg"
8199,"Summer_Tanager_0041_139902.jpg"
8200,"Summer_Tanager_0074_139592.jpg"
8201,"Summer_Tanager_0125_139399.jpg"
8202,"Summer_Tanager_0032_140425.jpg"
8203,"Summer_Tanager_0004_139916.jpg"
8204,"Summer_Tanager_0017_140173.jpg"
8205,"Summer_Tanager_0116_139923.jpg"
8206,"Summer_Tanager_0001_139289.jpg"
8207,"Summer_Tanager_0047_140164.jpg"
8208,"Summer_Tanager_0046_139802.jpg"
8209,"Summer_Tanager_0058_139427.jpg"
8210,"Summer_Tanager_0069_139941.jpg"
8211,"Summer_Tanager_0013_140828.jpg"
8212,"Summer_Tanager_0010_139948.jpg"
8213,"Summer_Tanager_0064_140725.jpg"
8214,"Summer_Tanager_0119_140617.jpg"
8215,"Summer_Tanager_0124_139963.jpg"
8216,"Summer_Tanager_0044_140611.jpg"
8217,"Summer_Tanager_0030_139210.jpg"
8218,"Summer_Tanager_0056_139211.jpg"
8219,"Summer_Tanager_0088_139473.jpg"
8220,"Summer_Tanager_0107_139488.jpg"
8221,"Summer_Tanager_0033_140268.jpg"
8222,"Summer_Tanager_0091_139602.jpg"
8223,"Summer_Tanager_0070_137714.jpg"
8224,"Summer_Tanager_0115_139253.jpg"
8225,"Summer_Tanager_0093_139517.jpg"
8226,"Artic_Tern_0032_141313.jpg"
8227,"Artic_Tern_0015_141829.jpg"
8228,"Artic_Tern_0035_143366.jpg"
8229,"Artic_Tern_0085_142083.jpg"
8230,"Artic_Tern_0092_141849.jpg"
8231,"Artic_Tern_0056_141858.jpg"
8232,"Artic_Tern_0048_142372.jpg"
8233,"Artic_Tern_0012_143410.jpg"
8234,"Artic_Tern_0059_141876.jpg"
8235,"Artic_Tern_0093_141880.jpg"
8236,"Artic_Tern_0112_141893.jpg"
8237,"Artic_Tern_0039_141390.jpg"
8238,"Artic_Tern_0129_141395.jpg"
8239,"Artic_Tern_0050_140887.jpg"
8240,"Artic_Tern_0080_140889.jpg"
8241,"Artic_Tern_0026_141839.jpg"
8242,"Artic_Tern_0019_141922.jpg"
8243,"Artic_Tern_0127_142440.jpg"
8244,"Artic_Tern_0036_142447.jpg"
8245,"Artic_Tern_0021_143477.jpg"
8246,"Artic_Tern_0102_141453.jpg"
8247,"Artic_Tern_0065_141472.jpg"
8248,"Artic_Tern_0060_141955.jpg"
8249,"Artic_Tern_0023_140898.jpg"
8250,"Artic_Tern_0046_140986.jpg"
8251,"Artic_Tern_0047_143549.jpg"
8252,"Artic_Tern_0138_142527.jpg"
8253,"Artic_Tern_0034_142022.jpg"
8254,"Artic_Tern_0117_143394.jpg"
8255,"Artic_Tern_0055_141524.jpg"
8256,"Artic_Tern_0090_143583.jpg"
8257,"Artic_Tern_0115_142570.jpg"
8258,"Artic_Tern_0073_143486.jpg"
8259,"Artic_Tern_0105_141098.jpg"
8260,"Artic_Tern_0142_142078.jpg"
8261,"Artic_Tern_0041_142079.jpg"
8262,"Artic_Tern_0083_141579.jpg"
8263,"Artic_Tern_0133_141069.jpg"
8264,"Artic_Tern_0101_141075.jpg"
8265,"Artic_Tern_0111_143101.jpg"
8266,"Artic_Tern_0027_141617.jpg"
8267,"Artic_Tern_0124_142121.jpg"
8268,"Artic_Tern_0082_142127.jpg"
8269,"Artic_Tern_0122_142448.jpg"
8270,"Artic_Tern_0044_142151.jpg"
8271,"Artic_Tern_0089_141652.jpg"
8272,"Artic_Tern_0037_141141.jpg"
8273,"Artic_Tern_0119_142682.jpg"
8274,"Artic_Tern_0099_141170.jpg"
8275,"Artic_Tern_0014_141716.jpg"
8276,"Artic_Tern_0107_141181.jpg"
8277,"Artic_Tern_0029_142220.jpg"
8278,"Artic_Tern_0024_143268.jpg"
8279,"Artic_Tern_0063_142495.jpg"
8280,"Artic_Tern_0052_143244.jpg"
8281,"Artic_Tern_0116_143613.jpg"
8282,"Artic_Tern_0030_141816.jpg"
8283,"Artic_Tern_0011_143355.jpg"
8284,"Black_Tern_0017_143876.jpg"
8285,"Black_Tern_0006_144646.jpg"
8286,"Black_Tern_0090_143880.jpg"
8287,"Black_Tern_0004_143881.jpg"
8288,"Black_Tern_0053_143882.jpg"
8289,"Black_Tern_0057_143884.jpg"
8290,"Black_Tern_0080_144130.jpg"
8291,"Black_Tern_0013_143892.jpg"
8292,"Black_Tern_0059_144159.jpg"
8293,"Black_Tern_0056_143906.jpg"
8294,"Black_Tern_0020_144163.jpg"
8295,"Black_Tern_0019_144680.jpg"
8296,"Black_Tern_0096_143917.jpg"
8297,"Black_Tern_0089_144174.jpg"
8298,"Black_Tern_0014_143939.jpg"
8299,"Black_Tern_0029_144140.jpg"
8300,"Black_Tern_0094_144466.jpg"
8301,"Black_Tern_0103_143956.jpg"
8302,"Black_Tern_0061_143959.jpg"
8303,"Black_Tern_0063_144731.jpg"
8304,"Black_Tern_0008_143965.jpg"
8305,"Black_Tern_0046_144229.jpg"
8306,"Black_Tern_0015_143979.jpg"
8307,"Black_Tern_0058_143981.jpg"
8308,"Black_Tern_0023_143985.jpg"
8309,"Black_Tern_0099_144242.jpg"
8310,"Black_Tern_0064_143990.jpg"
8311,"Black_Tern_0025_144503.jpg"
8312,"Black_Tern_0079_143998.jpg"
8313,"Black_Tern_0107_144661.jpg"
8314,"Black_Tern_0050_144000.jpg"
8315,"Black_Tern_0048_144001.jpg"
8316,"Black_Tern_0044_144021.jpg"
8317,"Black_Tern_0032_144029.jpg"
8318,"Black_Tern_0070_144292.jpg"
8319,"Black_Tern_0104_144038.jpg"
8320,"Black_Tern_0024_144039.jpg"
8321,"Black_Tern_0009_144046.jpg"
8322,"Black_Tern_0066_144541.jpg"
8323,"Black_Tern_0069_144359.jpg"
8324,"Black_Tern_0082_144372.jpg"
8325,"Black_Tern_0091_144063.jpg"
8326,"Black_Tern_0033_144328.jpg"
8327,"Black_Tern_0065_144076.jpg"
8328,"Black_Tern_0101_144331.jpg"
8329,"Black_Tern_0083_144083.jpg"
8330,"Black_Tern_0073_144638.jpg"
8331,"Black_Tern_0100_144597.jpg"
8332,"Black_Tern_0102_144344.jpg"
8333,"Black_Tern_0098_144089.jpg"
8334,"Black_Tern_0012_144091.jpg"
8335,"Black_Tern_0055_144607.jpg"
8336,"Black_Tern_0038_144102.jpg"
8337,"Black_Tern_0041_144103.jpg"
8338,"Black_Tern_0034_144106.jpg"
8339,"Black_Tern_0037_144110.jpg"
8340,"Black_Tern_0077_144117.jpg"
8341,"Black_Tern_0097_144724.jpg"
8342,"Black_Tern_0105_144380.jpg"
8343,"Black_Tern_0010_144341.jpg"
8344,"Caspian_Tern_0015_145664.jpg"
8345,"Caspian_Tern_0024_146033.jpg"
8346,"Caspian_Tern_0097_145923.jpg"
8347,"Caspian_Tern_0115_145927.jpg"
8348,"Caspian_Tern_0102_145928.jpg"
8349,"Caspian_Tern_0005_145929.jpg"
8350,"Caspian_Tern_0051_145930.jpg"
8351,"Caspian_Tern_0069_145931.jpg"
8352,"Caspian_Tern_0079_145777.jpg"
8353,"Caspian_Tern_0099_145939.jpg"
8354,"Caspian_Tern_0117_146009.jpg"
8355,"Caspian_Tern_0109_145948.jpg"
8356,"Caspian_Tern_0010_145667.jpg"
8357,"Caspian_Tern_0074_145964.jpg"
8358,"Caspian_Tern_0105_145673.jpg"
8359,"Caspian_Tern_0062_145981.jpg"
8360,"Caspian_Tern_0041_144964.jpg"
8361,"Caspian_Tern_0101_145164.jpg"
8362,"Caspian_Tern_0111_145995.jpg"
8363,"Caspian_Tern_0066_147680.jpg"
8364,"Caspian_Tern_0119_145492.jpg"
8365,"Caspian_Tern_0060_146007.jpg"
8366,"Caspian_Tern_0070_147545.jpg"
8367,"Caspian_Tern_0018_146010.jpg"
8368,"Caspian_Tern_0049_145755.jpg"
8369,"Caspian_Tern_0055_146014.jpg"
8370,"Caspian_Tern_0123_145774.jpg"
8371,"Caspian_Tern_0096_145009.jpg"
8372,"Caspian_Tern_0108_145278.jpg"
8373,"Caspian_Tern_0029_147589.jpg"
8374,"Caspian_Tern_0011_146058.jpg"
8375,"Caspian_Tern_0113_146828.jpg"
8376,"Caspian_Tern_0013_145553.jpg"
8377,"Caspian_Tern_0045_145554.jpg"
8378,"Caspian_Tern_0078_146824.jpg"
8379,"Caspian_Tern_0009_145057.jpg"
8380,"Caspian_Tern_0063_146082.jpg"
8381,"Caspian_Tern_0059_145582.jpg"
8382,"Caspian_Tern_0012_147632.jpg"
8383,"Caspian_Tern_0068_146615.jpg"
8384,"Caspian_Tern_0006_145594.jpg"
8385,"Caspian_Tern_0034_147643.jpg"
8386,"Caspian_Tern_0106_147645.jpg"
8387,"Caspian_Tern_0048_145672.jpg"
8388,"Caspian_Tern_0016_145314.jpg"
8389,"Caspian_Tern_0022_144922.jpg"
8390,"Caspian_Tern_0116_145607.jpg"
8391,"Caspian_Tern_0075_147650.jpg"
8392,"Caspian_Tern_0114_145612.jpg"
8393,"Caspian_Tern_0067_145107.jpg"
8394,"Caspian_Tern_0046_145627.jpg"
8395,"Caspian_Tern_0058_145886.jpg"
8396,"Caspian_Tern_0054_145890.jpg"
8397,"Caspian_Tern_0026_145125.jpg"
8398,"Caspian_Tern_0107_145639.jpg"
8399,"Caspian_Tern_0014_145640.jpg"
8400,"Caspian_Tern_0027_145899.jpg"
8401,"Caspian_Tern_0120_145650.jpg"
8402,"Caspian_Tern_0072_147667.jpg"
8403,"Caspian_Tern_0023_147194.jpg"
8404,"Common_Tern_0040_147973.jpg"
8405,"Common_Tern_0019_149769.jpg"
8406,"Common_Tern_0084_147980.jpg"
8407,"Common_Tern_0025_147728.jpg"
8408,"Common_Tern_0125_148767.jpg"
8409,"Common_Tern_0067_149540.jpg"
8410,"Common_Tern_0100_149541.jpg"
8411,"Common_Tern_0043_147753.jpg"
8412,"Common_Tern_0075_148528.jpg"
8413,"Common_Tern_0098_148785.jpg"
8414,"Common_Tern_0045_150067.jpg"
8415,"Common_Tern_0054_148028.jpg"
8416,"Common_Tern_0029_148035.jpg"
8417,"Common_Tern_0056_148549.jpg"
8418,"Common_Tern_0063_147789.jpg"
8419,"Common_Tern_0030_147825.jpg"
8420,"Common_Tern_0037_148048.jpg"
8421,"Common_Tern_0105_149841.jpg"
8422,"Common_Tern_0094_148309.jpg"
8423,"Common_Tern_0088_147941.jpg"
8424,"Common_Tern_0027_150113.jpg"
8425,"Common_Tern_0028_150117.jpg"
8426,"Common_Tern_0009_149609.jpg"
8427,"Common_Tern_0079_148844.jpg"
8428,"Common_Tern_0087_147945.jpg"
8429,"Common_Tern_0070_150292.jpg"
8430,"Common_Tern_0083_148096.jpg"
8431,"Common_Tern_0062_147947.jpg"
8432,"Common_Tern_0097_148874.jpg"
8433,"Common_Tern_0092_147779.jpg"
8434,"Common_Tern_0055_149486.jpg"
8435,"Common_Tern_0064_148761.jpg"
8436,"Common_Tern_0071_148796.jpg"
8437,"Common_Tern_0049_149159.jpg"
8438,"Common_Tern_0108_149672.jpg"
8439,"Common_Tern_0078_149161.jpg"
8440,"Common_Tern_0106_149345.jpg"
8441,"Common_Tern_0095_149960.jpg"
8442,"Common_Tern_0042_147897.jpg"
8443,"Common_Tern_0120_148670.jpg"
8444,"Common_Tern_0050_148928.jpg"
8445,"Common_Tern_0033_148675.jpg"
8446,"Common_Tern_0051_150469.jpg"
8447,"Common_Tern_0044_148680.jpg"
8448,"Common_Tern_0047_149195.jpg"
8449,"Common_Tern_0077_149196.jpg"
8450,"Common_Tern_0117_148944.jpg"
8451,"Common_Tern_0004_148977.jpg"
8452,"Common_Tern_0001_149721.jpg"
8453,"Common_Tern_0085_147937.jpg"
8454,"Common_Tern_0103_149733.jpg"
8455,"Common_Tern_0014_149194.jpg"
8456,"Common_Tern_0118_148201.jpg"
8457,"Common_Tern_0115_149482.jpg"
8458,"Common_Tern_0076_148391.jpg"
8459,"Common_Tern_0081_149228.jpg"
8460,"Common_Tern_0113_147949.jpg"
8461,"Common_Tern_0057_149749.jpg"
8462,"Common_Tern_0053_148472.jpg"
8463,"Common_Tern_0012_148477.jpg"
8464,"Elegant_Tern_0093_150534.jpg"
8465,"Elegant_Tern_0080_150538.jpg"
8466,"Elegant_Tern_0032_150488.jpg"
8467,"Elegant_Tern_0077_150548.jpg"
8468,"Elegant_Tern_0030_151067.jpg"
8469,"Elegant_Tern_0096_151068.jpg"
8470,"Elegant_Tern_0034_45914.jpg"
8471,"Elegant_Tern_0064_150822.jpg"
8472,"Elegant_Tern_0083_150829.jpg"
8473,"Elegant_Tern_0088_151089.jpg"
8474,"Elegant_Tern_0085_151091.jpg"
8475,"Elegant_Tern_0060_150837.jpg"
8476,"Elegant_Tern_0024_150852.jpg"
8477,"Elegant_Tern_0058_150853.jpg"
8478,"Elegant_Tern_0089_150854.jpg"
8479,"Elegant_Tern_0066_150864.jpg"
8480,"Elegant_Tern_0026_150869.jpg"
8481,"Elegant_Tern_0106_150872.jpg"
8482,"Elegant_Tern_0063_150873.jpg"
8483,"Elegant_Tern_0070_147548.jpg"
8484,"Elegant_Tern_0047_150626.jpg"
8485,"Elegant_Tern_0090_45924.jpg"
8486,"Elegant_Tern_0046_150905.jpg"
8487,"Elegant_Tern_0023_150654.jpg"
8488,"Elegant_Tern_0072_150911.jpg"
8489,"Elegant_Tern_0053_150507.jpg"
8490,"Elegant_Tern_0084_150922.jpg"
8491,"Elegant_Tern_0073_150925.jpg"
8492,"Elegant_Tern_0067_151185.jpg"
8493,"Elegant_Tern_0042_150851.jpg"
8494,"Elegant_Tern_0008_145044.jpg"
8495,"Elegant_Tern_0099_150682.jpg"
8496,"Elegant_Tern_0078_151196.jpg"
8497,"Elegant_Tern_0033_150687.jpg"
8498,"Elegant_Tern_0004_150948.jpg"
8499,"Elegant_Tern_0048_150693.jpg"
8500,"Elegant_Tern_0052_150695.jpg"
8501,"Elegant_Tern_0079_150953.jpg"
8502,"Elegant_Tern_0009_150954.jpg"
8503,"Elegant_Tern_0107_150960.jpg"
8504,"Elegant_Tern_0006_150963.jpg"
8505,"Elegant_Tern_0005_150708.jpg"
8506,"Elegant_Tern_0101_150715.jpg"
8507,"Elegant_Tern_0036_150972.jpg"
8508,"Elegant_Tern_0039_150944.jpg"
8509,"Elegant_Tern_0044_150946.jpg"
8510,"Elegant_Tern_0050_150521.jpg"
8511,"Elegant_Tern_0035_150744.jpg"
8512,"Elegant_Tern_0103_150493.jpg"
8513,"Elegant_Tern_0029_150494.jpg"
8514,"Elegant_Tern_0045_150752.jpg"
8515,"Elegant_Tern_0061_150524.jpg"
8516,"Elegant_Tern_0028_151019.jpg"
8517,"Elegant_Tern_0065_151021.jpg"
8518,"Elegant_Tern_0098_151028.jpg"
8519,"Elegant_Tern_0082_150517.jpg"
8520,"Elegant_Tern_0076_150519.jpg"
8521,"Elegant_Tern_0014_150523.jpg"
8522,"Elegant_Tern_0074_151036.jpg"
8523,"Elegant_Tern_0068_150526.jpg"
8524,"Forsters_Tern_0012_151558.jpg"
8525,"Forsters_Tern_0098_151258.jpg"
8526,"Forsters_Tern_0118_151564.jpg"
8527,"Forsters_Tern_0068_152078.jpg"
8528,"Forsters_Tern_0057_151570.jpg"
8529,"Forsters_Tern_0109_152094.jpg"
8530,"Forsters_Tern_0076_151330.jpg"
8531,"Forsters_Tern_0043_151332.jpg"
8532,"Forsters_Tern_0070_152107.jpg"
8533,"Forsters_Tern_0007_152110.jpg"
8534,"Forsters_Tern_0089_152372.jpg"
8535,"Forsters_Tern_0092_152119.jpg"
8536,"Forsters_Tern_0002_151622.jpg"
8537,"Forsters_Tern_0071_152142.jpg"
8538,"Forsters_Tern_0049_151631.jpg"
8539,"Forsters_Tern_0041_149586.jpg"
8540,"Forsters_Tern_0088_151893.jpg"
8541,"Forsters_Tern_0091_151895.jpg"
8542,"Forsters_Tern_0032_151384.jpg"
8543,"Forsters_Tern_0121_151385.jpg"
8544,"Forsters_Tern_0104_152666.jpg"
8545,"Forsters_Tern_0034_152667.jpg"
8546,"Forsters_Tern_0042_151644.jpg"
8547,"Forsters_Tern_0021_144734.jpg"
8548,"Forsters_Tern_0125_151399.jpg"
8549,"Forsters_Tern_0001_152174.jpg"
8550,"Forsters_Tern_0053_152175.jpg"
8551,"Forsters_Tern_0017_152696.jpg"
8552,"Forsters_Tern_0082_151937.jpg"
8553,"Forsters_Tern_0119_152709.jpg"
8554,"Forsters_Tern_0116_151688.jpg"
8555,"Forsters_Tern_0065_152206.jpg"
8556,"Forsters_Tern_0016_152463.jpg"
8557,"Forsters_Tern_0127_150418.jpg"
8558,"Forsters_Tern_0064_152047.jpg"
8559,"Forsters_Tern_0027_151456.jpg"
8560,"Forsters_Tern_0086_152738.jpg"
8561,"Forsters_Tern_0097_151731.jpg"
8562,"Forsters_Tern_0066_151478.jpg"
8563,"Forsters_Tern_0087_151226.jpg"
8564,"Forsters_Tern_0045_151227.jpg"
8565,"Forsters_Tern_0029_151228.jpg"
8566,"Forsters_Tern_0069_151229.jpg"
8567,"Forsters_Tern_0077_152255.jpg"
8568,"Forsters_Tern_0114_152768.jpg"
8569,"Forsters_Tern_0075_152258.jpg"
8570,"Forsters_Tern_0080_152521.jpg"
8571,"Forsters_Tern_0010_151243.jpg"
8572,"Forsters_Tern_0035_151757.jpg"
8573,"Forsters_Tern_0126_151257.jpg"
8574,"Forsters_Tern_0100_151774.jpg"
8575,"Forsters_Tern_0003_151547.jpg"
8576,"Forsters_Tern_0062_151780.jpg"
8577,"Forsters_Tern_0059_151269.jpg"
8578,"Forsters_Tern_0099_152529.jpg"
8579,"Forsters_Tern_0123_151789.jpg"
8580,"Forsters_Tern_0095_152067.jpg"
8581,"Forsters_Tern_0083_151282.jpg"
8582,"Forsters_Tern_0004_152358.jpg"
8583,"Forsters_Tern_0060_152190.jpg"
8584,"Least_Tern_0109_154127.jpg"
8585,"Least_Tern_0016_153560.jpg"
8586,"Least_Tern_0127_154141.jpg"
8587,"Least_Tern_0067_154145.jpg"
8588,"Least_Tern_0095_154680.jpg"
8589,"Least_Tern_0036_153658.jpg"
8590,"Least_Tern_0007_153661.jpg"
8591,"Least_Tern_0025_153678.jpg"
8592,"Least_Tern_0075_153691.jpg"
8593,"Least_Tern_0026_153702.jpg"
8594,"Least_Tern_0116_153715.jpg"
8595,"Least_Tern_0011_153722.jpg"
8596,"Least_Tern_0128_153732.jpg"
8597,"Least_Tern_0068_153738.jpg"
8598,"Least_Tern_0088_152941.jpg"
8599,"Least_Tern_0059_153746.jpg"
8600,"Least_Tern_0058_153747.jpg"
8601,"Least_Tern_0014_153757.jpg"
8602,"Least_Tern_0062_153259.jpg"
8603,"Least_Tern_0060_153190.jpg"
8604,"Least_Tern_0028_153781.jpg"
8605,"Least_Tern_0033_153796.jpg"
8606,"Least_Tern_0042_153809.jpg"
8607,"Least_Tern_0133_153816.jpg"
8608,"Least_Tern_0098_153820.jpg"
8609,"Least_Tern_0037_153637.jpg"
8610,"Least_Tern_0008_153313.jpg"
8611,"Least_Tern_0024_153317.jpg"
8612,"Least_Tern_0114_153840.jpg"
8613,"Least_Tern_0096_153868.jpg"
8614,"Least_Tern_0012_153871.jpg"
8615,"Least_Tern_0092_153361.jpg"
8616,"Least_Tern_0082_154396.jpg"
8617,"Least_Tern_0111_153308.jpg"
8618,"Least_Tern_0132_154149.jpg"
8619,"Least_Tern_0113_153415.jpg"
8620,"Least_Tern_0089_152912.jpg"
8621,"Least_Tern_0119_153950.jpg"
8622,"Least_Tern_0035_152932.jpg"
8623,"Least_Tern_0129_153449.jpg"
8624,"Least_Tern_0034_153963.jpg"
8625,"Least_Tern_0056_153965.jpg"
8626,"Least_Tern_0020_153458.jpg"
8627,"Least_Tern_0100_153461.jpg"
8628,"Least_Tern_0104_152950.jpg"
8629,"Least_Tern_0021_153979.jpg"
8630,"Least_Tern_0041_153470.jpg"
8631,"Least_Tern_0131_153983.jpg"
8632,"Least_Tern_0006_153921.jpg"
8633,"Least_Tern_0125_153996.jpg"
8634,"Least_Tern_0107_154015.jpg"
8635,"Least_Tern_0052_154021.jpg"
8636,"Least_Tern_0046_153006.jpg"
8637,"Least_Tern_0122_153012.jpg"
8638,"Least_Tern_0048_153550.jpg"
8639,"Least_Tern_0040_153039.jpg"
8640,"Least_Tern_0029_154064.jpg"
8641,"Least_Tern_0050_153254.jpg"
8642,"Least_Tern_0112_153074.jpg"
8643,"Least_Tern_0038_153087.jpg"
8644,"Green_Tailed_Towhee_0109_797440.jpg"
8645,"Green_Tailed_Towhee_0061_154880.jpg"
8646,"Green_Tailed_Towhee_0099_154882.jpg"
8647,"Green_Tailed_Towhee_0077_797443.jpg"
8648,"Green_Tailed_Towhee_0069_797441.jpg"
8649,"Green_Tailed_Towhee_0035_154888.jpg"
8650,"Green_Tailed_Towhee_0022_154892.jpg"
8651,"Green_Tailed_Towhee_0050_154898.jpg"
8652,"Green_Tailed_Towhee_0101_154907.jpg"
8653,"Green_Tailed_Towhee_0074_154915.jpg"
8654,"Green_Tailed_Towhee_0021_797404.jpg"
8655,"Green_Tailed_Towhee_0044_154934.jpg"
8656,"Green_Tailed_Towhee_0054_154938.jpg"
8657,"Green_Tailed_Towhee_0096_154945.jpg"
8658,"Green_Tailed_Towhee_0072_154946.jpg"
8659,"Green_Tailed_Towhee_0004_154951.jpg"
8660,"Green_Tailed_Towhee_0100_154966.jpg"
8661,"Green_Tailed_Towhee_0046_154967.jpg"
8662,"Green_Tailed_Towhee_0024_154855.jpg"
8663,"Green_Tailed_Towhee_0076_154999.jpg"
8664,"Green_Tailed_Towhee_0079_154764.jpg"
8665,"Green_Tailed_Towhee_0051_154768.jpg"
8666,"Green_Tailed_Towhee_0064_154771.jpg"
8667,"Green_Tailed_Towhee_0047_154776.jpg"
8668,"Green_Tailed_Towhee_0068_154783.jpg"
8669,"Green_Tailed_Towhee_0005_154784.jpg"
8670,"Green_Tailed_Towhee_0042_154801.jpg"
8671,"Green_Tailed_Towhee_0039_154802.jpg"
8672,"Green_Tailed_Towhee_0053_154921.jpg"
8673,"Green_Tailed_Towhee_0060_154820.jpg"
8674,"Green_Tailed_Towhee_0043_797430.jpg"
8675,"Green_Tailed_Towhee_0085_154822.jpg"
8676,"Green_Tailed_Towhee_0027_154823.jpg"
8677,"Green_Tailed_Towhee_0018_154825.jpg"
8678,"Green_Tailed_Towhee_0082_797395.jpg"
8679,"Green_Tailed_Towhee_0094_797396.jpg"
8680,"Green_Tailed_Towhee_0092_797397.jpg"
8681,"Green_Tailed_Towhee_0058_797399.jpg"
8682,"Green_Tailed_Towhee_0017_797400.jpg"
8683,"Green_Tailed_Towhee_0025_797401.jpg"
8684,"Green_Tailed_Towhee_0104_797403.jpg"
8685,"Green_Tailed_Towhee_0070_154844.jpg"
8686,"Green_Tailed_Towhee_0037_797405.jpg"
8687,"Green_Tailed_Towhee_0011_797410.jpg"
8688,"Green_Tailed_Towhee_0012_797435.jpg"
8689,"Green_Tailed_Towhee_0001_797412.jpg"
8690,"Green_Tailed_Towhee_0003_797414.jpg"
8691,"Green_Tailed_Towhee_0014_797415.jpg"
8692,"Green_Tailed_Towhee_0030_797417.jpg"
8693,"Green_Tailed_Towhee_0102_797420.jpg"
8694,"Green_Tailed_Towhee_0062_797424.jpg"
8695,"Green_Tailed_Towhee_0015_797425.jpg"
8696,"Green_Tailed_Towhee_0067_797426.jpg"
8697,"Green_Tailed_Towhee_0110_154868.jpg"
8698,"Green_Tailed_Towhee_0071_154870.jpg"
8699,"Green_Tailed_Towhee_0010_797431.jpg"
8700,"Green_Tailed_Towhee_0090_797434.jpg"
8701,"Green_Tailed_Towhee_0036_154875.jpg"
8702,"Green_Tailed_Towhee_0105_797438.jpg"
8703,"Green_Tailed_Towhee_0066_797439.jpg"
8704,"Brown_Thrasher_0034_155139.jpg"
8705,"Brown_Thrasher_0061_155140.jpg"
8706,"Brown_Thrasher_0054_155145.jpg"
8707,"Brown_Thrasher_0069_155151.jpg"
8708,"Brown_Thrasher_0030_155152.jpg"
8709,"Brown_Thrasher_0046_155154.jpg"
8710,"Brown_Thrasher_0033_155156.jpg"
8711,"Brown_Thrasher_0021_155160.jpg"
8712,"Brown_Thrasher_0057_155164.jpg"
8713,"Brown_Thrasher_0015_155165.jpg"
8714,"Brown_Thrasher_0119_155170.jpg"
8715,"Brown_Thrasher_0005_155176.jpg"
8716,"Brown_Thrasher_0045_155182.jpg"
8717,"Brown_Thrasher_0112_155183.jpg"
8718,"Brown_Thrasher_0105_155187.jpg"
8719,"Brown_Thrasher_0084_155189.jpg"
8720,"Brown_Thrasher_0127_155193.jpg"
8721,"Brown_Thrasher_0126_155199.jpg"
8722,"Brown_Thrasher_0080_155200.jpg"
8723,"Brown_Thrasher_0042_155213.jpg"
8724,"Brown_Thrasher_0019_155216.jpg"
8725,"Brown_Thrasher_0009_155221.jpg"
8726,"Brown_Thrasher_0020_155223.jpg"
8727,"Brown_Thrasher_0065_155229.jpg"
8728,"Brown_Thrasher_0010_155231.jpg"
8729,"Brown_Thrasher_0038_155246.jpg"
8730,"Brown_Thrasher_0052_155254.jpg"
8731,"Brown_Thrasher_0081_155256.jpg"
8732,"Brown_Thrasher_0093_155309.jpg"
8733,"Brown_Thrasher_0121_155320.jpg"
8734,"Brown_Thrasher_0013_155329.jpg"
8735,"Brown_Thrasher_0132_155337.jpg"
8736,"Brown_Thrasher_0074_155339.jpg"
8737,"Brown_Thrasher_0070_155343.jpg"
8738,"Brown_Thrasher_0051_155344.jpg"
8739,"Brown_Thrasher_0130_155350.jpg"
8740,"Brown_Thrasher_0024_155363.jpg"
8741,"Brown_Thrasher_0135_155366.jpg"
8742,"Brown_Thrasher_0011_155370.jpg"
8743,"Brown_Thrasher_0073_155376.jpg"
8744,"Brown_Thrasher_0001_155380.jpg"
8745,"Brown_Thrasher_0079_155394.jpg"
8746,"Brown_Thrasher_0072_155406.jpg"
8747,"Brown_Thrasher_0096_155412.jpg"
8748,"Brown_Thrasher_0092_155415.jpg"
8749,"Brown_Thrasher_0014_155421.jpg"
8750,"Brown_Thrasher_0026_155438.jpg"
8751,"Brown_Thrasher_0085_155445.jpg"
8752,"Brown_Thrasher_0056_155048.jpg"
8753,"Brown_Thrasher_0124_155052.jpg"
8754,"Brown_Thrasher_0095_155082.jpg"
8755,"Brown_Thrasher_0106_155083.jpg"
8756,"Brown_Thrasher_0006_155106.jpg"
8757,"Brown_Thrasher_0049_155110.jpg"
8758,"Brown_Thrasher_0113_155111.jpg"
8759,"Brown_Thrasher_0012_155121.jpg"
8760,"Brown_Thrasher_0063_155127.jpg"
8761,"Brown_Thrasher_0100_155129.jpg"
8762,"Brown_Thrasher_0120_155133.jpg"
8763,"Sage_Thrasher_0097_155564.jpg"
8764,"Sage_Thrasher_0025_155661.jpg"
8765,"Sage_Thrasher_0066_155666.jpg"
8766,"Sage_Thrasher_0040_155667.jpg"
8767,"Sage_Thrasher_0018_796443.jpg"
8768,"Sage_Thrasher_0036_796444.jpg"
8769,"Sage_Thrasher_0076_796445.jpg"
8770,"Sage_Thrasher_0095_796446.jpg"
8771,"Sage_Thrasher_0098_796448.jpg"
8772,"Sage_Thrasher_0039_796449.jpg"
8773,"Sage_Thrasher_0083_796450.jpg"
8774,"Sage_Thrasher_0031_796455.jpg"
8775,"Sage_Thrasher_0056_796457.jpg"
8776,"Sage_Thrasher_0029_796459.jpg"
8777,"Sage_Thrasher_0062_796462.jpg"
8778,"Sage_Thrasher_0024_796463.jpg"
8779,"Sage_Thrasher_0003_155479.jpg"
8780,"Sage_Thrasher_0022_155447.jpg"
8781,"Sage_Thrasher_0045_155448.jpg"
8782,"Sage_Thrasher_0096_155449.jpg"
8783,"Sage_Thrasher_0068_155452.jpg"
8784,"Sage_Thrasher_0002_155455.jpg"
8785,"Sage_Thrasher_0090_155713.jpg"
8786,"Sage_Thrasher_0079_155718.jpg"
8787,"Sage_Thrasher_0051_155464.jpg"
8788,"Sage_Thrasher_0055_155467.jpg"
8789,"Sage_Thrasher_0081_155724.jpg"
8790,"Sage_Thrasher_0060_155728.jpg"
8791,"Sage_Thrasher_0050_155475.jpg"
8792,"Sage_Thrasher_0070_155732.jpg"
8793,"Sage_Thrasher_0006_155478.jpg"
8794,"Sage_Thrasher_0092_155482.jpg"
8795,"Sage_Thrasher_0057_155488.jpg"
8796,"Sage_Thrasher_0084_155490.jpg"
8797,"Sage_Thrasher_0038_155498.jpg"
8798,"Sage_Thrasher_0093_155501.jpg"
8799,"Sage_Thrasher_0033_155511.jpg"
8800,"Sage_Thrasher_0075_155527.jpg"
8801,"Sage_Thrasher_0104_155529.jpg"
8802,"Sage_Thrasher_0064_155531.jpg"
8803,"Sage_Thrasher_0072_155539.jpg"
8804,"Sage_Thrasher_0014_155541.jpg"
8805,"Sage_Thrasher_0069_155544.jpg"
8806,"Sage_Thrasher_0021_155548.jpg"
8807,"Sage_Thrasher_0061_155462.jpg"
8808,"Sage_Thrasher_0085_155562.jpg"
8809,"Sage_Thrasher_0009_155463.jpg"
8810,"Sage_Thrasher_0019_107436.jpg"
8811,"Sage_Thrasher_0016_155566.jpg"
8812,"Sage_Thrasher_0005_155569.jpg"
8813,"Sage_Thrasher_0043_155574.jpg"
8814,"Sage_Thrasher_0103_155575.jpg"
8815,"Sage_Thrasher_0052_155605.jpg"
8816,"Sage_Thrasher_0077_155608.jpg"
8817,"Sage_Thrasher_0044_155610.jpg"
8818,"Sage_Thrasher_0073_155614.jpg"
8819,"Sage_Thrasher_0106_155618.jpg"
8820,"Sage_Thrasher_0071_155642.jpg"
8821,"Sage_Thrasher_0023_796458.jpg"
8822,"Sage_Thrasher_0026_155646.jpg"
8823,"Black_Capped_Vireo_0024_155905.jpg"
8824,"Black_Capped_Vireo_0044_155819.jpg"
8825,"Black_Capped_Vireo_0031_797446.jpg"
8826,"Black_Capped_Vireo_0034_797448.jpg"
8827,"Black_Capped_Vireo_0048_797449.jpg"
8828,"Black_Capped_Vireo_0015_797450.jpg"
8829,"Black_Capped_Vireo_0039_797451.jpg"
8830,"Black_Capped_Vireo_0041_797452.jpg"
8831,"Black_Capped_Vireo_0005_797453.jpg"
8832,"Black_Capped_Vireo_0008_797454.jpg"
8833,"Black_Capped_Vireo_0027_797455.jpg"
8834,"Black_Capped_Vireo_0051_797456.jpg"
8835,"Black_Capped_Vireo_0043_797458.jpg"
8836,"Black_Capped_Vireo_0022_797459.jpg"
8837,"Black_Capped_Vireo_0020_797461.jpg"
8838,"Black_Capped_Vireo_0014_797462.jpg"
8839,"Black_Capped_Vireo_0028_155799.jpg"
8840,"Black_Capped_Vireo_0045_797464.jpg"
8841,"Black_Capped_Vireo_0038_797465.jpg"
8842,"Black_Capped_Vireo_0002_797466.jpg"
8843,"Black_Capped_Vireo_0003_797467.jpg"
8844,"Black_Capped_Vireo_0049_797468.jpg"
8845,"Black_Capped_Vireo_0029_797469.jpg"
8846,"Black_Capped_Vireo_0032_797470.jpg"
8847,"Black_Capped_Vireo_0035_797471.jpg"
8848,"Black_Capped_Vireo_0012_797473.jpg"
8849,"Black_Capped_Vireo_0033_797474.jpg"
8850,"Black_Capped_Vireo_0036_797475.jpg"
8851,"Black_Capped_Vireo_0004_797476.jpg"
8852,"Black_Capped_Vireo_0053_797478.jpg"
8853,"Black_Capped_Vireo_0013_155815.jpg"
8854,"Black_Capped_Vireo_0021_797480.jpg"
8855,"Black_Capped_Vireo_0007_797481.jpg"
8856,"Black_Capped_Vireo_0042_797483.jpg"
8857,"Black_Capped_Vireo_0023_797486.jpg"
8858,"Black_Capped_Vireo_0052_797487.jpg"
8859,"Black_Capped_Vireo_0011_797488.jpg"
8860,"Black_Capped_Vireo_0016_797489.jpg"
8861,"Black_Capped_Vireo_0006_797491.jpg"
8862,"Black_Capped_Vireo_0017_797492.jpg"
8863,"Black_Capped_Vireo_0009_797493.jpg"
8864,"Black_Capped_Vireo_0046_797494.jpg"
8865,"Black_Capped_Vireo_0037_797495.jpg"
8866,"Black_Capped_Vireo_0010_155832.jpg"
8867,"Black_Capped_Vireo_0050_155836.jpg"
8868,"Black_Capped_Vireo_0030_155861.jpg"
8869,"Black_Capped_Vireo_0040_797463.jpg"
8870,"Black_Capped_Vireo_0018_155868.jpg"
8871,"Black_Capped_Vireo_0047_155743.jpg"
8872,"Black_Capped_Vireo_0026_155745.jpg"
8873,"Black_Capped_Vireo_0019_797479.jpg"
8874,"Blue_Headed_Vireo_0088_156416.jpg"
8875,"Blue_Headed_Vireo_0060_156171.jpg"
8876,"Blue_Headed_Vireo_0012_156434.jpg"
8877,"Blue_Headed_Vireo_0075_156181.jpg"
8878,"Blue_Headed_Vireo_0025_156439.jpg"
8879,"Blue_Headed_Vireo_0022_156184.jpg"
8880,"Blue_Headed_Vireo_0123_156443.jpg"
8881,"Blue_Headed_Vireo_0020_155994.jpg"
8882,"Blue_Headed_Vireo_0091_155934.jpg"
8883,"Blue_Headed_Vireo_0118_156193.jpg"
8884,"Blue_Headed_Vireo_0112_156196.jpg"
8885,"Blue_Headed_Vireo_0054_156455.jpg"
8886,"Blue_Headed_Vireo_0101_156203.jpg"
8887,"Blue_Headed_Vireo_0087_156461.jpg"
8888,"Blue_Headed_Vireo_0008_155950.jpg"
8889,"Blue_Headed_Vireo_0110_155952.jpg"
8890,"Blue_Headed_Vireo_0076_156209.jpg"
8891,"Blue_Headed_Vireo_0037_155955.jpg"
8892,"Blue_Headed_Vireo_0028_156217.jpg"
8893,"Blue_Headed_Vireo_0082_155965.jpg"
8894,"Blue_Headed_Vireo_0068_156222.jpg"
8895,"Blue_Headed_Vireo_0105_156229.jpg"
8896,"Blue_Headed_Vireo_0121_156233.jpg"
8897,"Blue_Headed_Vireo_0032_156239.jpg"
8898,"Blue_Headed_Vireo_0002_156241.jpg"
8899,"Blue_Headed_Vireo_0072_155987.jpg"
8900,"Blue_Headed_Vireo_0086_156244.jpg"
8901,"Blue_Headed_Vireo_0026_156245.jpg"
8902,"Blue_Headed_Vireo_0055_156247.jpg"
8903,"Blue_Headed_Vireo_0034_156251.jpg"
8904,"Blue_Headed_Vireo_0117_156026.jpg"
8905,"Blue_Headed_Vireo_0027_155999.jpg"
8906,"Blue_Headed_Vireo_0111_156258.jpg"
8907,"Blue_Headed_Vireo_0119_156259.jpg"
8908,"Blue_Headed_Vireo_0065_156260.jpg"
8909,"Blue_Headed_Vireo_0058_156261.jpg"
8910,"Blue_Headed_Vireo_0005_156007.jpg"
8911,"Blue_Headed_Vireo_0095_156092.jpg"
8912,"Blue_Headed_Vireo_0097_156272.jpg"
8913,"Blue_Headed_Vireo_0122_156017.jpg"
8914,"Blue_Headed_Vireo_0011_156276.jpg"
8915,"Blue_Headed_Vireo_0096_155969.jpg"
8916,"Blue_Headed_Vireo_0019_156311.jpg"
8917,"Blue_Headed_Vireo_0031_156056.jpg"
8918,"Blue_Headed_Vireo_0089_156062.jpg"
8919,"Blue_Headed_Vireo_0017_156063.jpg"
8920,"Blue_Headed_Vireo_0113_156332.jpg"
8921,"Blue_Headed_Vireo_0044_156080.jpg"
8922,"Blue_Headed_Vireo_0049_156082.jpg"
8923,"Blue_Headed_Vireo_0079_156086.jpg"
8924,"Blue_Headed_Vireo_0010_156344.jpg"
8925,"Blue_Headed_Vireo_0098_156348.jpg"
8926,"Blue_Headed_Vireo_0115_156099.jpg"
8927,"Blue_Headed_Vireo_0009_155953.jpg"
8928,"Blue_Headed_Vireo_0062_156109.jpg"
8929,"Blue_Headed_Vireo_0023_156112.jpg"
8930,"Blue_Headed_Vireo_0107_156111.jpg"
8931,"Blue_Headed_Vireo_0103_156382.jpg"
8932,"Blue_Headed_Vireo_0116_156049.jpg"
8933,"Blue_Headed_Vireo_0039_156397.jpg"
8934,"Philadelphia_Vireo_0044_156548.jpg"
8935,"Philadelphia_Vireo_0002_156591.jpg"
8936,"Philadelphia_Vireo_0008_156551.jpg"
8937,"Philadelphia_Vireo_0060_156555.jpg"
8938,"Philadelphia_Vireo_0074_156492.jpg"
8939,"Philadelphia_Vireo_0056_156502.jpg"
8940,"Philadelphia_Vireo_0028_156510.jpg"
8941,"Philadelphia_Vireo_0047_156521.jpg"
8942,"Philadelphia_Vireo_0057_156525.jpg"
8943,"Philadelphia_Vireo_0042_156528.jpg"
8944,"Philadelphia_Vireo_0030_156533.jpg"
8945,"Philadelphia_Vireo_0050_156538.jpg"
8946,"Philadelphia_Vireo_0022_156546.jpg"
8947,"Philadelphia_Vireo_0049_794756.jpg"
8948,"Philadelphia_Vireo_0085_794757.jpg"
8949,"Philadelphia_Vireo_0070_794758.jpg"
8950,"Philadelphia_Vireo_0038_794759.jpg"
8951,"Philadelphia_Vireo_0029_794760.jpg"
8952,"Philadelphia_Vireo_0083_794761.jpg"
8953,"Philadelphia_Vireo_0001_156554.jpg"
8954,"Philadelphia_Vireo_0068_794763.jpg"
8955,"Philadelphia_Vireo_0040_794764.jpg"
8956,"Philadelphia_Vireo_0021_794765.jpg"
8957,"Philadelphia_Vireo_0034_794766.jpg"
8958,"Philadelphia_Vireo_0087_794767.jpg"
8959,"Philadelphia_Vireo_0010_794769.jpg"
8960,"Philadelphia_Vireo_0037_794770.jpg"
8961,"Philadelphia_Vireo_0013_794772.jpg"
8962,"Philadelphia_Vireo_0003_156565.jpg"
8963,"Philadelphia_Vireo_0052_794774.jpg"
8964,"Philadelphia_Vireo_0078_794776.jpg"
8965,"Philadelphia_Vireo_0062_794777.jpg"
8966,"Philadelphia_Vireo_0015_794778.jpg"
8967,"Philadelphia_Vireo_0063_794781.jpg"
8968,"Philadelphia_Vireo_0082_156574.jpg"
8969,"Philadelphia_Vireo_0055_156575.jpg"
8970,"Philadelphia_Vireo_0012_794785.jpg"
8971,"Philadelphia_Vireo_0084_794790.jpg"
8972,"Philadelphia_Vireo_0043_794792.jpg"
8973,"Philadelphia_Vireo_0027_156585.jpg"
8974,"Philadelphia_Vireo_0039_794794.jpg"
8975,"Philadelphia_Vireo_0071_794796.jpg"
8976,"Philadelphia_Vireo_0023_794797.jpg"
8977,"Philadelphia_Vireo_0046_794798.jpg"
8978,"Philadelphia_Vireo_0059_794799.jpg"
8979,"Philadelphia_Vireo_0035_156596.jpg"
8980,"Philadelphia_Vireo_0016_156598.jpg"
8981,"Philadelphia_Vireo_0005_156599.jpg"
8982,"Philadelphia_Vireo_0045_156608.jpg"
8983,"Philadelphia_Vireo_0061_156613.jpg"
8984,"Philadelphia_Vireo_0058_156558.jpg"
8985,"Philadelphia_Vireo_0007_156617.jpg"
8986,"Philadelphia_Vireo_0031_156632.jpg"
8987,"Philadelphia_Vireo_0019_156640.jpg"
8988,"Philadelphia_Vireo_0041_156642.jpg"
8989,"Philadelphia_Vireo_0024_156645.jpg"
8990,"Philadelphia_Vireo_0072_156655.jpg"
8991,"Philadelphia_Vireo_0067_156584.jpg"
8992,"Philadelphia_Vireo_0020_156663.jpg"
8993,"Red_Eyed_Vireo_0052_157185.jpg"
8994,"Red_Eyed_Vireo_0132_156686.jpg"
8995,"Red_Eyed_Vireo_0061_157202.jpg"
8996,"Red_Eyed_Vireo_0141_157205.jpg"
8997,"Red_Eyed_Vireo_0034_157219.jpg"
8998,"Red_Eyed_Vireo_0044_156708.jpg"
8999,"Red_Eyed_Vireo_0004_157224.jpg"
9000,"Red_Eyed_Vireo_0003_157226.jpg"
9001,"Red_Eyed_Vireo_0036_156727.jpg"
9002,"Red_Eyed_Vireo_0112_156742.jpg"
9003,"Red_Eyed_Vireo_0026_156751.jpg"
9004,"Red_Eyed_Vireo_0046_157265.jpg"
9005,"Red_Eyed_Vireo_0131_156765.jpg"
9006,"Red_Eyed_Vireo_0029_156777.jpg"
9007,"Red_Eyed_Vireo_0123_156780.jpg"
9008,"Red_Eyed_Vireo_0129_156781.jpg"
9009,"Red_Eyed_Vireo_0049_156785.jpg"
9010,"Red_Eyed_Vireo_0138_156798.jpg"
9011,"Red_Eyed_Vireo_0023_156800.jpg"
9012,"Red_Eyed_Vireo_0062_157324.jpg"
9013,"Red_Eyed_Vireo_0020_156875.jpg"
9014,"Red_Eyed_Vireo_0053_156885.jpg"
9015,"Red_Eyed_Vireo_0032_156897.jpg"
9016,"Red_Eyed_Vireo_0134_156919.jpg"
9017,"Red_Eyed_Vireo_0019_156921.jpg"
9018,"Red_Eyed_Vireo_0084_156943.jpg"
9019,"Red_Eyed_Vireo_0073_156944.jpg"
9020,"Red_Eyed_Vireo_0041_156954.jpg"
9021,"Red_Eyed_Vireo_0038_156963.jpg"
9022,"Red_Eyed_Vireo_0058_156965.jpg"
9023,"Red_Eyed_Vireo_0071_156967.jpg"
9024,"Red_Eyed_Vireo_0056_156968.jpg"
9025,"Red_Eyed_Vireo_0016_156971.jpg"
9026,"Red_Eyed_Vireo_0059_156974.jpg"
9027,"Red_Eyed_Vireo_0002_156470.jpg"
9028,"Red_Eyed_Vireo_0030_156987.jpg"
9029,"Red_Eyed_Vireo_0101_156988.jpg"
9030,"Red_Eyed_Vireo_0140_157237.jpg"
9031,"Red_Eyed_Vireo_0115_157004.jpg"
9032,"Red_Eyed_Vireo_0077_157005.jpg"
9033,"Red_Eyed_Vireo_0096_157013.jpg"
9034,"Red_Eyed_Vireo_0065_157019.jpg"
9035,"Red_Eyed_Vireo_0006_157025.jpg"
9036,"Red_Eyed_Vireo_0111_157030.jpg"
9037,"Red_Eyed_Vireo_0086_157038.jpg"
9038,"Red_Eyed_Vireo_0014_157062.jpg"
9039,"Red_Eyed_Vireo_0083_157063.jpg"
9040,"Red_Eyed_Vireo_0045_157252.jpg"
9041,"Red_Eyed_Vireo_0095_157082.jpg"
9042,"Red_Eyed_Vireo_0055_157096.jpg"
9043,"Red_Eyed_Vireo_0106_157102.jpg"
9044,"Red_Eyed_Vireo_0075_158151.jpg"
9045,"Red_Eyed_Vireo_0054_157158.jpg"
9046,"Red_Eyed_Vireo_0133_156668.jpg"
9047,"Red_Eyed_Vireo_0043_157162.jpg"
9048,"Red_Eyed_Vireo_0074_157170.jpg"
9049,"Red_Eyed_Vireo_0025_157173.jpg"
9050,"Red_Eyed_Vireo_0079_158198.jpg"
9051,"Red_Eyed_Vireo_0109_157176.jpg"
9052,"Red_Eyed_Vireo_0126_157179.jpg"
9053,"Warbling_Vireo_0009_158721.jpg"
9054,"Warbling_Vireo_0105_158727.jpg"
9055,"Warbling_Vireo_0116_158740.jpg"
9056,"Warbling_Vireo_0047_158250.jpg"
9057,"Warbling_Vireo_0036_158268.jpg"
9058,"Warbling_Vireo_0017_158271.jpg"
9059,"Warbling_Vireo_0079_158791.jpg"
9060,"Warbling_Vireo_0067_158283.jpg"
9061,"Warbling_Vireo_0083_158284.jpg"
9062,"Warbling_Vireo_0118_158285.jpg"
9063,"Warbling_Vireo_0104_158800.jpg"
9064,"Warbling_Vireo_0018_158304.jpg"
9065,"Warbling_Vireo_0119_158819.jpg"
9066,"Warbling_Vireo_0019_158313.jpg"
9067,"Warbling_Vireo_0073_158315.jpg"
9068,"Warbling_Vireo_0002_158319.jpg"
9069,"Warbling_Vireo_0054_158321.jpg"
9070,"Warbling_Vireo_0056_21117.jpg"
9071,"Warbling_Vireo_0081_158344.jpg"
9072,"Warbling_Vireo_0099_158744.jpg"
9073,"Warbling_Vireo_0087_158355.jpg"
9074,"Warbling_Vireo_0004_158376.jpg"
9075,"Warbling_Vireo_0001_158397.jpg"
9076,"Warbling_Vireo_0045_158399.jpg"
9077,"Warbling_Vireo_0090_158403.jpg"
9078,"Warbling_Vireo_0014_158412.jpg"
9079,"Warbling_Vireo_0091_158419.jpg"
9080,"Warbling_Vireo_0132_158420.jpg"
9081,"Warbling_Vireo_0072_158422.jpg"
9082,"Warbling_Vireo_0111_158423.jpg"
9083,"Warbling_Vireo_0077_158427.jpg"
9084,"Warbling_Vireo_0064_158437.jpg"
9085,"Warbling_Vireo_0088_158452.jpg"
9086,"Warbling_Vireo_0107_158453.jpg"
9087,"Warbling_Vireo_0070_158459.jpg"
9088,"Warbling_Vireo_0006_158467.jpg"
9089,"Warbling_Vireo_0075_158480.jpg"
9090,"Warbling_Vireo_0003_158484.jpg"
9091,"Warbling_Vireo_0030_158488.jpg"
9092,"Warbling_Vireo_0028_158492.jpg"
9093,"Warbling_Vireo_0061_158494.jpg"
9094,"Warbling_Vireo_0076_158500.jpg"
9095,"Warbling_Vireo_0089_158519.jpg"
9096,"Warbling_Vireo_0131_158522.jpg"
9097,"Warbling_Vireo_0052_158534.jpg"
9098,"Warbling_Vireo_0058_158539.jpg"
9099,"Warbling_Vireo_0086_158564.jpg"
9100,"Warbling_Vireo_0027_158576.jpg"
9101,"Warbling_Vireo_0097_158579.jpg"
9102,"Warbling_Vireo_0113_158588.jpg"
9103,"Warbling_Vireo_0127_158601.jpg"
9104,"Warbling_Vireo_0022_158144.jpg"
9105,"Warbling_Vireo_0053_158675.jpg"
9106,"Warbling_Vireo_0029_158679.jpg"
9107,"Warbling_Vireo_0016_158681.jpg"
9108,"Warbling_Vireo_0068_158684.jpg"
9109,"Warbling_Vireo_0092_158688.jpg"
9110,"Warbling_Vireo_0126_158696.jpg"
9111,"Warbling_Vireo_0102_158704.jpg"
9112,"Warbling_Vireo_0007_158717.jpg"
9113,"White_Eyed_Vireo_0045_159232.jpg"
9114,"White_Eyed_Vireo_0001_159237.jpg"
9115,"White_Eyed_Vireo_0136_156418.jpg"
9116,"White_Eyed_Vireo_0094_158894.jpg"
9117,"White_Eyed_Vireo_0030_159265.jpg"
9118,"White_Eyed_Vireo_0074_159279.jpg"
9119,"White_Eyed_Vireo_0122_159284.jpg"
9120,"White_Eyed_Vireo_0064_159286.jpg"
9121,"White_Eyed_Vireo_0120_158991.jpg"
9122,"White_Eyed_Vireo_0029_159334.jpg"
9123,"White_Eyed_Vireo_0129_158823.jpg"
9124,"White_Eyed_Vireo_0132_158908.jpg"
9125,"White_Eyed_Vireo_0050_158829.jpg"
9126,"White_Eyed_Vireo_0009_158830.jpg"
9127,"White_Eyed_Vireo_0049_158835.jpg"
9128,"White_Eyed_Vireo_0046_158849.jpg"
9129,"White_Eyed_Vireo_0126_159341.jpg"
9130,"White_Eyed_Vireo_0111_158864.jpg"
9131,"White_Eyed_Vireo_0078_159382.jpg"
9132,"White_Eyed_Vireo_0095_158886.jpg"
9133,"White_Eyed_Vireo_0134_158889.jpg"
9134,"White_Eyed_Vireo_0102_159420.jpg"
9135,"White_Eyed_Vireo_0115_158932.jpg"
9136,"White_Eyed_Vireo_0099_158933.jpg"
9137,"White_Eyed_Vireo_0018_159450.jpg"
9138,"White_Eyed_Vireo_0110_158947.jpg"
9139,"White_Eyed_Vireo_0135_158955.jpg"
9140,"White_Eyed_Vireo_0090_158958.jpg"
9141,"White_Eyed_Vireo_0026_158963.jpg"
9142,"White_Eyed_Vireo_0066_159477.jpg"
9143,"White_Eyed_Vireo_0016_158978.jpg"
9144,"White_Eyed_Vireo_0012_159495.jpg"
9145,"White_Eyed_Vireo_0128_158993.jpg"
9146,"White_Eyed_Vireo_0042_159012.jpg"
9147,"White_Eyed_Vireo_0116_159028.jpg"
9148,"White_Eyed_Vireo_0041_159032.jpg"
9149,"White_Eyed_Vireo_0051_159033.jpg"
9150,"White_Eyed_Vireo_0118_159036.jpg"
9151,"White_Eyed_Vireo_0022_159037.jpg"
9152,"White_Eyed_Vireo_0061_159042.jpg"
9153,"White_Eyed_Vireo_0091_159045.jpg"
9154,"White_Eyed_Vireo_0071_159072.jpg"
9155,"White_Eyed_Vireo_0130_159075.jpg"
9156,"White_Eyed_Vireo_0125_159078.jpg"
9157,"White_Eyed_Vireo_0033_159079.jpg"
9158,"White_Eyed_Vireo_0015_159081.jpg"
9159,"White_Eyed_Vireo_0088_159084.jpg"
9160,"White_Eyed_Vireo_0080_159087.jpg"
9161,"White_Eyed_Vireo_0019_159095.jpg"
9162,"White_Eyed_Vireo_0040_159101.jpg"
9163,"White_Eyed_Vireo_0085_159119.jpg"
9164,"White_Eyed_Vireo_0032_159145.jpg"
9165,"White_Eyed_Vireo_0112_159147.jpg"
9166,"White_Eyed_Vireo_0002_159180.jpg"
9167,"White_Eyed_Vireo_0082_159186.jpg"
9168,"White_Eyed_Vireo_0024_159193.jpg"
9169,"White_Eyed_Vireo_0086_159202.jpg"
9170,"White_Eyed_Vireo_0083_159203.jpg"
9171,"White_Eyed_Vireo_0114_159206.jpg"
9172,"White_Eyed_Vireo_0059_159225.jpg"
9173,"Yellow_Throated_Vireo_0072_794969.jpg"
9174,"Yellow_Throated_Vireo_0022_795012.jpg"
9175,"Yellow_Throated_Vireo_0085_159580.jpg"
9176,"Yellow_Throated_Vireo_0013_159531.jpg"
9177,"Yellow_Throated_Vireo_0055_159532.jpg"
9178,"Yellow_Throated_Vireo_0052_794973.jpg"
9179,"Yellow_Throated_Vireo_0005_159588.jpg"
9180,"Yellow_Throated_Vireo_0023_159584.jpg"
9181,"Yellow_Throated_Vireo_0076_794984.jpg"
9182,"Yellow_Throated_Vireo_0057_159570.jpg"
9183,"Yellow_Throated_Vireo_0074_159571.jpg"
9184,"Yellow_Throated_Vireo_0008_159573.jpg"
9185,"Yellow_Throated_Vireo_0079_159576.jpg"
9186,"Yellow_Throated_Vireo_0059_794970.jpg"
9187,"Yellow_Throated_Vireo_0021_794971.jpg"
9188,"Yellow_Throated_Vireo_0007_794972.jpg"
9189,"Yellow_Throated_Vireo_0077_159581.jpg"
9190,"Yellow_Throated_Vireo_0003_794974.jpg"
9191,"Yellow_Throated_Vireo_0073_159583.jpg"
9192,"Yellow_Throated_Vireo_0009_794976.jpg"
9193,"Yellow_Throated_Vireo_0012_794977.jpg"
9194,"Yellow_Throated_Vireo_0050_794979.jpg"
9195,"Yellow_Throated_Vireo_0016_794981.jpg"
9196,"Yellow_Throated_Vireo_0048_794982.jpg"
9197,"Yellow_Throated_Vireo_0029_794985.jpg"
9198,"Yellow_Throated_Vireo_0011_794986.jpg"
9199,"Yellow_Throated_Vireo_0036_159595.jpg"
9200,"Yellow_Throated_Vireo_0017_794988.jpg"
9201,"Yellow_Throated_Vireo_0027_794989.jpg"
9202,"Yellow_Throated_Vireo_0080_794990.jpg"
9203,"Yellow_Throated_Vireo_0035_794991.jpg"
9204,"Yellow_Throated_Vireo_0064_794992.jpg"
9205,"Yellow_Throated_Vireo_0034_794993.jpg"
9206,"Yellow_Throated_Vireo_0058_794994.jpg"
9207,"Yellow_Throated_Vireo_0041_794998.jpg"
9208,"Yellow_Throated_Vireo_0010_795000.jpg"
9209,"Yellow_Throated_Vireo_0075_795004.jpg"
9210,"Yellow_Throated_Vireo_0066_795007.jpg"
9211,"Yellow_Throated_Vireo_0028_795008.jpg"
9212,"Yellow_Throated_Vireo_0025_795009.jpg"
9213,"Yellow_Throated_Vireo_0068_159620.jpg"
9214,"Yellow_Throated_Vireo_0040_159624.jpg"
9215,"Yellow_Throated_Vireo_0002_159625.jpg"
9216,"Yellow_Throated_Vireo_0043_159628.jpg"
9217,"Yellow_Throated_Vireo_0082_159597.jpg"
9218,"Yellow_Throated_Vireo_0032_159632.jpg"
9219,"Yellow_Throated_Vireo_0020_159634.jpg"
9220,"Yellow_Throated_Vireo_0054_159635.jpg"
9221,"Yellow_Throated_Vireo_0084_159639.jpg"
9222,"Yellow_Throated_Vireo_0042_159655.jpg"
9223,"Yellow_Throated_Vireo_0070_159602.jpg"
9224,"Yellow_Throated_Vireo_0046_159668.jpg"
9225,"Yellow_Throated_Vireo_0063_159677.jpg"
9226,"Yellow_Throated_Vireo_0026_159686.jpg"
9227,"Yellow_Throated_Vireo_0006_159693.jpg"
9228,"Yellow_Throated_Vireo_0078_159694.jpg"
9229,"Yellow_Throated_Vireo_0071_159707.jpg"
9230,"Yellow_Throated_Vireo_0014_159709.jpg"
9231,"Yellow_Throated_Vireo_0031_159712.jpg"
9232,"Bay_Breasted_Warbler_0026_159744.jpg"
9233,"Bay_Breasted_Warbler_0080_159749.jpg"
9234,"Bay_Breasted_Warbler_0099_159753.jpg"
9235,"Bay_Breasted_Warbler_0055_159740.jpg"
9236,"Bay_Breasted_Warbler_0093_159764.jpg"
9237,"Bay_Breasted_Warbler_0062_159783.jpg"
9238,"Bay_Breasted_Warbler_0013_159787.jpg"
9239,"Bay_Breasted_Warbler_0032_797150.jpg"
9240,"Bay_Breasted_Warbler_0057_159818.jpg"
9241,"Bay_Breasted_Warbler_0112_159839.jpg"
9242,"Bay_Breasted_Warbler_0086_159860.jpg"
9243,"Bay_Breasted_Warbler_0034_159861.jpg"
9244,"Bay_Breasted_Warbler_0060_159863.jpg"
9245,"Bay_Breasted_Warbler_0065_159722.jpg"
9246,"Bay_Breasted_Warbler_0019_159871.jpg"
9247,"Bay_Breasted_Warbler_0109_159883.jpg"
9248,"Bay_Breasted_Warbler_0102_159887.jpg"
9249,"Bay_Breasted_Warbler_0067_159895.jpg"
9250,"Bay_Breasted_Warbler_0018_159897.jpg"
9251,"Bay_Breasted_Warbler_0033_159912.jpg"
9252,"Bay_Breasted_Warbler_0085_797107.jpg"
9253,"Bay_Breasted_Warbler_0071_797108.jpg"
9254,"Bay_Breasted_Warbler_0064_797109.jpg"
9255,"Bay_Breasted_Warbler_0095_797113.jpg"
9256,"Bay_Breasted_Warbler_0072_797114.jpg"
9257,"Bay_Breasted_Warbler_0008_797115.jpg"
9258,"Bay_Breasted_Warbler_0007_797118.jpg"
9259,"Bay_Breasted_Warbler_0028_797119.jpg"
9260,"Bay_Breasted_Warbler_0082_797121.jpg"
9261,"Bay_Breasted_Warbler_0087_797122.jpg"
9262,"Bay_Breasted_Warbler_0054_797124.jpg"
9263,"Bay_Breasted_Warbler_0052_797125.jpg"
9264,"Bay_Breasted_Warbler_0090_797128.jpg"
9265,"Bay_Breasted_Warbler_0049_797129.jpg"
9266,"Bay_Breasted_Warbler_0051_797132.jpg"
9267,"Bay_Breasted_Warbler_0068_797133.jpg"
9268,"Bay_Breasted_Warbler_0016_797134.jpg"
9269,"Bay_Breasted_Warbler_0045_797135.jpg"
9270,"Bay_Breasted_Warbler_0031_797137.jpg"
9271,"Bay_Breasted_Warbler_0073_797138.jpg"
9272,"Bay_Breasted_Warbler_0025_159957.jpg"
9273,"Bay_Breasted_Warbler_0100_797142.jpg"
9274,"Bay_Breasted_Warbler_0105_797143.jpg"
9275,"Bay_Breasted_Warbler_0077_797144.jpg"
9276,"Bay_Breasted_Warbler_0101_797146.jpg"
9277,"Bay_Breasted_Warbler_0081_159963.jpg"
9278,"Bay_Breasted_Warbler_0039_797152.jpg"
9279,"Bay_Breasted_Warbler_0043_797154.jpg"
9280,"Bay_Breasted_Warbler_0053_797157.jpg"
9281,"Bay_Breasted_Warbler_0097_159974.jpg"
9282,"Bay_Breasted_Warbler_0042_797160.jpg"
9283,"Bay_Breasted_Warbler_0078_797163.jpg"
9284,"Bay_Breasted_Warbler_0012_797171.jpg"
9285,"Bay_Breasted_Warbler_0110_159735.jpg"
9286,"Bay_Breasted_Warbler_0011_159736.jpg"
9287,"Bay_Breasted_Warbler_0020_159737.jpg"
9288,"Bay_Breasted_Warbler_0005_159739.jpg"
9289,"Bay_Breasted_Warbler_0076_159996.jpg"
9290,"Bay_Breasted_Warbler_0079_159998.jpg"
9291,"Bay_Breasted_Warbler_0089_797141.jpg"
9292,"Black_And_White_Warbler_0031_160773.jpg"
9293,"Black_And_White_Warbler_0048_160287.jpg"
9294,"Black_And_White_Warbler_0128_160803.jpg"
9295,"Black_And_White_Warbler_0098_160808.jpg"
9296,"Black_And_White_Warbler_0071_160308.jpg"
9297,"Black_And_White_Warbler_0135_160334.jpg"
9298,"Black_And_White_Warbler_0111_160342.jpg"
9299,"Black_And_White_Warbler_0001_160352.jpg"
9300,"Black_And_White_Warbler_0072_160353.jpg"
9301,"Black_And_White_Warbler_0070_160354.jpg"
9302,"Black_And_White_Warbler_0074_160361.jpg"
9303,"Black_And_White_Warbler_0118_160363.jpg"
9304,"Black_And_White_Warbler_0078_160365.jpg"
9305,"Black_And_White_Warbler_0117_160369.jpg"
9306,"Black_And_White_Warbler_0089_160370.jpg"
9307,"Black_And_White_Warbler_0028_160371.jpg"
9308,"Black_And_White_Warbler_0080_160375.jpg"
9309,"Black_And_White_Warbler_0002_160376.jpg"
9310,"Black_And_White_Warbler_0091_160896.jpg"
9311,"Black_And_White_Warbler_0119_160898.jpg"
9312,"Black_And_White_Warbler_0061_160404.jpg"
9313,"Black_And_White_Warbler_0095_160406.jpg"
9314,"Black_And_White_Warbler_0018_160438.jpg"
9315,"Black_And_White_Warbler_0077_160440.jpg"
9316,"Black_And_White_Warbler_0125_160482.jpg"
9317,"Black_And_White_Warbler_0022_160512.jpg"
9318,"Black_And_White_Warbler_0053_160010.jpg"
9319,"Black_And_White_Warbler_0106_160014.jpg"
9320,"Black_And_White_Warbler_0114_160537.jpg"
9321,"Black_And_White_Warbler_0073_160539.jpg"
9322,"Black_And_White_Warbler_0127_160031.jpg"
9323,"Black_And_White_Warbler_0047_160547.jpg"
9324,"Black_And_White_Warbler_0057_160037.jpg"
9325,"Black_And_White_Warbler_0024_160057.jpg"
9326,"Black_And_White_Warbler_0081_110906.jpg"
9327,"Black_And_White_Warbler_0025_160584.jpg"
9328,"Black_And_White_Warbler_0102_160073.jpg"
9329,"Black_And_White_Warbler_0030_160592.jpg"
9330,"Black_And_White_Warbler_0032_160569.jpg"
9331,"Black_And_White_Warbler_0051_160603.jpg"
9332,"Black_And_White_Warbler_0035_160102.jpg"
9333,"Black_And_White_Warbler_0122_160106.jpg"
9334,"Black_And_White_Warbler_0085_160110.jpg"
9335,"Black_And_White_Warbler_0065_160111.jpg"
9336,"Black_And_White_Warbler_0041_160639.jpg"
9337,"Black_And_White_Warbler_0115_160654.jpg"
9338,"Black_And_White_Warbler_0083_160237.jpg"
9339,"Black_And_White_Warbler_0088_160668.jpg"
9340,"Black_And_White_Warbler_0086_160836.jpg"
9341,"Black_And_White_Warbler_0076_160173.jpg"
9342,"Black_And_White_Warbler_0021_160686.jpg"
9343,"Black_And_White_Warbler_0034_160695.jpg"
9344,"Black_And_White_Warbler_0010_160200.jpg"
9345,"Black_And_White_Warbler_0046_160202.jpg"
9346,"Black_And_White_Warbler_0090_160247.jpg"
9347,"Black_And_White_Warbler_0003_160228.jpg"
9348,"Black_And_White_Warbler_0049_160749.jpg"
9349,"Black_And_White_Warbler_0109_160245.jpg"
9350,"Black_And_White_Warbler_0007_160758.jpg"
9351,"Black_And_White_Warbler_0060_160764.jpg"
9352,"Black_Throated_Blue_Warbler_0129_161399.jpg"
9353,"Black_Throated_Blue_Warbler_0136_161400.jpg"
9354,"Black_Throated_Blue_Warbler_0004_161404.jpg"
9355,"Black_Throated_Blue_Warbler_0113_161407.jpg"
9356,"Black_Throated_Blue_Warbler_0119_161416.jpg"
9357,"Black_Throated_Blue_Warbler_0121_161418.jpg"
9358,"Black_Throated_Blue_Warbler_0081_161427.jpg"
9359,"Black_Throated_Blue_Warbler_0043_161438.jpg"
9360,"Black_Throated_Blue_Warbler_0083_161462.jpg"
9361,"Black_Throated_Blue_Warbler_0090_161507.jpg"
9362,"Black_Throated_Blue_Warbler_0101_161510.jpg"
9363,"Black_Throated_Blue_Warbler_0047_161511.jpg"
9364,"Black_Throated_Blue_Warbler_0042_161512.jpg"
9365,"Black_Throated_Blue_Warbler_0036_161517.jpg"
9366,"Black_Throated_Blue_Warbler_0022_161520.jpg"
9367,"Black_Throated_Blue_Warbler_0106_161523.jpg"
9368,"Black_Throated_Blue_Warbler_0099_161524.jpg"
9369,"Black_Throated_Blue_Warbler_0002_161533.jpg"
9370,"Black_Throated_Blue_Warbler_0009_161534.jpg"
9371,"Black_Throated_Blue_Warbler_0133_161539.jpg"
9372,"Black_Throated_Blue_Warbler_0123_161542.jpg"
9373,"Black_Throated_Blue_Warbler_0006_161557.jpg"
9374,"Black_Throated_Blue_Warbler_0073_161558.jpg"
9375,"Black_Throated_Blue_Warbler_0111_161615.jpg"
9376,"Black_Throated_Blue_Warbler_0024_161619.jpg"
9377,"Black_Throated_Blue_Warbler_0085_161621.jpg"
9378,"Black_Throated_Blue_Warbler_0100_161622.jpg"
9379,"Black_Throated_Blue_Warbler_0109_161635.jpg"
9380,"Black_Throated_Blue_Warbler_0072_161636.jpg"
9381,"Black_Throated_Blue_Warbler_0010_161169.jpg"
9382,"Black_Throated_Blue_Warbler_0060_161644.jpg"
9383,"Black_Throated_Blue_Warbler_0096_161654.jpg"
9384,"Black_Throated_Blue_Warbler_0064_161656.jpg"
9385,"Black_Throated_Blue_Warbler_0048_161665.jpg"
9386,"Black_Throated_Blue_Warbler_0050_161154.jpg"
9387,"Black_Throated_Blue_Warbler_0061_161667.jpg"
9388,"Black_Throated_Blue_Warbler_0054_161158.jpg"
9389,"Black_Throated_Blue_Warbler_0102_161161.jpg"
9390,"Black_Throated_Blue_Warbler_0076_161162.jpg"
9391,"Black_Throated_Blue_Warbler_0005_161168.jpg"
9392,"Black_Throated_Blue_Warbler_0080_161681.jpg"
9393,"Black_Throated_Blue_Warbler_0130_161682.jpg"
9394,"Black_Throated_Blue_Warbler_0053_161684.jpg"
9395,"Black_Throated_Blue_Warbler_0104_161686.jpg"
9396,"Black_Throated_Blue_Warbler_0127_161176.jpg"
9397,"Black_Throated_Blue_Warbler_0027_104004.jpg"
9398,"Black_Throated_Blue_Warbler_0001_161189.jpg"
9399,"Black_Throated_Blue_Warbler_0079_161194.jpg"
9400,"Black_Throated_Blue_Warbler_0037_161707.jpg"
9401,"Black_Throated_Blue_Warbler_0128_161708.jpg"
9402,"Black_Throated_Blue_Warbler_0108_161714.jpg"
9403,"Black_Throated_Blue_Warbler_0086_161716.jpg"
9404,"Black_Throated_Blue_Warbler_0137_161207.jpg"
9405,"Black_Throated_Blue_Warbler_0126_161724.jpg"
9406,"Black_Throated_Blue_Warbler_0063_161213.jpg"
9407,"Black_Throated_Blue_Warbler_0110_161726.jpg"
9408,"Black_Throated_Blue_Warbler_0016_161216.jpg"
9409,"Black_Throated_Blue_Warbler_0017_161220.jpg"
9410,"Black_Throated_Blue_Warbler_0107_161214.jpg"
9411,"Blue_Winged_Warbler_0027_161795.jpg"
9412,"Blue_Winged_Warbler_0050_162057.jpg"
9413,"Blue_Winged_Warbler_0041_161802.jpg"
9414,"Blue_Winged_Warbler_0043_161804.jpg"
9415,"Blue_Winged_Warbler_0059_162064.jpg"
9416,"Blue_Winged_Warbler_0063_161810.jpg"
9417,"Blue_Winged_Warbler_0091_162051.jpg"
9418,"Blue_Winged_Warbler_0026_161813.jpg"
9419,"Blue_Winged_Warbler_0013_161816.jpg"
9420,"Blue_Winged_Warbler_0057_162085.jpg"
9421,"Blue_Winged_Warbler_0012_162086.jpg"
9422,"Blue_Winged_Warbler_0030_162088.jpg"
9423,"Blue_Winged_Warbler_0005_162095.jpg"
9424,"Blue_Winged_Warbler_0075_161844.jpg"
9425,"Blue_Winged_Warbler_0036_161758.jpg"
9426,"Blue_Winged_Warbler_0049_161856.jpg"
9427,"Blue_Winged_Warbler_0021_161858.jpg"
9428,"Blue_Winged_Warbler_0067_161860.jpg"
9429,"Blue_Winged_Warbler_0034_161861.jpg"
9430,"Blue_Winged_Warbler_0054_161862.jpg"
9431,"Blue_Winged_Warbler_0042_161869.jpg"
9432,"Blue_Winged_Warbler_0018_161871.jpg"
9433,"Blue_Winged_Warbler_0025_161873.jpg"
9434,"Blue_Winged_Warbler_0020_161875.jpg"
9435,"Blue_Winged_Warbler_0066_162062.jpg"
9436,"Blue_Winged_Warbler_0017_161878.jpg"
9437,"Blue_Winged_Warbler_0009_161880.jpg"
9438,"Blue_Winged_Warbler_0040_161883.jpg"
9439,"Blue_Winged_Warbler_0060_161888.jpg"
9440,"Blue_Winged_Warbler_0078_161889.jpg"
9441,"Blue_Winged_Warbler_0002_161890.jpg"
9442,"Blue_Winged_Warbler_0076_161894.jpg"
9443,"Blue_Winged_Warbler_0053_161896.jpg"
9444,"Blue_Winged_Warbler_0071_161900.jpg"
9445,"Blue_Winged_Warbler_0079_161909.jpg"
9446,"Blue_Winged_Warbler_0023_161774.jpg"
9447,"Blue_Winged_Warbler_0014_161783.jpg"
9448,"Blue_Winged_Warbler_0061_161984.jpg"
9449,"Blue_Winged_Warbler_0072_161991.jpg"
9450,"Blue_Winged_Warbler_0035_161741.jpg"
9451,"Blue_Winged_Warbler_0052_161739.jpg"
9452,"Blue_Winged_Warbler_0055_161996.jpg"
9453,"Blue_Winged_Warbler_0045_161997.jpg"
9454,"Blue_Winged_Warbler_0037_161999.jpg"
9455,"Blue_Winged_Warbler_0004_162005.jpg"
9456,"Blue_Winged_Warbler_0056_162013.jpg"
9457,"Blue_Winged_Warbler_0093_162014.jpg"
9458,"Blue_Winged_Warbler_0044_161760.jpg"
9459,"Blue_Winged_Warbler_0088_162018.jpg"
9460,"Blue_Winged_Warbler_0077_162021.jpg"
9461,"Blue_Winged_Warbler_0051_161766.jpg"
9462,"Blue_Winged_Warbler_0089_162026.jpg"
9463,"Blue_Winged_Warbler_0086_162027.jpg"
9464,"Blue_Winged_Warbler_0082_161772.jpg"
9465,"Blue_Winged_Warbler_0032_162029.jpg"
9466,"Blue_Winged_Warbler_0065_162030.jpg"
9467,"Blue_Winged_Warbler_0007_161785.jpg"
9468,"Blue_Winged_Warbler_0028_161787.jpg"
9469,"Blue_Winged_Warbler_0092_162044.jpg"
9470,"Blue_Winged_Warbler_0094_161790.jpg"
9471,"Canada_Warbler_0094_26880.jpg"
9472,"Canada_Warbler_0119_162307.jpg"
9473,"Canada_Warbler_0115_162309.jpg"
9474,"Canada_Warbler_0121_162310.jpg"
9475,"Canada_Warbler_0067_162314.jpg"
9476,"Canada_Warbler_0063_162324.jpg"
9477,"Canada_Warbler_0021_162325.jpg"
9478,"Canada_Warbler_0048_162326.jpg"
9479,"Canada_Warbler_0006_103959.jpg"
9480,"Canada_Warbler_0039_162330.jpg"
9481,"Canada_Warbler_0004_162224.jpg"
9482,"Canada_Warbler_0103_162339.jpg"
9483,"Canada_Warbler_0088_162341.jpg"
9484,"Canada_Warbler_0087_162342.jpg"
9485,"Canada_Warbler_0009_162343.jpg"
9486,"Canada_Warbler_0104_162345.jpg"
9487,"Canada_Warbler_0022_157106.jpg"
9488,"Canada_Warbler_0040_162352.jpg"
9489,"Canada_Warbler_0020_162354.jpg"
9490,"Canada_Warbler_0093_162356.jpg"
9491,"Canada_Warbler_0007_162364.jpg"
9492,"Canada_Warbler_0074_162366.jpg"
9493,"Canada_Warbler_0105_162372.jpg"
9494,"Canada_Warbler_0013_162375.jpg"
9495,"Canada_Warbler_0035_162377.jpg"
9496,"Canada_Warbler_0091_162378.jpg"
9497,"Canada_Warbler_0049_162379.jpg"
9498,"Canada_Warbler_0023_162383.jpg"
9499,"Canada_Warbler_0085_162385.jpg"
9500,"Canada_Warbler_0015_162388.jpg"
9501,"Canada_Warbler_0005_162389.jpg"
9502,"Canada_Warbler_0080_162392.jpg"
9503,"Canada_Warbler_0076_162393.jpg"
9504,"Canada_Warbler_0117_162394.jpg"
9505,"Canada_Warbler_0114_162396.jpg"
9506,"Canada_Warbler_0112_162398.jpg"
9507,"Canada_Warbler_0095_162401.jpg"
9508,"Canada_Warbler_0113_162403.jpg"
9509,"Canada_Warbler_0037_162405.jpg"
9510,"Canada_Warbler_0056_162407.jpg"
9511,"Canada_Warbler_0019_162409.jpg"
9512,"Canada_Warbler_0016_162411.jpg"
9513,"Canada_Warbler_0120_162415.jpg"
9514,"Canada_Warbler_0008_162416.jpg"
9515,"Canada_Warbler_0064_162417.jpg"
9516,"Canada_Warbler_0041_162418.jpg"
9517,"Canada_Warbler_0099_162425.jpg"
9518,"Canada_Warbler_0002_162426.jpg"
9519,"Canada_Warbler_0075_162428.jpg"
9520,"Canada_Warbler_0090_162432.jpg"
9521,"Canada_Warbler_0077_162437.jpg"
9522,"Canada_Warbler_0047_162439.jpg"
9523,"Canada_Warbler_0107_162440.jpg"
9524,"Canada_Warbler_0051_162447.jpg"
9525,"Canada_Warbler_0042_162448.jpg"
9526,"Canada_Warbler_0024_162218.jpg"
9527,"Canada_Warbler_0122_162219.jpg"
9528,"Canada_Warbler_0027_162223.jpg"
9529,"Canada_Warbler_0109_93363.jpg"
9530,"Canada_Warbler_0032_162229.jpg"
9531,"Cape_May_Warbler_0001_139008.jpg"
9532,"Cape_May_Warbler_0076_163075.jpg"
9533,"Cape_May_Warbler_0117_163079.jpg"
9534,"Cape_May_Warbler_0093_163089.jpg"
9535,"Cape_May_Warbler_0096_163093.jpg"
9536,"Cape_May_Warbler_0108_163108.jpg"
9537,"Cape_May_Warbler_0115_163121.jpg"
9538,"Cape_May_Warbler_0113_163130.jpg"
9539,"Cape_May_Warbler_0122_163131.jpg"
9540,"Cape_May_Warbler_0023_163133.jpg"
9541,"Cape_May_Warbler_0033_162657.jpg"
9542,"Cape_May_Warbler_0085_162628.jpg"
9543,"Cape_May_Warbler_0020_162629.jpg"
9544,"Cape_May_Warbler_0068_163147.jpg"
9545,"Cape_May_Warbler_0088_163149.jpg"
9546,"Cape_May_Warbler_0101_163169.jpg"
9547,"Cape_May_Warbler_0048_162915.jpg"
9548,"Cape_May_Warbler_0129_163157.jpg"
9549,"Cape_May_Warbler_0015_163159.jpg"
9550,"Cape_May_Warbler_0007_163087.jpg"
9551,"Cape_May_Warbler_0049_162909.jpg"
9552,"Cape_May_Warbler_0046_163167.jpg"
9553,"Cape_May_Warbler_0022_162912.jpg"
9554,"Cape_May_Warbler_0026_162913.jpg"
9555,"Cape_May_Warbler_0035_162658.jpg"
9556,"Cape_May_Warbler_0055_163171.jpg"
9557,"Cape_May_Warbler_0043_163172.jpg"
9558,"Cape_May_Warbler_0003_162920.jpg"
9559,"Cape_May_Warbler_0028_163177.jpg"
9560,"Cape_May_Warbler_0100_162923.jpg"
9561,"Cape_May_Warbler_0004_162928.jpg"
9562,"Cape_May_Warbler_0081_162936.jpg"
9563,"Cape_May_Warbler_0032_162659.jpg"
9564,"Cape_May_Warbler_0107_162941.jpg"
9565,"Cape_May_Warbler_0058_162948.jpg"
9566,"Cape_May_Warbler_0060_162949.jpg"
9567,"Cape_May_Warbler_0053_162950.jpg"
9568,"Cape_May_Warbler_0013_163052.jpg"
9569,"Cape_May_Warbler_0062_162955.jpg"
9570,"Cape_May_Warbler_0012_162701.jpg"
9571,"Cape_May_Warbler_0104_162958.jpg"
9572,"Cape_May_Warbler_0111_162959.jpg"
9573,"Cape_May_Warbler_0095_162965.jpg"
9574,"Cape_May_Warbler_0005_163197.jpg"
9575,"Cape_May_Warbler_0128_162971.jpg"
9576,"Cape_May_Warbler_0103_162972.jpg"
9577,"Cape_May_Warbler_0119_162976.jpg"
9578,"Cape_May_Warbler_0077_162979.jpg"
9579,"Cape_May_Warbler_0069_162980.jpg"
9580,"Cape_May_Warbler_0092_163057.jpg"
9581,"Cape_May_Warbler_0073_162993.jpg"
9582,"Cape_May_Warbler_0066_163005.jpg"
9583,"Cape_May_Warbler_0031_163012.jpg"
9584,"Cape_May_Warbler_0008_163062.jpg"
9585,"Cape_May_Warbler_0040_163036.jpg"
9586,"Cape_May_Warbler_0124_163037.jpg"
9587,"Cape_May_Warbler_0067_162539.jpg"
9588,"Cape_May_Warbler_0044_163055.jpg"
9589,"Cape_May_Warbler_0061_163061.jpg"
9590,"Cape_May_Warbler_0084_163132.jpg"
9591,"Cerulean_Warbler_0019_797186.jpg"
9592,"Cerulean_Warbler_0091_163331.jpg"
9593,"Cerulean_Warbler_0022_797189.jpg"
9594,"Cerulean_Warbler_0023_797191.jpg"
9595,"Cerulean_Warbler_0088_797194.jpg"
9596,"Cerulean_Warbler_0056_163339.jpg"
9597,"Cerulean_Warbler_0093_797196.jpg"
9598,"Cerulean_Warbler_0053_797197.jpg"
9599,"Cerulean_Warbler_0017_797198.jpg"
9600,"Cerulean_Warbler_0004_797199.jpg"
9601,"Cerulean_Warbler_0094_797200.jpg"
9602,"Cerulean_Warbler_0009_797201.jpg"
9603,"Cerulean_Warbler_0077_797202.jpg"
9604,"Cerulean_Warbler_0043_797203.jpg"
9605,"Cerulean_Warbler_0063_797204.jpg"
9606,"Cerulean_Warbler_0005_797206.jpg"
9607,"Cerulean_Warbler_0060_797209.jpg"
9608,"Cerulean_Warbler_0010_797210.jpg"
9609,"Cerulean_Warbler_0047_797211.jpg"
9610,"Cerulean_Warbler_0037_797212.jpg"
9611,"Cerulean_Warbler_0007_797215.jpg"
9612,"Cerulean_Warbler_0045_797217.jpg"
9613,"Cerulean_Warbler_0067_797220.jpg"
9614,"Cerulean_Warbler_0046_797222.jpg"
9615,"Cerulean_Warbler_0042_797223.jpg"
9616,"Cerulean_Warbler_0014_797226.jpg"
9617,"Cerulean_Warbler_0038_797230.jpg"
9618,"Cerulean_Warbler_0075_797233.jpg"
9619,"Cerulean_Warbler_0054_797235.jpg"
9620,"Cerulean_Warbler_0083_163380.jpg"
9621,"Cerulean_Warbler_0090_797195.jpg"
9622,"Cerulean_Warbler_0080_163399.jpg"
9623,"Cerulean_Warbler_0024_163406.jpg"
9624,"Cerulean_Warbler_0089_163412.jpg"
9625,"Cerulean_Warbler_0012_163417.jpg"
9626,"Cerulean_Warbler_0039_163420.jpg"
9627,"Cerulean_Warbler_0087_163451.jpg"
9628,"Cerulean_Warbler_0092_163455.jpg"
9629,"Cerulean_Warbler_0072_163200.jpg"
9630,"Cerulean_Warbler_0071_163201.jpg"
9631,"Cerulean_Warbler_0040_163219.jpg"
9632,"Cerulean_Warbler_0020_163353.jpg"
9633,"Cerulean_Warbler_0057_163227.jpg"
9634,"Cerulean_Warbler_0051_163244.jpg"
9635,"Cerulean_Warbler_0086_797214.jpg"
9636,"Cerulean_Warbler_0016_163265.jpg"
9637,"Cerulean_Warbler_0055_163524.jpg"
9638,"Cerulean_Warbler_0035_163269.jpg"
9639,"Cerulean_Warbler_0078_163271.jpg"
9640,"Cerulean_Warbler_0041_163535.jpg"
9641,"Cerulean_Warbler_0002_797219.jpg"
9642,"Cerulean_Warbler_0076_163294.jpg"
9643,"Cerulean_Warbler_0028_163302.jpg"
9644,"Cerulean_Warbler_0003_163305.jpg"
9645,"Cerulean_Warbler_0025_797232.jpg"
9646,"Cerulean_Warbler_0033_797176.jpg"
9647,"Cerulean_Warbler_0084_797177.jpg"
9648,"Cerulean_Warbler_0081_797179.jpg"
9649,"Cerulean_Warbler_0082_797180.jpg"
9650,"Cerulean_Warbler_0018_797183.jpg"
9651,"Chestnut_Sided_Warbler_0098_164352.jpg"
9652,"Chestnut_Sided_Warbler_0038_164354.jpg"
9653,"Chestnut_Sided_Warbler_0035_163587.jpg"
9654,"Chestnut_Sided_Warbler_0108_164356.jpg"
9655,"Chestnut_Sided_Warbler_0030_163847.jpg"
9656,"Chestnut_Sided_Warbler_0124_164109.jpg"
9657,"Chestnut_Sided_Warbler_0081_163854.jpg"
9658,"Chestnut_Sided_Warbler_0046_163856.jpg"
9659,"Chestnut_Sided_Warbler_0096_163672.jpg"
9660,"Chestnut_Sided_Warbler_0006_163858.jpg"
9661,"Chestnut_Sided_Warbler_0062_163859.jpg"
9662,"Chestnut_Sided_Warbler_0127_163860.jpg"
9663,"Chestnut_Sided_Warbler_0033_163607.jpg"
9664,"Chestnut_Sided_Warbler_0073_163868.jpg"
9665,"Chestnut_Sided_Warbler_0121_164125.jpg"
9666,"Chestnut_Sided_Warbler_0053_163615.jpg"
9667,"Chestnut_Sided_Warbler_0084_163872.jpg"
9668,"Chestnut_Sided_Warbler_0036_163622.jpg"
9669,"Chestnut_Sided_Warbler_0090_163629.jpg"
9670,"Chestnut_Sided_Warbler_0018_164148.jpg"
9671,"Chestnut_Sided_Warbler_0104_163638.jpg"
9672,"Chestnut_Sided_Warbler_0094_164152.jpg"
9673,"Chestnut_Sided_Warbler_0034_163911.jpg"
9674,"Chestnut_Sided_Warbler_0110_164023.jpg"
9675,"Chestnut_Sided_Warbler_0069_163921.jpg"
9676,"Chestnut_Sided_Warbler_0103_163669.jpg"
9677,"Chestnut_Sided_Warbler_0063_163927.jpg"
9678,"Chestnut_Sided_Warbler_0068_164184.jpg"
9679,"Chestnut_Sided_Warbler_0101_164324.jpg"
9680,"Chestnut_Sided_Warbler_0041_163944.jpg"
9681,"Chestnut_Sided_Warbler_0043_164114.jpg"
9682,"Chestnut_Sided_Warbler_0128_163696.jpg"
9683,"Chestnut_Sided_Warbler_0057_163957.jpg"
9684,"Chestnut_Sided_Warbler_0087_164221.jpg"
9685,"Chestnut_Sided_Warbler_0044_163975.jpg"
9686,"Chestnut_Sided_Warbler_0037_164233.jpg"
9687,"Chestnut_Sided_Warbler_0061_163978.jpg"
9688,"Chestnut_Sided_Warbler_0052_163728.jpg"
9689,"Chestnut_Sided_Warbler_0058_163990.jpg"
9690,"Chestnut_Sided_Warbler_0049_163735.jpg"
9691,"Chestnut_Sided_Warbler_0105_163996.jpg"
9692,"Chestnut_Sided_Warbler_0008_164001.jpg"
9693,"Chestnut_Sided_Warbler_0013_163749.jpg"
9694,"Chestnut_Sided_Warbler_0097_163750.jpg"
9695,"Chestnut_Sided_Warbler_0071_163784.jpg"
9696,"Chestnut_Sided_Warbler_0004_164279.jpg"
9697,"Chestnut_Sided_Warbler_0086_164024.jpg"
9698,"Chestnut_Sided_Warbler_0089_163776.jpg"
9699,"Chestnut_Sided_Warbler_0125_164247.jpg"
9700,"Chestnut_Sided_Warbler_0107_164040.jpg"
9701,"Chestnut_Sided_Warbler_0023_164308.jpg"
9702,"Chestnut_Sided_Warbler_0083_164056.jpg"
9703,"Chestnut_Sided_Warbler_0014_163801.jpg"
9704,"Chestnut_Sided_Warbler_0016_164060.jpg"
9705,"Chestnut_Sided_Warbler_0005_164061.jpg"
9706,"Chestnut_Sided_Warbler_0117_164066.jpg"
9707,"Chestnut_Sided_Warbler_0075_164231.jpg"
9708,"Chestnut_Sided_Warbler_0001_163813.jpg"
9709,"Chestnut_Sided_Warbler_0066_164078.jpg"
9710,"Chestnut_Sided_Warbler_0126_164090.jpg"
9711,"Golden_Winged_Warbler_0035_164362.jpg"
9712,"Golden_Winged_Warbler_0060_164368.jpg"
9713,"Golden_Winged_Warbler_0071_164370.jpg"
9714,"Golden_Winged_Warbler_0041_164379.jpg"
9715,"Golden_Winged_Warbler_0083_794801.jpg"
9716,"Golden_Winged_Warbler_0075_794848.jpg"
9717,"Golden_Winged_Warbler_0077_164432.jpg"
9718,"Golden_Winged_Warbler_0042_164437.jpg"
9719,"Golden_Winged_Warbler_0069_164456.jpg"
9720,"Golden_Winged_Warbler_0070_164460.jpg"
9721,"Golden_Winged_Warbler_0030_164462.jpg"
9722,"Golden_Winged_Warbler_0084_164541.jpg"
9723,"Golden_Winged_Warbler_0014_164464.jpg"
9724,"Golden_Winged_Warbler_0092_164465.jpg"
9725,"Golden_Winged_Warbler_0003_164469.jpg"
9726,"Golden_Winged_Warbler_0004_164470.jpg"
9727,"Golden_Winged_Warbler_0043_164476.jpg"
9728,"Golden_Winged_Warbler_0081_164487.jpg"
9729,"Golden_Winged_Warbler_0012_164496.jpg"
9730,"Golden_Winged_Warbler_0049_164509.jpg"
9731,"Golden_Winged_Warbler_0061_164516.jpg"
9732,"Golden_Winged_Warbler_0034_794800.jpg"
9733,"Golden_Winged_Warbler_0052_164529.jpg"
9734,"Golden_Winged_Warbler_0066_794803.jpg"
9735,"Golden_Winged_Warbler_0051_794805.jpg"
9736,"Golden_Winged_Warbler_0024_794807.jpg"
9737,"Golden_Winged_Warbler_0091_794808.jpg"
9738,"Golden_Winged_Warbler_0095_794809.jpg"
9739,"Golden_Winged_Warbler_0087_794810.jpg"
9740,"Golden_Winged_Warbler_0011_794812.jpg"
9741,"Golden_Winged_Warbler_0009_794813.jpg"
9742,"Golden_Winged_Warbler_0082_164544.jpg"
9743,"Golden_Winged_Warbler_0036_794817.jpg"
9744,"Golden_Winged_Warbler_0039_794818.jpg"
9745,"Golden_Winged_Warbler_0015_794819.jpg"
9746,"Golden_Winged_Warbler_0079_794820.jpg"
9747,"Golden_Winged_Warbler_0021_794821.jpg"
9748,"Golden_Winged_Warbler_0068_794825.jpg"
9749,"Golden_Winged_Warbler_0078_794827.jpg"
9750,"Golden_Winged_Warbler_0046_794828.jpg"
9751,"Golden_Winged_Warbler_0018_164558.jpg"
9752,"Golden_Winged_Warbler_0022_794833.jpg"
9753,"Golden_Winged_Warbler_0044_794836.jpg"
9754,"Golden_Winged_Warbler_0090_794830.jpg"
9755,"Golden_Winged_Warbler_0037_794839.jpg"
9756,"Golden_Winged_Warbler_0031_794840.jpg"
9757,"Golden_Winged_Warbler_0016_794841.jpg"
9758,"Golden_Winged_Warbler_0065_794842.jpg"
9759,"Golden_Winged_Warbler_0086_794844.jpg"
9760,"Golden_Winged_Warbler_0056_794845.jpg"
9761,"Golden_Winged_Warbler_0067_794846.jpg"
9762,"Golden_Winged_Warbler_0054_794847.jpg"
9763,"Golden_Winged_Warbler_0032_794849.jpg"
9764,"Golden_Winged_Warbler_0062_794850.jpg"
9765,"Golden_Winged_Warbler_0059_794855.jpg"
9766,"Golden_Winged_Warbler_0050_164589.jpg"
9767,"Golden_Winged_Warbler_0076_164591.jpg"
9768,"Golden_Winged_Warbler_0040_164605.jpg"
9769,"Golden_Winged_Warbler_0013_794837.jpg"
9770,"Hooded_Warbler_0043_164864.jpg"
9771,"Hooded_Warbler_0106_164869.jpg"
9772,"Hooded_Warbler_0068_164872.jpg"
9773,"Hooded_Warbler_0028_164883.jpg"
9774,"Hooded_Warbler_0012_164891.jpg"
9775,"Hooded_Warbler_0051_164892.jpg"
9776,"Hooded_Warbler_0042_164895.jpg"
9777,"Hooded_Warbler_0030_164897.jpg"
9778,"Hooded_Warbler_0017_164911.jpg"
9779,"Hooded_Warbler_0003_164915.jpg"
9780,"Hooded_Warbler_0129_90165.jpg"
9781,"Hooded_Warbler_0124_164923.jpg"
9782,"Hooded_Warbler_0125_164925.jpg"
9783,"Hooded_Warbler_0039_164928.jpg"
9784,"Hooded_Warbler_0070_164930.jpg"
9785,"Hooded_Warbler_0128_164620.jpg"
9786,"Hooded_Warbler_0084_164944.jpg"
9787,"Hooded_Warbler_0072_22097.jpg"
9788,"Hooded_Warbler_0104_164982.jpg"
9789,"Hooded_Warbler_0118_164991.jpg"
9790,"Hooded_Warbler_0133_165016.jpg"
9791,"Hooded_Warbler_0035_165040.jpg"
9792,"Hooded_Warbler_0115_165041.jpg"
9793,"Hooded_Warbler_0021_165057.jpg"
9794,"Hooded_Warbler_0057_164137.jpg"
9795,"Hooded_Warbler_0105_165095.jpg"
9796,"Hooded_Warbler_0117_165106.jpg"
9797,"Hooded_Warbler_0078_165123.jpg"
9798,"Hooded_Warbler_0048_164622.jpg"
9799,"Hooded_Warbler_0013_164627.jpg"
9800,"Hooded_Warbler_0116_164630.jpg"
9801,"Hooded_Warbler_0053_164631.jpg"
9802,"Hooded_Warbler_0007_164633.jpg"
9803,"Hooded_Warbler_0122_164635.jpg"
9804,"Hooded_Warbler_0121_164639.jpg"
9805,"Hooded_Warbler_0089_164640.jpg"
9806,"Hooded_Warbler_0008_164641.jpg"
9807,"Hooded_Warbler_0112_164650.jpg"
9808,"Hooded_Warbler_0040_165173.jpg"
9809,"Hooded_Warbler_0050_164662.jpg"
9810,"Hooded_Warbler_0014_164672.jpg"
9811,"Hooded_Warbler_0058_164674.jpg"
9812,"Hooded_Warbler_0062_165199.jpg"
9813,"Hooded_Warbler_0033_165213.jpg"
9814,"Hooded_Warbler_0001_164704.jpg"
9815,"Hooded_Warbler_0134_164708.jpg"
9816,"Hooded_Warbler_0095_164709.jpg"
9817,"Hooded_Warbler_0019_164710.jpg"
9818,"Hooded_Warbler_0096_164739.jpg"
9819,"Hooded_Warbler_0067_164743.jpg"
9820,"Hooded_Warbler_0036_164779.jpg"
9821,"Hooded_Warbler_0090_164794.jpg"
9822,"Hooded_Warbler_0011_164801.jpg"
9823,"Hooded_Warbler_0101_164806.jpg"
9824,"Hooded_Warbler_0041_164807.jpg"
9825,"Hooded_Warbler_0135_164824.jpg"
9826,"Hooded_Warbler_0130_164826.jpg"
9827,"Hooded_Warbler_0087_164833.jpg"
9828,"Hooded_Warbler_0016_164837.jpg"
9829,"Hooded_Warbler_0085_164846.jpg"
9830,"Kentucky_Warbler_0063_795904.jpg"
9831,"Kentucky_Warbler_0059_795905.jpg"
9832,"Kentucky_Warbler_0076_795907.jpg"
9833,"Kentucky_Warbler_0038_795909.jpg"
9834,"Kentucky_Warbler_0010_795912.jpg"
9835,"Kentucky_Warbler_0019_165389.jpg"
9836,"Kentucky_Warbler_0005_795919.jpg"
9837,"Kentucky_Warbler_0014_165336.jpg"
9838,"Kentucky_Warbler_0067_165404.jpg"
9839,"Kentucky_Warbler_0024_165405.jpg"
9840,"Kentucky_Warbler_0079_165339.jpg"
9841,"Kentucky_Warbler_0055_165426.jpg"
9842,"Kentucky_Warbler_0044_165436.jpg"
9843,"Kentucky_Warbler_0058_165441.jpg"
9844,"Kentucky_Warbler_0027_795917.jpg"
9845,"Kentucky_Warbler_0002_795886.jpg"
9846,"Kentucky_Warbler_0013_165228.jpg"
9847,"Kentucky_Warbler_0021_165230.jpg"
9848,"Kentucky_Warbler_0043_165240.jpg"
9849,"Kentucky_Warbler_0023_165247.jpg"
9850,"Kentucky_Warbler_0042_165268.jpg"
9851,"Kentucky_Warbler_0074_165269.jpg"
9852,"Kentucky_Warbler_0033_165271.jpg"
9853,"Kentucky_Warbler_0050_165278.jpg"
9854,"Kentucky_Warbler_0048_165360.jpg"
9855,"Kentucky_Warbler_0066_165290.jpg"
9856,"Kentucky_Warbler_0047_165298.jpg"
9857,"Kentucky_Warbler_0031_165363.jpg"
9858,"Kentucky_Warbler_0025_165304.jpg"
9859,"Kentucky_Warbler_0072_165305.jpg"
9860,"Kentucky_Warbler_0049_165313.jpg"
9861,"Kentucky_Warbler_0069_165318.jpg"
9862,"Kentucky_Warbler_0039_165324.jpg"
9863,"Kentucky_Warbler_0053_165332.jpg"
9864,"Kentucky_Warbler_0008_165369.jpg"
9865,"Kentucky_Warbler_0009_795865.jpg"
9866,"Kentucky_Warbler_0015_795867.jpg"
9867,"Kentucky_Warbler_0040_795868.jpg"
9868,"Kentucky_Warbler_0082_795869.jpg"
9869,"Kentucky_Warbler_0071_165342.jpg"
9870,"Kentucky_Warbler_0036_795872.jpg"
9871,"Kentucky_Warbler_0052_795874.jpg"
9872,"Kentucky_Warbler_0012_795875.jpg"
9873,"Kentucky_Warbler_0057_165349.jpg"
9874,"Kentucky_Warbler_0035_795878.jpg"
9875,"Kentucky_Warbler_0080_165351.jpg"
9876,"Kentucky_Warbler_0022_795882.jpg"
9877,"Kentucky_Warbler_0083_795883.jpg"
9878,"Kentucky_Warbler_0051_795884.jpg"
9879,"Kentucky_Warbler_0030_795885.jpg"
9880,"Kentucky_Warbler_0004_165358.jpg"
9881,"Kentucky_Warbler_0041_795888.jpg"
9882,"Kentucky_Warbler_0078_795889.jpg"
9883,"Kentucky_Warbler_0003_795892.jpg"
9884,"Kentucky_Warbler_0068_795893.jpg"
9885,"Kentucky_Warbler_0073_795895.jpg"
9886,"Kentucky_Warbler_0062_795897.jpg"
9887,"Kentucky_Warbler_0065_795899.jpg"
9888,"Kentucky_Warbler_0020_795903.jpg"
9889,"Magnolia_Warbler_0113_166401.jpg"
9890,"Magnolia_Warbler_0112_166406.jpg"
9891,"Magnolia_Warbler_0047_165900.jpg"
9892,"Magnolia_Warbler_0021_165919.jpg"
9893,"Magnolia_Warbler_0040_165921.jpg"
9894,"Magnolia_Warbler_0122_165940.jpg"
9895,"Magnolia_Warbler_0064_165471.jpg"
9896,"Magnolia_Warbler_0018_165958.jpg"
9897,"Magnolia_Warbler_0045_165448.jpg"
9898,"Magnolia_Warbler_0054_165965.jpg"
9899,"Magnolia_Warbler_0097_165455.jpg"
9900,"Magnolia_Warbler_0120_165462.jpg"
9901,"Magnolia_Warbler_0114_165467.jpg"
9902,"Magnolia_Warbler_0052_165474.jpg"
9903,"Magnolia_Warbler_0111_165478.jpg"
9904,"Magnolia_Warbler_0067_165484.jpg"
9905,"Magnolia_Warbler_0026_165498.jpg"
9906,"Magnolia_Warbler_0137_165507.jpg"
9907,"Magnolia_Warbler_0039_165532.jpg"
9908,"Magnolia_Warbler_0072_165534.jpg"
9909,"Magnolia_Warbler_0004_165535.jpg"
9910,"Magnolia_Warbler_0029_165567.jpg"
9911,"Magnolia_Warbler_0139_166081.jpg"
9912,"Magnolia_Warbler_0090_166087.jpg"
9913,"Magnolia_Warbler_0034_166097.jpg"
9914,"Magnolia_Warbler_0095_166098.jpg"
9915,"Magnolia_Warbler_0044_165599.jpg"
9916,"Magnolia_Warbler_0063_166121.jpg"
9917,"Magnolia_Warbler_0046_166150.jpg"
9918,"Magnolia_Warbler_0051_165646.jpg"
9919,"Magnolia_Warbler_0103_165647.jpg"
9920,"Magnolia_Warbler_0105_165661.jpg"
9921,"Magnolia_Warbler_0066_166184.jpg"
9922,"Magnolia_Warbler_0057_165673.jpg"
9923,"Magnolia_Warbler_0077_165674.jpg"
9924,"Magnolia_Warbler_0053_165682.jpg"
9925,"Magnolia_Warbler_0131_166197.jpg"
9926,"Magnolia_Warbler_0106_165689.jpg"
9927,"Magnolia_Warbler_0022_165693.jpg"
9928,"Magnolia_Warbler_0104_165696.jpg"
9929,"Magnolia_Warbler_0041_165709.jpg"
9930,"Magnolia_Warbler_0001_166266.jpg"
9931,"Magnolia_Warbler_0043_165774.jpg"
9932,"Magnolia_Warbler_0020_166211.jpg"
9933,"Magnolia_Warbler_0030_165782.jpg"
9934,"Magnolia_Warbler_0079_165783.jpg"
9935,"Magnolia_Warbler_0134_165801.jpg"
9936,"Magnolia_Warbler_0092_165807.jpg"
9937,"Magnolia_Warbler_0032_165960.jpg"
9938,"Magnolia_Warbler_0015_165817.jpg"
9939,"Magnolia_Warbler_0023_165827.jpg"
9940,"Magnolia_Warbler_0076_165832.jpg"
9941,"Magnolia_Warbler_0042_159690.jpg"
9942,"Magnolia_Warbler_0048_165862.jpg"
9943,"Magnolia_Warbler_0140_165543.jpg"
9944,"Magnolia_Warbler_0011_166382.jpg"
9945,"Magnolia_Warbler_0136_166388.jpg"
9946,"Magnolia_Warbler_0123_166389.jpg"
9947,"Magnolia_Warbler_0102_165884.jpg"
9948,"Mourning_Warbler_0014_166427.jpg"
9949,"Mourning_Warbler_0009_166429.jpg"
9950,"Mourning_Warbler_0036_166432.jpg"
9951,"Mourning_Warbler_0081_166434.jpg"
9952,"Mourning_Warbler_0055_166436.jpg"
9953,"Mourning_Warbler_0020_166440.jpg"
9954,"Mourning_Warbler_0064_166447.jpg"
9955,"Mourning_Warbler_0008_166467.jpg"
9956,"Mourning_Warbler_0049_166469.jpg"
9957,"Mourning_Warbler_0056_166476.jpg"
9958,"Mourning_Warbler_0033_166489.jpg"
9959,"Mourning_Warbler_0066_166491.jpg"
9960,"Mourning_Warbler_0042_166493.jpg"
9961,"Mourning_Warbler_0031_166494.jpg"
9962,"Mourning_Warbler_0007_166500.jpg"
9963,"Mourning_Warbler_0012_166515.jpg"
9964,"Mourning_Warbler_0002_166520.jpg"
9965,"Mourning_Warbler_0073_166524.jpg"
9966,"Mourning_Warbler_0029_166530.jpg"
9967,"Mourning_Warbler_0062_166531.jpg"
9968,"Mourning_Warbler_0015_166535.jpg"
9969,"Mourning_Warbler_0052_166537.jpg"
9970,"Mourning_Warbler_0026_166538.jpg"
9971,"Mourning_Warbler_0039_166546.jpg"
9972,"Mourning_Warbler_0038_166549.jpg"
9973,"Mourning_Warbler_0069_166559.jpg"
9974,"Mourning_Warbler_0021_166560.jpg"
9975,"Mourning_Warbler_0079_166564.jpg"
9976,"Mourning_Warbler_0077_166567.jpg"
9977,"Mourning_Warbler_0082_166574.jpg"
9978,"Mourning_Warbler_0045_166575.jpg"
9979,"Mourning_Warbler_0035_166586.jpg"
9980,"Mourning_Warbler_0006_166595.jpg"
9981,"Mourning_Warbler_0048_166596.jpg"
9982,"Mourning_Warbler_0061_166598.jpg"
9983,"Mourning_Warbler_0057_795342.jpg"
9984,"Mourning_Warbler_0050_795343.jpg"
9985,"Mourning_Warbler_0025_166608.jpg"
9986,"Mourning_Warbler_0053_795345.jpg"
9987,"Mourning_Warbler_0019_795347.jpg"
9988,"Mourning_Warbler_0051_795352.jpg"
9989,"Mourning_Warbler_0067_795353.jpg"
9990,"Mourning_Warbler_0060_795355.jpg"
9991,"Mourning_Warbler_0041_795358.jpg"
9992,"Mourning_Warbler_0023_795362.jpg"
9993,"Mourning_Warbler_0024_795363.jpg"
9994,"Mourning_Warbler_0059_795365.jpg"
9995,"Mourning_Warbler_0074_795367.jpg"
9996,"Mourning_Warbler_0040_795370.jpg"
9997,"Mourning_Warbler_0005_795372.jpg"
9998,"Mourning_Warbler_0047_795373.jpg"
9999,"Mourning_Warbler_0065_795374.jpg"
10000,"Mourning_Warbler_0083_795376.jpg"
10001,"Mourning_Warbler_0078_795377.jpg"
10002,"Mourning_Warbler_0072_795379.jpg"
10003,"Mourning_Warbler_0011_795380.jpg"
10004,"Mourning_Warbler_0037_795381.jpg"
10005,"Mourning_Warbler_0034_795384.jpg"
10006,"Mourning_Warbler_0018_795386.jpg"
10007,"Mourning_Warbler_0054_795387.jpg"
10008,"Myrtle_Warbler_0069_166914.jpg"
10009,"Myrtle_Warbler_0107_166917.jpg"
10010,"Myrtle_Warbler_0094_166922.jpg"
10011,"Myrtle_Warbler_0086_166926.jpg"
10012,"Myrtle_Warbler_0008_166927.jpg"
10013,"Myrtle_Warbler_0064_166679.jpg"
10014,"Myrtle_Warbler_0026_166680.jpg"
10015,"Myrtle_Warbler_0101_166942.jpg"
10016,"Myrtle_Warbler_0059_166946.jpg"
10017,"Myrtle_Warbler_0071_166692.jpg"
10018,"Myrtle_Warbler_0072_166702.jpg"
10019,"Myrtle_Warbler_0025_166704.jpg"
10020,"Myrtle_Warbler_0103_166963.jpg"
10021,"Myrtle_Warbler_0039_166709.jpg"
10022,"Myrtle_Warbler_0045_166710.jpg"
10023,"Myrtle_Warbler_0043_166708.jpg"
10024,"Myrtle_Warbler_0034_166720.jpg"
10025,"Myrtle_Warbler_0009_166752.jpg"
10026,"Myrtle_Warbler_0102_166725.jpg"
10027,"Myrtle_Warbler_0033_166727.jpg"
10028,"Myrtle_Warbler_0054_166985.jpg"
10029,"Myrtle_Warbler_0093_166986.jpg"
10030,"Myrtle_Warbler_0047_166987.jpg"
10031,"Myrtle_Warbler_0016_166736.jpg"
10032,"Myrtle_Warbler_0083_166738.jpg"
10033,"Myrtle_Warbler_0020_166997.jpg"
10034,"Myrtle_Warbler_0015_166713.jpg"
10035,"Myrtle_Warbler_0097_167001.jpg"
10036,"Myrtle_Warbler_0084_166747.jpg"
10037,"Myrtle_Warbler_0077_166749.jpg"
10038,"Myrtle_Warbler_0112_166754.jpg"
10039,"Myrtle_Warbler_0091_166762.jpg"
10040,"Myrtle_Warbler_0023_166764.jpg"
10041,"Myrtle_Warbler_0001_166770.jpg"
10042,"Myrtle_Warbler_0087_166783.jpg"
10043,"Myrtle_Warbler_0110_166785.jpg"
10044,"Myrtle_Warbler_0068_166892.jpg"
10045,"Myrtle_Warbler_0098_166794.jpg"
10046,"Myrtle_Warbler_0073_166798.jpg"
10047,"Myrtle_Warbler_0028_166905.jpg"
10048,"Myrtle_Warbler_0061_166816.jpg"
10049,"Myrtle_Warbler_0050_166820.jpg"
10050,"Myrtle_Warbler_0067_166828.jpg"
10051,"Myrtle_Warbler_0104_166829.jpg"
10052,"Myrtle_Warbler_0014_166831.jpg"
10053,"Myrtle_Warbler_0036_166833.jpg"
10054,"Myrtle_Warbler_0113_166834.jpg"
10055,"Myrtle_Warbler_0032_166847.jpg"
10056,"Myrtle_Warbler_0063_93378.jpg"
10057,"Myrtle_Warbler_0044_166852.jpg"
10058,"Myrtle_Warbler_0005_166853.jpg"
10059,"Myrtle_Warbler_0030_166732.jpg"
10060,"Myrtle_Warbler_0037_166690.jpg"
10061,"Myrtle_Warbler_0100_166871.jpg"
10062,"Myrtle_Warbler_0078_166875.jpg"
10063,"Myrtle_Warbler_0065_166885.jpg"
10064,"Myrtle_Warbler_0074_166637.jpg"
10065,"Myrtle_Warbler_0088_166639.jpg"
10066,"Myrtle_Warbler_0089_166896.jpg"
10067,"Myrtle_Warbler_0007_166897.jpg"
10068,"Nashville_Warbler_0109_167428.jpg"
10069,"Nashville_Warbler_0015_167429.jpg"
10070,"Nashville_Warbler_0105_167452.jpg"
10071,"Nashville_Warbler_0040_167454.jpg"
10072,"Nashville_Warbler_0103_167455.jpg"
10073,"Nashville_Warbler_0092_167457.jpg"
10074,"Nashville_Warbler_0036_167461.jpg"
10075,"Nashville_Warbler_0128_166444.jpg"
10076,"Nashville_Warbler_0050_167475.jpg"
10077,"Nashville_Warbler_0127_167494.jpg"
10078,"Nashville_Warbler_0006_167497.jpg"
10079,"Nashville_Warbler_0057_167008.jpg"
10080,"Nashville_Warbler_0115_167039.jpg"
10081,"Nashville_Warbler_0029_167044.jpg"
10082,"Nashville_Warbler_0086_167045.jpg"
10083,"Nashville_Warbler_0129_167053.jpg"
10084,"Nashville_Warbler_0041_167534.jpg"
10085,"Nashville_Warbler_0048_167071.jpg"
10086,"Nashville_Warbler_0121_167078.jpg"
10087,"Nashville_Warbler_0104_167096.jpg"
10088,"Nashville_Warbler_0130_167101.jpg"
10089,"Nashville_Warbler_0005_167103.jpg"
10090,"Nashville_Warbler_0001_167117.jpg"
10091,"Nashville_Warbler_0056_167123.jpg"
10092,"Nashville_Warbler_0004_167146.jpg"
10093,"Nashville_Warbler_0120_167149.jpg"
10094,"Nashville_Warbler_0107_167186.jpg"
10095,"Nashville_Warbler_0014_167190.jpg"
10096,"Nashville_Warbler_0018_167191.jpg"
10097,"Nashville_Warbler_0102_167195.jpg"
10098,"Nashville_Warbler_0020_167198.jpg"
10099,"Nashville_Warbler_0079_167213.jpg"
10100,"Nashville_Warbler_0027_167224.jpg"
10101,"Nashville_Warbler_0100_167226.jpg"
10102,"Nashville_Warbler_0081_167234.jpg"
10103,"Nashville_Warbler_0023_167242.jpg"
10104,"Nashville_Warbler_0051_167250.jpg"
10105,"Nashville_Warbler_0054_167258.jpg"
10106,"Nashville_Warbler_0108_167259.jpg"
10107,"Nashville_Warbler_0068_167266.jpg"
10108,"Nashville_Warbler_0110_167268.jpg"
10109,"Nashville_Warbler_0126_167274.jpg"
10110,"Nashville_Warbler_0037_167280.jpg"
10111,"Nashville_Warbler_0035_167283.jpg"
10112,"Nashville_Warbler_0124_167285.jpg"
10113,"Nashville_Warbler_0098_167293.jpg"
10114,"Nashville_Warbler_0028_167065.jpg"
10115,"Nashville_Warbler_0123_167324.jpg"
10116,"Nashville_Warbler_0013_167326.jpg"
10117,"Nashville_Warbler_0055_167331.jpg"
10118,"Nashville_Warbler_0042_167346.jpg"
10119,"Nashville_Warbler_0060_167347.jpg"
10120,"Nashville_Warbler_0118_167350.jpg"
10121,"Nashville_Warbler_0061_167355.jpg"
10122,"Nashville_Warbler_0044_167357.jpg"
10123,"Nashville_Warbler_0032_167385.jpg"
10124,"Nashville_Warbler_0076_167389.jpg"
10125,"Nashville_Warbler_0053_167403.jpg"
10126,"Nashville_Warbler_0064_167411.jpg"
10127,"Nashville_Warbler_0075_167419.jpg"
10128,"Orange_Crowned_Warbler_0083_167948.jpg"
10129,"Orange_Crowned_Warbler_0066_167949.jpg"
10130,"Orange_Crowned_Warbler_0065_167952.jpg"
10131,"Orange_Crowned_Warbler_0064_166929.jpg"
10132,"Orange_Crowned_Warbler_0080_167960.jpg"
10133,"Orange_Crowned_Warbler_0078_167964.jpg"
10134,"Orange_Crowned_Warbler_0049_167974.jpg"
10135,"Orange_Crowned_Warbler_0037_167687.jpg"
10136,"Orange_Crowned_Warbler_0113_167984.jpg"
10137,"Orange_Crowned_Warbler_0117_167987.jpg"
10138,"Orange_Crowned_Warbler_0033_167991.jpg"
10139,"Orange_Crowned_Warbler_0006_167998.jpg"
10140,"Orange_Crowned_Warbler_0051_168002.jpg"
10141,"Orange_Crowned_Warbler_0097_168004.jpg"
10142,"Orange_Crowned_Warbler_0090_167607.jpg"
10143,"Orange_Crowned_Warbler_0128_168012.jpg"
10144,"Orange_Crowned_Warbler_0052_168013.jpg"
10145,"Orange_Crowned_Warbler_0040_168029.jpg"
10146,"Orange_Crowned_Warbler_0111_168040.jpg"
10147,"Orange_Crowned_Warbler_0088_168052.jpg"
10148,"Orange_Crowned_Warbler_0042_167614.jpg"
10149,"Orange_Crowned_Warbler_0103_168566.jpg"
10150,"Orange_Crowned_Warbler_0007_167545.jpg"
10151,"Orange_Crowned_Warbler_0016_168082.jpg"
10152,"Orange_Crowned_Warbler_0055_168600.jpg"
10153,"Orange_Crowned_Warbler_0091_167578.jpg"
10154,"Orange_Crowned_Warbler_0094_167584.jpg"
10155,"Orange_Crowned_Warbler_0068_167585.jpg"
10156,"Orange_Crowned_Warbler_0120_167587.jpg"
10157,"Orange_Crowned_Warbler_0067_167588.jpg"
10158,"Orange_Crowned_Warbler_0032_167589.jpg"
10159,"Orange_Crowned_Warbler_0071_167595.jpg"
10160,"Orange_Crowned_Warbler_0062_168119.jpg"
10161,"Orange_Crowned_Warbler_0048_167610.jpg"
10162,"Orange_Crowned_Warbler_0018_168126.jpg"
10163,"Orange_Crowned_Warbler_0011_167615.jpg"
10164,"Orange_Crowned_Warbler_0019_167626.jpg"
10165,"Orange_Crowned_Warbler_0118_167640.jpg"
10166,"Orange_Crowned_Warbler_0028_167641.jpg"
10167,"Orange_Crowned_Warbler_0081_167647.jpg"
10168,"Orange_Crowned_Warbler_0050_168166.jpg"
10169,"Orange_Crowned_Warbler_0119_167658.jpg"
10170,"Orange_Crowned_Warbler_0001_167660.jpg"
10171,"Orange_Crowned_Warbler_0034_168185.jpg"
10172,"Orange_Crowned_Warbler_0102_168189.jpg"
10173,"Orange_Crowned_Warbler_0015_168196.jpg"
10174,"Orange_Crowned_Warbler_0009_168228.jpg"
10175,"Orange_Crowned_Warbler_0114_167732.jpg"
10176,"Orange_Crowned_Warbler_0059_168259.jpg"
10177,"Orange_Crowned_Warbler_0021_168263.jpg"
10178,"Orange_Crowned_Warbler_0005_168314.jpg"
10179,"Orange_Crowned_Warbler_0079_168372.jpg"
10180,"Orange_Crowned_Warbler_0030_168376.jpg"
10181,"Orange_Crowned_Warbler_0027_168381.jpg"
10182,"Orange_Crowned_Warbler_0038_168384.jpg"
10183,"Orange_Crowned_Warbler_0056_167876.jpg"
10184,"Orange_Crowned_Warbler_0057_168424.jpg"
10185,"Orange_Crowned_Warbler_0112_168437.jpg"
10186,"Orange_Crowned_Warbler_0087_168439.jpg"
10187,"Orange_Crowned_Warbler_0126_168445.jpg"
10188,"Palm_Warbler_0007_169473.jpg"
10189,"Palm_Warbler_0093_170499.jpg"
10190,"Palm_Warbler_0024_170501.jpg"
10191,"Palm_Warbler_0089_168968.jpg"
10192,"Palm_Warbler_0051_169487.jpg"
10193,"Palm_Warbler_0110_169490.jpg"
10194,"Palm_Warbler_0117_170073.jpg"
10195,"Palm_Warbler_0002_169527.jpg"
10196,"Palm_Warbler_0050_170042.jpg"
10197,"Palm_Warbler_0056_168740.jpg"
10198,"Palm_Warbler_0077_169042.jpg"
10199,"Palm_Warbler_0113_170080.jpg"
10200,"Palm_Warbler_0118_170081.jpg"
10201,"Palm_Warbler_0106_169571.jpg"
10202,"Palm_Warbler_0133_169575.jpg"
10203,"Palm_Warbler_0092_170604.jpg"
10204,"Palm_Warbler_0112_169595.jpg"
10205,"Palm_Warbler_0107_170620.jpg"
10206,"Palm_Warbler_0046_169837.jpg"
10207,"Palm_Warbler_0015_169626.jpg"
10208,"Palm_Warbler_0028_169670.jpg"
10209,"Palm_Warbler_0095_170610.jpg"
10210,"Palm_Warbler_0111_169663.jpg"
10211,"Palm_Warbler_0086_169676.jpg"
10212,"Palm_Warbler_0054_169175.jpg"
10213,"Palm_Warbler_0136_170276.jpg"
10214,"Palm_Warbler_0055_170219.jpg"
10215,"Palm_Warbler_0060_168686.jpg"
10216,"Palm_Warbler_0068_170243.jpg"
10217,"Palm_Warbler_0082_168709.jpg"
10218,"Palm_Warbler_0100_168725.jpg"
10219,"Palm_Warbler_0081_169256.jpg"
10220,"Palm_Warbler_0083_170281.jpg"
10221,"Palm_Warbler_0075_168751.jpg"
10222,"Palm_Warbler_0073_169781.jpg"
10223,"Palm_Warbler_0001_170297.jpg"
10224,"Palm_Warbler_0066_169284.jpg"
10225,"Palm_Warbler_0126_170311.jpg"
10226,"Palm_Warbler_0116_170319.jpg"
10227,"Palm_Warbler_0004_168786.jpg"
10228,"Palm_Warbler_0067_169318.jpg"
10229,"Palm_Warbler_0044_169319.jpg"
10230,"Palm_Warbler_0012_170857.jpg"
10231,"Palm_Warbler_0034_170352.jpg"
10232,"Palm_Warbler_0096_170867.jpg"
10233,"Palm_Warbler_0102_168829.jpg"
10234,"Palm_Warbler_0047_169354.jpg"
10235,"Palm_Warbler_0039_170894.jpg"
10236,"Palm_Warbler_0020_168857.jpg"
10237,"Palm_Warbler_0049_169885.jpg"
10238,"Palm_Warbler_0105_170429.jpg"
10239,"Palm_Warbler_0005_169918.jpg"
10240,"Palm_Warbler_0040_169922.jpg"
10241,"Palm_Warbler_0013_169411.jpg"
10242,"Palm_Warbler_0108_169426.jpg"
10243,"Palm_Warbler_0006_169429.jpg"
10244,"Palm_Warbler_0061_169954.jpg"
10245,"Palm_Warbler_0003_170474.jpg"
10246,"Palm_Warbler_0010_169452.jpg"
10247,"Palm_Warbler_0134_168943.jpg"
10248,"Pine_Warbler_0007_171523.jpg"
10249,"Pine_Warbler_0021_171525.jpg"
10250,"Pine_Warbler_0129_171035.jpg"
10251,"Pine_Warbler_0005_171548.jpg"
10252,"Pine_Warbler_0074_172061.jpg"
10253,"Pine_Warbler_0119_171551.jpg"
10254,"Pine_Warbler_0111_171040.jpg"
10255,"Pine_Warbler_0032_172080.jpg"
10256,"Pine_Warbler_0095_171588.jpg"
10257,"Pine_Warbler_0076_172104.jpg"
10258,"Pine_Warbler_0065_172119.jpg"
10259,"Pine_Warbler_0035_98396.jpg"
10260,"Pine_Warbler_0108_170597.jpg"
10261,"Pine_Warbler_0044_171104.jpg"
10262,"Pine_Warbler_0106_171107.jpg"
10263,"Pine_Warbler_0025_171110.jpg"
10264,"Pine_Warbler_0091_171627.jpg"
10265,"Pine_Warbler_0083_171117.jpg"
10266,"Pine_Warbler_0060_171635.jpg"
10267,"Pine_Warbler_0003_171639.jpg"
10268,"Pine_Warbler_0133_171641.jpg"
10269,"Pine_Warbler_0037_171649.jpg"
10270,"Pine_Warbler_0033_171657.jpg"
10271,"Pine_Warbler_0102_171147.jpg"
10272,"Pine_Warbler_0045_171150.jpg"
10273,"Pine_Warbler_0118_171152.jpg"
10274,"Pine_Warbler_0104_171668.jpg"
10275,"Pine_Warbler_0078_171374.jpg"
10276,"Pine_Warbler_0097_171671.jpg"
10277,"Pine_Warbler_0017_171678.jpg"
10278,"Pine_Warbler_0022_172197.jpg"
10279,"Pine_Warbler_0002_171176.jpg"
10280,"Pine_Warbler_0056_172064.jpg"
10281,"Pine_Warbler_0004_171215.jpg"
10282,"Pine_Warbler_0050_159442.jpg"
10283,"Pine_Warbler_0127_171742.jpg"
10284,"Pine_Warbler_0010_171239.jpg"
10285,"Pine_Warbler_0141_171263.jpg"
10286,"Pine_Warbler_0122_171274.jpg"
10287,"Pine_Warbler_0126_171282.jpg"
10288,"Pine_Warbler_0054_171287.jpg"
10289,"Pine_Warbler_0120_172340.jpg"
10290,"Pine_Warbler_0008_171330.jpg"
10291,"Pine_Warbler_0009_171869.jpg"
10292,"Pine_Warbler_0052_171380.jpg"
10293,"Pine_Warbler_0136_171382.jpg"
10294,"Pine_Warbler_0084_172409.jpg"
10295,"Pine_Warbler_0038_171386.jpg"
10296,"Pine_Warbler_0103_171922.jpg"
10297,"Pine_Warbler_0075_171933.jpg"
10298,"Pine_Warbler_0132_171936.jpg"
10299,"Pine_Warbler_0113_172456.jpg"
10300,"Pine_Warbler_0046_171452.jpg"
10301,"Pine_Warbler_0080_171975.jpg"
10302,"Pine_Warbler_0020_171989.jpg"
10303,"Pine_Warbler_0088_170980.jpg"
10304,"Pine_Warbler_0085_170981.jpg"
10305,"Pine_Warbler_0105_170983.jpg"
10306,"Pine_Warbler_0041_171477.jpg"
10307,"Pine_Warbler_0101_171501.jpg"
10308,"Prairie_Warbler_0113_172544.jpg"
10309,"Prairie_Warbler_0040_173056.jpg"
10310,"Prairie_Warbler_0010_172547.jpg"
10311,"Prairie_Warbler_0034_172549.jpg"
10312,"Prairie_Warbler_0037_172550.jpg"
10313,"Prairie_Warbler_0108_172559.jpg"
10314,"Prairie_Warbler_0107_173080.jpg"
10315,"Prairie_Warbler_0007_173081.jpg"
10316,"Prairie_Warbler_0058_172573.jpg"
10317,"Prairie_Warbler_0096_172577.jpg"
10318,"Prairie_Warbler_0048_173095.jpg"
10319,"Prairie_Warbler_0051_172585.jpg"
10320,"Prairie_Warbler_0091_172597.jpg"
10321,"Prairie_Warbler_0054_172602.jpg"
10322,"Prairie_Warbler_0123_172603.jpg"
10323,"Prairie_Warbler_0130_172609.jpg"
10324,"Prairie_Warbler_0137_172610.jpg"
10325,"Prairie_Warbler_0028_173123.jpg"
10326,"Prairie_Warbler_0104_172615.jpg"
10327,"Prairie_Warbler_0029_172618.jpg"
10328,"Prairie_Warbler_0002_172622.jpg"
10329,"Prairie_Warbler_0071_173140.jpg"
10330,"Prairie_Warbler_0063_172682.jpg"
10331,"Prairie_Warbler_0115_172689.jpg"
10332,"Prairie_Warbler_0138_172695.jpg"
10333,"Prairie_Warbler_0047_173210.jpg"
10334,"Prairie_Warbler_0132_172705.jpg"
10335,"Prairie_Warbler_0075_172709.jpg"
10336,"Prairie_Warbler_0080_172724.jpg"
10337,"Prairie_Warbler_0078_172729.jpg"
10338,"Prairie_Warbler_0079_172735.jpg"
10339,"Prairie_Warbler_0011_172744.jpg"
10340,"Prairie_Warbler_0135_172745.jpg"
10341,"Prairie_Warbler_0118_173261.jpg"
10342,"Prairie_Warbler_0062_172755.jpg"
10343,"Prairie_Warbler_0133_173279.jpg"
10344,"Prairie_Warbler_0136_172768.jpg"
10345,"Prairie_Warbler_0073_172771.jpg"
10346,"Prairie_Warbler_0106_173071.jpg"
10347,"Prairie_Warbler_0053_173290.jpg"
10348,"Prairie_Warbler_0082_172783.jpg"
10349,"Prairie_Warbler_0120_173097.jpg"
10350,"Prairie_Warbler_0031_172818.jpg"
10351,"Prairie_Warbler_0066_173350.jpg"
10352,"Prairie_Warbler_0094_91950.jpg"
10353,"Prairie_Warbler_0020_173359.jpg"
10354,"Prairie_Warbler_0050_173281.jpg"
10355,"Prairie_Warbler_0052_173400.jpg"
10356,"Prairie_Warbler_0021_172902.jpg"
10357,"Prairie_Warbler_0109_172909.jpg"
10358,"Prairie_Warbler_0127_172913.jpg"
10359,"Prairie_Warbler_0126_172931.jpg"
10360,"Prairie_Warbler_0112_173383.jpg"
10361,"Prairie_Warbler_0027_172465.jpg"
10362,"Prairie_Warbler_0105_172982.jpg"
10363,"Prairie_Warbler_0025_165306.jpg"
10364,"Prairie_Warbler_0009_173022.jpg"
10365,"Prairie_Warbler_0086_172534.jpg"
10366,"Prairie_Warbler_0125_172536.jpg"
10367,"Prairie_Warbler_0014_172542.jpg"
10368,"Prothonotary_Warbler_0112_174594.jpg"
10369,"Prothonotary_Warbler_0102_174595.jpg"
10370,"Prothonotary_Warbler_0073_174607.jpg"
10371,"Prothonotary_Warbler_0105_174097.jpg"
10372,"Prothonotary_Warbler_0046_174104.jpg"
10373,"Prothonotary_Warbler_0064_174106.jpg"
10374,"Prothonotary_Warbler_0117_174622.jpg"
10375,"Prothonotary_Warbler_0063_173830.jpg"
10376,"Prothonotary_Warbler_0088_173606.jpg"
10377,"Prothonotary_Warbler_0094_173607.jpg"
10378,"Prothonotary_Warbler_0109_174121.jpg"
10379,"Prothonotary_Warbler_0020_174122.jpg"
10380,"Prothonotary_Warbler_0033_174123.jpg"
10381,"Prothonotary_Warbler_0089_174636.jpg"
10382,"Prothonotary_Warbler_0108_174125.jpg"
10383,"Prothonotary_Warbler_0121_174643.jpg"
10384,"Prothonotary_Warbler_0022_174138.jpg"
10385,"Prothonotary_Warbler_0127_174149.jpg"
10386,"Prothonotary_Warbler_0090_174183.jpg"
10387,"Prothonotary_Warbler_0018_174196.jpg"
10388,"Prothonotary_Warbler_0124_173686.jpg"
10389,"Prothonotary_Warbler_0071_173690.jpg"
10390,"Prothonotary_Warbler_0069_174210.jpg"
10391,"Prothonotary_Warbler_0049_174213.jpg"
10392,"Prothonotary_Warbler_0106_174221.jpg"
10393,"Prothonotary_Warbler_0023_173788.jpg"
10394,"Prothonotary_Warbler_0076_174118.jpg"
10395,"Prothonotary_Warbler_0066_174318.jpg"
10396,"Prothonotary_Warbler_0057_173865.jpg"
10397,"Prothonotary_Warbler_0021_173816.jpg"
10398,"Prothonotary_Warbler_0038_173867.jpg"
10399,"Prothonotary_Warbler_0047_174340.jpg"
10400,"Prothonotary_Warbler_0085_173829.jpg"
10401,"Prothonotary_Warbler_0019_173838.jpg"
10402,"Prothonotary_Warbler_0110_173857.jpg"
10403,"Prothonotary_Warbler_0096_174372.jpg"
10404,"Prothonotary_Warbler_0079_173899.jpg"
10405,"Prothonotary_Warbler_0062_174412.jpg"
10406,"Prothonotary_Warbler_0098_173913.jpg"
10407,"Prothonotary_Warbler_0070_174650.jpg"
10408,"Prothonotary_Warbler_0107_173921.jpg"
10409,"Prothonotary_Warbler_0083_173929.jpg"
10410,"Prothonotary_Warbler_0037_173418.jpg"
10411,"Prothonotary_Warbler_0055_173419.jpg"
10412,"Prothonotary_Warbler_0065_173422.jpg"
10413,"Prothonotary_Warbler_0008_173425.jpg"
10414,"Prothonotary_Warbler_0084_173939.jpg"
10415,"Prothonotary_Warbler_0059_173434.jpg"
10416,"Prothonotary_Warbler_0058_173440.jpg"
10417,"Prothonotary_Warbler_0074_173443.jpg"
10418,"Prothonotary_Warbler_0116_173444.jpg"
10419,"Prothonotary_Warbler_0040_173447.jpg"
10420,"Prothonotary_Warbler_0082_173970.jpg"
10421,"Prothonotary_Warbler_0004_173475.jpg"
10422,"Prothonotary_Warbler_0081_173510.jpg"
10423,"Prothonotary_Warbler_0100_174539.jpg"
10424,"Prothonotary_Warbler_0097_174554.jpg"
10425,"Prothonotary_Warbler_0054_174556.jpg"
10426,"Prothonotary_Warbler_0045_173536.jpg"
10427,"Prothonotary_Warbler_0031_174578.jpg"
10428,"Swainson_Warbler_0049_794880.jpg"
10429,"Swainson_Warbler_0025_794881.jpg"
10430,"Swainson_Warbler_0038_794882.jpg"
10431,"Swainson_Warbler_0029_794883.jpg"
10432,"Swainson_Warbler_0010_174724.jpg"
10433,"Swainson_Warbler_0024_794885.jpg"
10434,"Swainson_Warbler_0008_794886.jpg"
10435,"Swainson_Warbler_0048_794887.jpg"
10436,"Swainson_Warbler_0032_174728.jpg"
10437,"Swainson_Warbler_0034_794890.jpg"
10438,"Swainson_Warbler_0015_794891.jpg"
10439,"Swainson_Warbler_0013_794892.jpg"
10440,"Swainson_Warbler_0041_794893.jpg"
10441,"Swainson_Warbler_0044_794894.jpg"
10442,"Swainson_Warbler_0042_794895.jpg"
10443,"Swainson_Warbler_0028_794896.jpg"
10444,"Swainson_Warbler_0021_794898.jpg"
10445,"Swainson_Warbler_0012_174739.jpg"
10446,"Swainson_Warbler_0051_794900.jpg"
10447,"Swainson_Warbler_0035_174741.jpg"
10448,"Swainson_Warbler_0007_174745.jpg"
10449,"Swainson_Warbler_0026_794884.jpg"
10450,"Swainson_Warbler_0009_174746.jpg"
10451,"Swainson_Warbler_0043_794865.jpg"
10452,"Swainson_Warbler_0036_174699.jpg"
10453,"Swainson_Warbler_0005_794888.jpg"
10454,"Swainson_Warbler_0033_794856.jpg"
10455,"Swainson_Warbler_0018_174715.jpg"
10456,"Swainson_Warbler_0053_174678.jpg"
10457,"Swainson_Warbler_0011_174680.jpg"
10458,"Swainson_Warbler_0002_174683.jpg"
10459,"Swainson_Warbler_0017_174685.jpg"
10460,"Swainson_Warbler_0054_174689.jpg"
10461,"Swainson_Warbler_0037_174691.jpg"
10462,"Swainson_Warbler_0019_174692.jpg"
10463,"Swainson_Warbler_0031_174696.jpg"
10464,"Swainson_Warbler_0006_794857.jpg"
10465,"Swainson_Warbler_0014_794858.jpg"
10466,"Swainson_Warbler_0039_794859.jpg"
10467,"Swainson_Warbler_0040_794860.jpg"
10468,"Swainson_Warbler_0050_794861.jpg"
10469,"Swainson_Warbler_0020_794863.jpg"
10470,"Swainson_Warbler_0030_794864.jpg"
10471,"Swainson_Warbler_0016_174705.jpg"
10472,"Swainson_Warbler_0003_794866.jpg"
10473,"Swainson_Warbler_0055_794899.jpg"
10474,"Swainson_Warbler_0022_794868.jpg"
10475,"Swainson_Warbler_0001_794869.jpg"
10476,"Swainson_Warbler_0047_794870.jpg"
10477,"Swainson_Warbler_0056_794871.jpg"
10478,"Swainson_Warbler_0046_794872.jpg"
10479,"Swainson_Warbler_0004_794874.jpg"
10480,"Swainson_Warbler_0052_794875.jpg"
10481,"Swainson_Warbler_0045_794876.jpg"
10482,"Swainson_Warbler_0027_794877.jpg"
10483,"Swainson_Warbler_0023_174717.jpg"
10484,"Tennessee_Warbler_0074_175058.jpg"
10485,"Tennessee_Warbler_0050_174851.jpg"
10486,"Tennessee_Warbler_0034_174854.jpg"
10487,"Tennessee_Warbler_0026_175118.jpg"
10488,"Tennessee_Warbler_0014_175126.jpg"
10489,"Tennessee_Warbler_0039_174883.jpg"
10490,"Tennessee_Warbler_0002_174884.jpg"
10491,"Tennessee_Warbler_0084_174891.jpg"
10492,"Tennessee_Warbler_0030_172338.jpg"
10493,"Tennessee_Warbler_0003_175154.jpg"
10494,"Tennessee_Warbler_0041_174900.jpg"
10495,"Tennessee_Warbler_0095_174903.jpg"
10496,"Tennessee_Warbler_0088_175163.jpg"
10497,"Tennessee_Warbler_0100_175168.jpg"
10498,"Tennessee_Warbler_0045_174913.jpg"
10499,"Tennessee_Warbler_0054_174914.jpg"
10500,"Tennessee_Warbler_0040_174933.jpg"
10501,"Tennessee_Warbler_0009_174937.jpg"
10502,"Tennessee_Warbler_0062_174949.jpg"
10503,"Tennessee_Warbler_0063_168561.jpg"
10504,"Tennessee_Warbler_0085_156530.jpg"
10505,"Tennessee_Warbler_0087_174968.jpg"
10506,"Tennessee_Warbler_0025_174973.jpg"
10507,"Tennessee_Warbler_0023_174977.jpg"
10508,"Tennessee_Warbler_0024_174980.jpg"
10509,"Tennessee_Warbler_0071_175084.jpg"
10510,"Tennessee_Warbler_0096_174993.jpg"
10511,"Tennessee_Warbler_0004_174997.jpg"
10512,"Tennessee_Warbler_0067_174999.jpg"
10513,"Tennessee_Warbler_0043_175003.jpg"
10514,"Tennessee_Warbler_0049_175006.jpg"
10515,"Tennessee_Warbler_0065_174757.jpg"
10516,"Tennessee_Warbler_0051_175015.jpg"
10517,"Tennessee_Warbler_0038_174760.jpg"
10518,"Tennessee_Warbler_0021_174761.jpg"
10519,"Tennessee_Warbler_0075_174763.jpg"
10520,"Tennessee_Warbler_0089_174764.jpg"
10521,"Tennessee_Warbler_0070_174962.jpg"
10522,"Tennessee_Warbler_0081_174771.jpg"
10523,"Tennessee_Warbler_0033_174772.jpg"
10524,"Tennessee_Warbler_0061_174775.jpg"
10525,"Tennessee_Warbler_0042_175092.jpg"
10526,"Tennessee_Warbler_0019_174786.jpg"
10527,"Tennessee_Warbler_0091_175050.jpg"
10528,"Tennessee_Warbler_0007_174796.jpg"
10529,"Tennessee_Warbler_0080_167714.jpg"
10530,"Tennessee_Warbler_0046_174798.jpg"
10531,"Tennessee_Warbler_0022_174799.jpg"
10532,"Tennessee_Warbler_0098_174800.jpg"
10533,"Tennessee_Warbler_0031_174802.jpg"
10534,"Tennessee_Warbler_0027_174805.jpg"
10535,"Tennessee_Warbler_0076_174807.jpg"
10536,"Tennessee_Warbler_0092_174810.jpg"
10537,"Tennessee_Warbler_0013_163552.jpg"
10538,"Tennessee_Warbler_0048_175079.jpg"
10539,"Tennessee_Warbler_0044_174824.jpg"
10540,"Tennessee_Warbler_0052_175089.jpg"
10541,"Tennessee_Warbler_0060_174840.jpg"
10542,"Tennessee_Warbler_0015_174847.jpg"
10543,"Wilson_Warbler_0007_175618.jpg"
10544,"Wilson_Warbler_0089_175619.jpg"
10545,"Wilson_Warbler_0045_175623.jpg"
10546,"Wilson_Warbler_0133_175626.jpg"
10547,"Wilson_Warbler_0127_175637.jpg"
10548,"Wilson_Warbler_0074_175645.jpg"
10549,"Wilson_Warbler_0066_117820.jpg"
10550,"Wilson_Warbler_0070_175169.jpg"
10551,"Wilson_Warbler_0019_175175.jpg"
10552,"Wilson_Warbler_0108_175179.jpg"
10553,"Wilson_Warbler_0069_175181.jpg"
10554,"Wilson_Warbler_0055_175183.jpg"
10555,"Wilson_Warbler_0136_175186.jpg"
10556,"Wilson_Warbler_0100_175726.jpg"
10557,"Wilson_Warbler_0075_175234.jpg"
10558,"Wilson_Warbler_0010_175750.jpg"
10559,"Wilson_Warbler_0059_175249.jpg"
10560,"Wilson_Warbler_0083_175253.jpg"
10561,"Wilson_Warbler_0129_175256.jpg"
10562,"Wilson_Warbler_0102_175769.jpg"
10563,"Wilson_Warbler_0080_175770.jpg"
10564,"Wilson_Warbler_0033_175259.jpg"
10565,"Wilson_Warbler_0067_175261.jpg"
10566,"Wilson_Warbler_0117_175262.jpg"
10567,"Wilson_Warbler_0118_175779.jpg"
10568,"Wilson_Warbler_0131_175268.jpg"
10569,"Wilson_Warbler_0056_175269.jpg"
10570,"Wilson_Warbler_0024_175278.jpg"
10571,"Wilson_Warbler_0054_175285.jpg"
10572,"Wilson_Warbler_0027_175290.jpg"
10573,"Wilson_Warbler_0114_175295.jpg"
10574,"Wilson_Warbler_0047_175304.jpg"
10575,"Wilson_Warbler_0107_175320.jpg"
10576,"Wilson_Warbler_0012_175328.jpg"
10577,"Wilson_Warbler_0040_175347.jpg"
10578,"Wilson_Warbler_0064_175361.jpg"
10579,"Wilson_Warbler_0073_175876.jpg"
10580,"Wilson_Warbler_0126_175368.jpg"
10581,"Wilson_Warbler_0134_175374.jpg"
10582,"Wilson_Warbler_0018_175389.jpg"
10583,"Wilson_Warbler_0065_175924.jpg"
10584,"Wilson_Warbler_0029_175417.jpg"
10585,"Wilson_Warbler_0060_175420.jpg"
10586,"Wilson_Warbler_0122_175937.jpg"
10587,"Wilson_Warbler_0034_175443.jpg"
10588,"Wilson_Warbler_0072_175958.jpg"
10589,"Wilson_Warbler_0038_175449.jpg"
10590,"Wilson_Warbler_0041_175464.jpg"
10591,"Wilson_Warbler_0092_175676.jpg"
10592,"Wilson_Warbler_0043_175491.jpg"
10593,"Wilson_Warbler_0020_175505.jpg"
10594,"Wilson_Warbler_0016_175532.jpg"
10595,"Wilson_Warbler_0025_175859.jpg"
10596,"Wilson_Warbler_0099_175559.jpg"
10597,"Wilson_Warbler_0002_175571.jpg"
10598,"Wilson_Warbler_0050_175573.jpg"
10599,"Wilson_Warbler_0076_175780.jpg"
10600,"Wilson_Warbler_0109_175578.jpg"
10601,"Wilson_Warbler_0095_175595.jpg"
10602,"Wilson_Warbler_0132_175600.jpg"
10603,"Worm_Eating_Warbler_0054_176130.jpg"
10604,"Worm_Eating_Warbler_0075_176045.jpg"
10605,"Worm_Eating_Warbler_0082_176144.jpg"
10606,"Worm_Eating_Warbler_0050_176150.jpg"
10607,"Worm_Eating_Warbler_0057_176006.jpg"
10608,"Worm_Eating_Warbler_0066_92460.jpg"
10609,"Worm_Eating_Warbler_0097_176010.jpg"
10610,"Worm_Eating_Warbler_0046_176053.jpg"
10611,"Worm_Eating_Warbler_0069_176055.jpg"
10612,"Worm_Eating_Warbler_0022_176111.jpg"
10613,"Worm_Eating_Warbler_0060_175969.jpg"
10614,"Worm_Eating_Warbler_0081_175971.jpg"
10615,"Worm_Eating_Warbler_0005_175977.jpg"
10616,"Worm_Eating_Warbler_0087_175978.jpg"
10617,"Worm_Eating_Warbler_0012_795515.jpg"
10618,"Worm_Eating_Warbler_0045_795518.jpg"
10619,"Worm_Eating_Warbler_0067_795520.jpg"
10620,"Worm_Eating_Warbler_0094_795522.jpg"
10621,"Worm_Eating_Warbler_0090_795523.jpg"
10622,"Worm_Eating_Warbler_0092_795524.jpg"
10623,"Worm_Eating_Warbler_0016_795528.jpg"
10624,"Worm_Eating_Warbler_0078_795532.jpg"
10625,"Worm_Eating_Warbler_0002_795533.jpg"
10626,"Worm_Eating_Warbler_0013_795534.jpg"
10627,"Worm_Eating_Warbler_0061_795537.jpg"
10628,"Worm_Eating_Warbler_0085_795540.jpg"
10629,"Worm_Eating_Warbler_0021_795545.jpg"
10630,"Worm_Eating_Warbler_0018_795546.jpg"
10631,"Worm_Eating_Warbler_0056_795547.jpg"
10632,"Worm_Eating_Warbler_0004_795550.jpg"
10633,"Worm_Eating_Warbler_0065_795551.jpg"
10634,"Worm_Eating_Warbler_0063_795553.jpg"
10635,"Worm_Eating_Warbler_0019_795554.jpg"
10636,"Worm_Eating_Warbler_0055_795555.jpg"
10637,"Worm_Eating_Warbler_0079_176036.jpg"
10638,"Worm_Eating_Warbler_0006_176037.jpg"
10639,"Worm_Eating_Warbler_0072_795559.jpg"
10640,"Worm_Eating_Warbler_0034_795560.jpg"
10641,"Worm_Eating_Warbler_0014_176042.jpg"
10642,"Worm_Eating_Warbler_0098_795565.jpg"
10643,"Worm_Eating_Warbler_0011_795566.jpg"
10644,"Worm_Eating_Warbler_0062_795568.jpg"
10645,"Worm_Eating_Warbler_0015_795570.jpg"
10646,"Worm_Eating_Warbler_0042_795571.jpg"
10647,"Worm_Eating_Warbler_0036_795573.jpg"
10648,"Worm_Eating_Warbler_0035_795575.jpg"
10649,"Worm_Eating_Warbler_0027_176062.jpg"
10650,"Worm_Eating_Warbler_0051_176068.jpg"
10651,"Worm_Eating_Warbler_0102_176069.jpg"
10652,"Worm_Eating_Warbler_0086_176073.jpg"
10653,"Worm_Eating_Warbler_0031_176075.jpg"
10654,"Worm_Eating_Warbler_0053_176079.jpg"
10655,"Worm_Eating_Warbler_0076_176086.jpg"
10656,"Worm_Eating_Warbler_0074_176093.jpg"
10657,"Worm_Eating_Warbler_0101_795557.jpg"
10658,"Worm_Eating_Warbler_0026_176096.jpg"
10659,"Worm_Eating_Warbler_0023_176118.jpg"
10660,"Worm_Eating_Warbler_0049_795561.jpg"
10661,"Worm_Eating_Warbler_0039_176120.jpg"
10662,"Yellow_Warbler_0038_176388.jpg"
10663,"Yellow_Warbler_0028_176391.jpg"
10664,"Yellow_Warbler_0071_176655.jpg"
10665,"Yellow_Warbler_0121_176402.jpg"
10666,"Yellow_Warbler_0061_176559.jpg"
10667,"Yellow_Warbler_0080_176542.jpg"
10668,"Yellow_Warbler_0118_176409.jpg"
10669,"Yellow_Warbler_0014_176414.jpg"
10670,"Yellow_Warbler_0018_176674.jpg"
10671,"Yellow_Warbler_0057_176675.jpg"
10672,"Yellow_Warbler_0011_176676.jpg"
10673,"Yellow_Warbler_0003_176429.jpg"
10674,"Yellow_Warbler_0013_176437.jpg"
10675,"Yellow_Warbler_0122_176182.jpg"
10676,"Yellow_Warbler_0039_176444.jpg"
10677,"Yellow_Warbler_0025_176189.jpg"
10678,"Yellow_Warbler_0016_176452.jpg"
10679,"Yellow_Warbler_0047_176456.jpg"
10680,"Yellow_Warbler_0114_176201.jpg"
10681,"Yellow_Warbler_0095_176202.jpg"
10682,"Yellow_Warbler_0034_176204.jpg"
10683,"Yellow_Warbler_0046_176212.jpg"
10684,"Yellow_Warbler_0123_176471.jpg"
10685,"Yellow_Warbler_0073_176218.jpg"
10686,"Yellow_Warbler_0100_176733.jpg"
10687,"Yellow_Warbler_0119_176485.jpg"
10688,"Yellow_Warbler_0093_176490.jpg"
10689,"Yellow_Warbler_0040_176954.jpg"
10690,"Yellow_Warbler_0030_176236.jpg"
10691,"Yellow_Warbler_0007_176616.jpg"
10692,"Yellow_Warbler_0043_176247.jpg"
10693,"Yellow_Warbler_0049_176526.jpg"
10694,"Yellow_Warbler_0004_176947.jpg"
10695,"Yellow_Warbler_0031_176282.jpg"
10696,"Yellow_Warbler_0097_176538.jpg"
10697,"Yellow_Warbler_0063_176800.jpg"
10698,"Yellow_Warbler_0083_176292.jpg"
10699,"Yellow_Warbler_0112_176301.jpg"
10700,"Yellow_Warbler_0104_176541.jpg"
10701,"Yellow_Warbler_0102_176821.jpg"
10702,"Yellow_Warbler_0056_176320.jpg"
10703,"Yellow_Warbler_0042_176460.jpg"
10704,"Yellow_Warbler_0096_176586.jpg"
10705,"Yellow_Warbler_0088_176336.jpg"
10706,"Yellow_Warbler_0026_176337.jpg"
10707,"Yellow_Warbler_0029_176855.jpg"
10708,"Yellow_Warbler_0067_176856.jpg"
10709,"Yellow_Warbler_0069_176346.jpg"
10710,"Yellow_Warbler_0087_176591.jpg"
10711,"Yellow_Warbler_0021_176421.jpg"
10712,"Yellow_Warbler_0101_176864.jpg"
10713,"Yellow_Warbler_0105_176849.jpg"
10714,"Yellow_Warbler_0035_176360.jpg"
10715,"Yellow_Warbler_0020_176364.jpg"
10716,"Yellow_Warbler_0094_176365.jpg"
10717,"Yellow_Warbler_0090_176366.jpg"
10718,"Yellow_Warbler_0044_176367.jpg"
10719,"Yellow_Warbler_0017_176888.jpg"
10720,"Yellow_Warbler_0058_176891.jpg"
10721,"Yellow_Warbler_0106_176383.jpg"
10722,"Northern_Waterthrush_0077_177152.jpg"
10723,"Northern_Waterthrush_0103_177162.jpg"
10724,"Northern_Waterthrush_0089_177167.jpg"
10725,"Northern_Waterthrush_0046_176984.jpg"
10726,"Northern_Waterthrush_0038_177027.jpg"
10727,"Northern_Waterthrush_0061_177172.jpg"
10728,"Northern_Waterthrush_0049_177173.jpg"
10729,"Northern_Waterthrush_0021_177187.jpg"
10730,"Northern_Waterthrush_0041_177199.jpg"
10731,"Northern_Waterthrush_0015_177075.jpg"
10732,"Northern_Waterthrush_0060_177213.jpg"
10733,"Northern_Waterthrush_0033_177214.jpg"
10734,"Northern_Waterthrush_0044_176961.jpg"
10735,"Northern_Waterthrush_0105_176970.jpg"
10736,"Northern_Waterthrush_0081_176972.jpg"
10737,"Northern_Waterthrush_0075_176978.jpg"
10738,"Northern_Waterthrush_0084_177239.jpg"
10739,"Northern_Waterthrush_0076_176986.jpg"
10740,"Northern_Waterthrush_0082_177243.jpg"
10741,"Northern_Waterthrush_0006_176988.jpg"
10742,"Northern_Waterthrush_0023_177002.jpg"
10743,"Northern_Waterthrush_0022_177003.jpg"
10744,"Northern_Waterthrush_0096_177007.jpg"
10745,"Northern_Waterthrush_0079_177008.jpg"
10746,"Northern_Waterthrush_0042_177272.jpg"
10747,"Northern_Waterthrush_0068_177273.jpg"
10748,"Northern_Waterthrush_0036_177274.jpg"
10749,"Northern_Waterthrush_0005_177023.jpg"
10750,"Northern_Waterthrush_0090_177283.jpg"
10751,"Northern_Waterthrush_0027_177286.jpg"
10752,"Northern_Waterthrush_0057_177291.jpg"
10753,"Northern_Waterthrush_0024_177293.jpg"
10754,"Northern_Waterthrush_0097_177045.jpg"
10755,"Northern_Waterthrush_0047_177304.jpg"
10756,"Northern_Waterthrush_0014_177305.jpg"
10757,"Northern_Waterthrush_0011_177311.jpg"
10758,"Northern_Waterthrush_0108_177059.jpg"
10759,"Northern_Waterthrush_0073_177063.jpg"
10760,"Northern_Waterthrush_0043_177070.jpg"
10761,"Northern_Waterthrush_0070_177096.jpg"
10762,"Northern_Waterthrush_0110_177074.jpg"
10763,"Northern_Waterthrush_0050_177331.jpg"
10764,"Northern_Waterthrush_0009_177078.jpg"
10765,"Northern_Waterthrush_0080_177080.jpg"
10766,"Northern_Waterthrush_0013_177343.jpg"
10767,"Northern_Waterthrush_0016_177345.jpg"
10768,"Northern_Waterthrush_0063_177346.jpg"
10769,"Northern_Waterthrush_0086_177358.jpg"
10770,"Northern_Waterthrush_0062_177364.jpg"
10771,"Northern_Waterthrush_0066_177110.jpg"
10772,"Northern_Waterthrush_0055_177114.jpg"
10773,"Northern_Waterthrush_0098_177116.jpg"
10774,"Northern_Waterthrush_0051_177120.jpg"
10775,"Northern_Waterthrush_0072_177121.jpg"
10776,"Northern_Waterthrush_0048_177129.jpg"
10777,"Northern_Waterthrush_0104_177137.jpg"
10778,"Northern_Waterthrush_0093_177141.jpg"
10779,"Northern_Waterthrush_0058_177143.jpg"
10780,"Northern_Waterthrush_0087_177148.jpg"
10781,"Northern_Waterthrush_0020_177149.jpg"
10782,"Louisiana_Waterthrush_0027_177539.jpg"
10783,"Louisiana_Waterthrush_0023_795269.jpg"
10784,"Louisiana_Waterthrush_0078_177444.jpg"
10785,"Louisiana_Waterthrush_0018_177557.jpg"
10786,"Louisiana_Waterthrush_0059_177449.jpg"
10787,"Louisiana_Waterthrush_0047_177523.jpg"
10788,"Louisiana_Waterthrush_0004_177455.jpg"
10789,"Louisiana_Waterthrush_0035_177457.jpg"
10790,"Louisiana_Waterthrush_0068_177462.jpg"
10791,"Louisiana_Waterthrush_0015_177515.jpg"
10792,"Louisiana_Waterthrush_0003_177479.jpg"
10793,"Louisiana_Waterthrush_0054_176977.jpg"
10794,"Louisiana_Waterthrush_0042_177551.jpg"
10795,"Louisiana_Waterthrush_0026_177503.jpg"
10796,"Louisiana_Waterthrush_0014_795238.jpg"
10797,"Louisiana_Waterthrush_0016_795240.jpg"
10798,"Louisiana_Waterthrush_0053_795241.jpg"
10799,"Louisiana_Waterthrush_0034_795242.jpg"
10800,"Louisiana_Waterthrush_0049_795244.jpg"
10801,"Louisiana_Waterthrush_0056_795245.jpg"
10802,"Louisiana_Waterthrush_0091_795246.jpg"
10803,"Louisiana_Waterthrush_0077_795247.jpg"
10804,"Louisiana_Waterthrush_0030_795248.jpg"
10805,"Louisiana_Waterthrush_0021_795250.jpg"
10806,"Louisiana_Waterthrush_0040_795251.jpg"
10807,"Louisiana_Waterthrush_0079_795252.jpg"
10808,"Louisiana_Waterthrush_0044_177526.jpg"
10809,"Louisiana_Waterthrush_0010_795255.jpg"
10810,"Louisiana_Waterthrush_0076_795257.jpg"
10811,"Louisiana_Waterthrush_0007_795258.jpg"
10812,"Louisiana_Waterthrush_0066_795259.jpg"
10813,"Louisiana_Waterthrush_0087_795261.jpg"
10814,"Louisiana_Waterthrush_0029_795262.jpg"
10815,"Louisiana_Waterthrush_0086_795263.jpg"
10816,"Louisiana_Waterthrush_0094_795264.jpg"
10817,"Louisiana_Waterthrush_0020_795265.jpg"
10818,"Louisiana_Waterthrush_0062_177285.jpg"
10819,"Louisiana_Waterthrush_0057_795270.jpg"
10820,"Louisiana_Waterthrush_0001_795271.jpg"
10821,"Louisiana_Waterthrush_0045_795274.jpg"
10822,"Louisiana_Waterthrush_0048_795277.jpg"
10823,"Louisiana_Waterthrush_0041_795279.jpg"
10824,"Louisiana_Waterthrush_0055_795280.jpg"
10825,"Louisiana_Waterthrush_0033_795281.jpg"
10826,"Louisiana_Waterthrush_0081_795283.jpg"
10827,"Louisiana_Waterthrush_0088_795284.jpg"
10828,"Louisiana_Waterthrush_0002_795285.jpg"
10829,"Louisiana_Waterthrush_0073_177558.jpg"
10830,"Louisiana_Waterthrush_0031_177509.jpg"
10831,"Louisiana_Waterthrush_0019_177062.jpg"
10832,"Louisiana_Waterthrush_0060_177583.jpg"
10833,"Louisiana_Waterthrush_0052_177519.jpg"
10834,"Louisiana_Waterthrush_0082_177596.jpg"
10835,"Louisiana_Waterthrush_0046_177604.jpg"
10836,"Louisiana_Waterthrush_0080_177379.jpg"
10837,"Louisiana_Waterthrush_0064_177380.jpg"
10838,"Louisiana_Waterthrush_0032_177385.jpg"
10839,"Louisiana_Waterthrush_0058_177388.jpg"
10840,"Louisiana_Waterthrush_0022_177397.jpg"
10841,"Louisiana_Waterthrush_0025_177403.jpg"
10842,"Bohemian_Waxwing_0010_796672.jpg"
10843,"Bohemian_Waxwing_0075_796678.jpg"
10844,"Bohemian_Waxwing_0001_796680.jpg"
10845,"Bohemian_Waxwing_0068_796682.jpg"
10846,"Bohemian_Waxwing_0062_796683.jpg"
10847,"Bohemian_Waxwing_0104_177676.jpg"
10848,"Bohemian_Waxwing_0079_796687.jpg"
10849,"Bohemian_Waxwing_0019_177684.jpg"
10850,"Bohemian_Waxwing_0097_177944.jpg"
10851,"Bohemian_Waxwing_0094_177955.jpg"
10852,"Bohemian_Waxwing_0039_177702.jpg"
10853,"Bohemian_Waxwing_0095_177709.jpg"
10854,"Bohemian_Waxwing_0096_177969.jpg"
10855,"Bohemian_Waxwing_0009_177972.jpg"
10856,"Bohemian_Waxwing_0037_796638.jpg"
10857,"Bohemian_Waxwing_0084_796639.jpg"
10858,"Bohemian_Waxwing_0115_177724.jpg"
10859,"Bohemian_Waxwing_0002_177986.jpg"
10860,"Bohemian_Waxwing_0099_177747.jpg"
10861,"Bohemian_Waxwing_0098_178009.jpg"
10862,"Bohemian_Waxwing_0101_796653.jpg"
10863,"Bohemian_Waxwing_0024_177661.jpg"
10864,"Bohemian_Waxwing_0078_796649.jpg"
10865,"Bohemian_Waxwing_0057_177784.jpg"
10866,"Bohemian_Waxwing_0102_796692.jpg"
10867,"Bohemian_Waxwing_0022_177642.jpg"
10868,"Bohemian_Waxwing_0119_177942.jpg"
10869,"Bohemian_Waxwing_0004_796652.jpg"
10870,"Bohemian_Waxwing_0092_796666.jpg"
10871,"Bohemian_Waxwing_0015_177816.jpg"
10872,"Bohemian_Waxwing_0082_796655.jpg"
10873,"Bohemian_Waxwing_0048_177821.jpg"
10874,"Bohemian_Waxwing_0113_177823.jpg"
10875,"Bohemian_Waxwing_0121_796658.jpg"
10876,"Bohemian_Waxwing_0026_177845.jpg"
10877,"Bohemian_Waxwing_0117_177858.jpg"
10878,"Bohemian_Waxwing_0046_177864.jpg"
10879,"Bohemian_Waxwing_0054_796623.jpg"
10880,"Bohemian_Waxwing_0021_796625.jpg"
10881,"Bohemian_Waxwing_0100_796627.jpg"
10882,"Bohemian_Waxwing_0050_796630.jpg"
10883,"Bohemian_Waxwing_0038_796632.jpg"
10884,"Bohemian_Waxwing_0031_796633.jpg"
10885,"Bohemian_Waxwing_0091_796634.jpg"
10886,"Bohemian_Waxwing_0081_796636.jpg"
10887,"Bohemian_Waxwing_0041_177630.jpg"
10888,"Bohemian_Waxwing_0042_177887.jpg"
10889,"Bohemian_Waxwing_0060_796642.jpg"
10890,"Bohemian_Waxwing_0030_177635.jpg"
10891,"Bohemian_Waxwing_0056_796645.jpg"
10892,"Bohemian_Waxwing_0034_796646.jpg"
10893,"Bohemian_Waxwing_0028_796647.jpg"
10894,"Bohemian_Waxwing_0006_796651.jpg"
10895,"Bohemian_Waxwing_0072_177901.jpg"
10896,"Bohemian_Waxwing_0122_796654.jpg"
10897,"Bohemian_Waxwing_0013_796660.jpg"
10898,"Bohemian_Waxwing_0036_796661.jpg"
10899,"Bohemian_Waxwing_0040_177914.jpg"
10900,"Bohemian_Waxwing_0029_177915.jpg"
10901,"Bohemian_Waxwing_0114_177621.jpg"
10902,"Cedar_Waxwing_0034_179715.jpg"
10903,"Cedar_Waxwing_0028_179724.jpg"
10904,"Cedar_Waxwing_0060_178190.jpg"
10905,"Cedar_Waxwing_0077_178191.jpg"
10906,"Cedar_Waxwing_0030_178202.jpg"
10907,"Cedar_Waxwing_0066_178719.jpg"
10908,"Cedar_Waxwing_0049_178723.jpg"
10909,"Cedar_Waxwing_0076_178732.jpg"
10910,"Cedar_Waxwing_0033_178737.jpg"
10911,"Cedar_Waxwing_0024_178230.jpg"
10912,"Cedar_Waxwing_0083_178743.jpg"
10913,"Cedar_Waxwing_0118_178779.jpg"
10914,"Cedar_Waxwing_0062_178788.jpg"
10915,"Cedar_Waxwing_0061_179305.jpg"
10916,"Cedar_Waxwing_0058_178795.jpg"
10917,"Cedar_Waxwing_0015_178818.jpg"
10918,"Cedar_Waxwing_0130_178308.jpg"
10919,"Cedar_Waxwing_0057_178370.jpg"
10920,"Cedar_Waxwing_0013_178830.jpg"
10921,"Cedar_Waxwing_0043_178321.jpg"
10922,"Cedar_Waxwing_0069_179310.jpg"
10923,"Cedar_Waxwing_0124_178857.jpg"
10924,"Cedar_Waxwing_0026_178878.jpg"
10925,"Cedar_Waxwing_0042_179391.jpg"
10926,"Cedar_Waxwing_0006_179394.jpg"
10927,"Cedar_Waxwing_0074_178888.jpg"
10928,"Cedar_Waxwing_0010_178891.jpg"
10929,"Cedar_Waxwing_0053_178892.jpg"
10930,"Cedar_Waxwing_0051_178385.jpg"
10931,"Cedar_Waxwing_0125_178921.jpg"
10932,"Cedar_Waxwing_0031_178929.jpg"
10933,"Cedar_Waxwing_0048_178960.jpg"
10934,"Cedar_Waxwing_0098_178971.jpg"
10935,"Cedar_Waxwing_0019_178654.jpg"
10936,"Cedar_Waxwing_0072_178058.jpg"
10937,"Cedar_Waxwing_0070_179007.jpg"
10938,"Cedar_Waxwing_0059_178500.jpg"
10939,"Cedar_Waxwing_0065_179017.jpg"
10940,"Cedar_Waxwing_0103_179559.jpg"
10941,"Cedar_Waxwing_0029_179569.jpg"
10942,"Cedar_Waxwing_0002_179071.jpg"
10943,"Cedar_Waxwing_0094_178049.jpg"
10944,"Cedar_Waxwing_0003_178570.jpg"
10945,"Cedar_Waxwing_0107_179098.jpg"
10946,"Cedar_Waxwing_0004_179215.jpg"
10947,"Cedar_Waxwing_0075_179114.jpg"
10948,"Cedar_Waxwing_0092_179123.jpg"
10949,"Cedar_Waxwing_0113_178627.jpg"
10950,"Cedar_Waxwing_0016_178629.jpg"
10951,"Cedar_Waxwing_0011_179149.jpg"
10952,"Cedar_Waxwing_0100_178643.jpg"
10953,"Cedar_Waxwing_0093_178139.jpg"
10954,"Cedar_Waxwing_0054_178141.jpg"
10955,"Cedar_Waxwing_0001_179170.jpg"
10956,"Cedar_Waxwing_0041_179183.jpg"
10957,"Cedar_Waxwing_0095_178163.jpg"
10958,"Cedar_Waxwing_0096_178164.jpg"
10959,"Cedar_Waxwing_0008_178345.jpg"
10960,"Cedar_Waxwing_0101_179707.jpg"
10961,"Cedar_Waxwing_0037_179710.jpg"
10962,"American_Three_Toed_Woodpecker_0048_796163.jpg"
10963,"American_Three_Toed_Woodpecker_0034_796165.jpg"
10964,"American_Three_Toed_Woodpecker_0037_796166.jpg"
10965,"American_Three_Toed_Woodpecker_0011_179847.jpg"
10966,"American_Three_Toed_Woodpecker_0039_796168.jpg"
10967,"American_Three_Toed_Woodpecker_0033_796169.jpg"
10968,"American_Three_Toed_Woodpecker_0008_179850.jpg"
10969,"American_Three_Toed_Woodpecker_0031_796172.jpg"
10970,"American_Three_Toed_Woodpecker_0028_796175.jpg"
10971,"American_Three_Toed_Woodpecker_0040_796180.jpg"
10972,"American_Three_Toed_Woodpecker_0038_796182.jpg"
10973,"American_Three_Toed_Woodpecker_0047_796185.jpg"
10974,"American_Three_Toed_Woodpecker_0050_796186.jpg"
10975,"American_Three_Toed_Woodpecker_0043_796187.jpg"
10976,"American_Three_Toed_Woodpecker_0019_179870.jpg"
10977,"American_Three_Toed_Woodpecker_0049_796191.jpg"
10978,"American_Three_Toed_Woodpecker_0010_179874.jpg"
10979,"American_Three_Toed_Woodpecker_0024_179876.jpg"
10980,"American_Three_Toed_Woodpecker_0013_179833.jpg"
10981,"American_Three_Toed_Woodpecker_0014_179882.jpg"
10982,"American_Three_Toed_Woodpecker_0002_179885.jpg"
10983,"American_Three_Toed_Woodpecker_0015_179827.jpg"
10984,"American_Three_Toed_Woodpecker_0003_179891.jpg"
10985,"American_Three_Toed_Woodpecker_0020_179828.jpg"
10986,"American_Three_Toed_Woodpecker_0032_796170.jpg"
10987,"American_Three_Toed_Woodpecker_0005_179902.jpg"
10988,"American_Three_Toed_Woodpecker_0012_179905.jpg"
10989,"American_Three_Toed_Woodpecker_0004_179908.jpg"
10990,"American_Three_Toed_Woodpecker_0023_179909.jpg"
10991,"American_Three_Toed_Woodpecker_0001_179912.jpg"
10992,"American_Three_Toed_Woodpecker_0018_179831.jpg"
10993,"American_Three_Toed_Woodpecker_0017_179830.jpg"
10994,"American_Three_Toed_Woodpecker_0025_179918.jpg"
10995,"American_Three_Toed_Woodpecker_0009_179919.jpg"
10996,"American_Three_Toed_Woodpecker_0016_179927.jpg"
10997,"American_Three_Toed_Woodpecker_0007_179932.jpg"
10998,"American_Three_Toed_Woodpecker_0022_179933.jpg"
10999,"American_Three_Toed_Woodpecker_0006_179838.jpg"
11000,"American_Three_Toed_Woodpecker_0029_796143.jpg"
11001,"American_Three_Toed_Woodpecker_0030_796144.jpg"
11002,"American_Three_Toed_Woodpecker_0036_796146.jpg"
11003,"American_Three_Toed_Woodpecker_0027_796147.jpg"
11004,"American_Three_Toed_Woodpecker_0045_796148.jpg"
11005,"American_Three_Toed_Woodpecker_0042_796149.jpg"
11006,"American_Three_Toed_Woodpecker_0041_796150.jpg"
11007,"American_Three_Toed_Woodpecker_0044_796151.jpg"
11008,"American_Three_Toed_Woodpecker_0021_179832.jpg"
11009,"American_Three_Toed_Woodpecker_0046_796153.jpg"
11010,"American_Three_Toed_Woodpecker_0026_796157.jpg"
11011,"American_Three_Toed_Woodpecker_0035_796158.jpg"
11012,"Pileated_Woodpecker_0075_180480.jpg"
11013,"Pileated_Woodpecker_0125_179971.jpg"
11014,"Pileated_Woodpecker_0119_180030.jpg"
11015,"Pileated_Woodpecker_0089_179969.jpg"
11016,"Pileated_Woodpecker_0012_179976.jpg"
11017,"Pileated_Woodpecker_0013_180746.jpg"
11018,"Pileated_Woodpecker_0078_180236.jpg"
11019,"Pileated_Woodpecker_0105_180246.jpg"
11020,"Pileated_Woodpecker_0081_180249.jpg"
11021,"Pileated_Woodpecker_0025_180253.jpg"
11022,"Pileated_Woodpecker_0028_180258.jpg"
11023,"Pileated_Woodpecker_0072_180006.jpg"
11024,"Pileated_Woodpecker_0011_180519.jpg"
11025,"Pileated_Woodpecker_0110_180521.jpg"
11026,"Pileated_Woodpecker_0082_180523.jpg"
11027,"Pileated_Woodpecker_0039_180012.jpg"
11028,"Pileated_Woodpecker_0002_180024.jpg"
11029,"Pileated_Woodpecker_0121_180026.jpg"
11030,"Pileated_Woodpecker_0077_180286.jpg"
11031,"Pileated_Woodpecker_0070_180034.jpg"
11032,"Pileated_Woodpecker_0067_179979.jpg"
11033,"Pileated_Woodpecker_0083_180038.jpg"
11034,"Pileated_Woodpecker_0038_180300.jpg"
11035,"Pileated_Woodpecker_0074_180306.jpg"
11036,"Pileated_Woodpecker_0004_180307.jpg"
11037,"Pileated_Woodpecker_0088_180054.jpg"
11038,"Pileated_Woodpecker_0065_180324.jpg"
11039,"Pileated_Woodpecker_0015_180072.jpg"
11040,"Pileated_Woodpecker_0123_180076.jpg"
11041,"Pileated_Woodpecker_0080_180589.jpg"
11042,"Pileated_Woodpecker_0091_180343.jpg"
11043,"Pileated_Woodpecker_0073_180345.jpg"
11044,"Pileated_Woodpecker_0032_180347.jpg"
11045,"Pileated_Woodpecker_0056_180094.jpg"
11046,"Pileated_Woodpecker_0009_180460.jpg"
11047,"Pileated_Woodpecker_0057_180612.jpg"
11048,"Pileated_Woodpecker_0093_180205.jpg"
11049,"Pileated_Woodpecker_0026_180078.jpg"
11050,"Pileated_Woodpecker_0079_180388.jpg"
11051,"Pileated_Woodpecker_0097_180392.jpg"
11052,"Pileated_Woodpecker_0118_180138.jpg"
11053,"Pileated_Woodpecker_0050_180398.jpg"
11054,"Pileated_Woodpecker_0008_180400.jpg"
11055,"Pileated_Woodpecker_0086_180096.jpg"
11056,"Pileated_Woodpecker_0034_180419.jpg"
11057,"Pileated_Woodpecker_0124_180168.jpg"
11058,"Pileated_Woodpecker_0098_180170.jpg"
11059,"Pileated_Woodpecker_0059_180177.jpg"
11060,"Pileated_Woodpecker_0033_180179.jpg"
11061,"Pileated_Woodpecker_0112_180439.jpg"
11062,"Pileated_Woodpecker_0060_180443.jpg"
11063,"Pileated_Woodpecker_0106_180446.jpg"
11064,"Pileated_Woodpecker_0114_180455.jpg"
11065,"Pileated_Woodpecker_0116_179948.jpg"
11066,"Pileated_Woodpecker_0041_180461.jpg"
11067,"Pileated_Woodpecker_0030_180208.jpg"
11068,"Pileated_Woodpecker_0027_179956.jpg"
11069,"Pileated_Woodpecker_0087_179959.jpg"
11070,"Pileated_Woodpecker_0053_179960.jpg"
11071,"Pileated_Woodpecker_0051_179965.jpg"
11072,"Red_Bellied_Woodpecker_0069_181248.jpg"
11073,"Red_Bellied_Woodpecker_0012_181765.jpg"
11074,"Red_Bellied_Woodpecker_0066_182253.jpg"
11075,"Red_Bellied_Woodpecker_0073_180994.jpg"
11076,"Red_Bellied_Woodpecker_0050_180751.jpg"
11077,"Red_Bellied_Woodpecker_0079_181010.jpg"
11078,"Red_Bellied_Woodpecker_0049_180755.jpg"
11079,"Red_Bellied_Woodpecker_0025_180756.jpg"
11080,"Red_Bellied_Woodpecker_0106_180757.jpg"
11081,"Red_Bellied_Woodpecker_0016_180760.jpg"
11082,"Red_Bellied_Woodpecker_0099_180766.jpg"
11083,"Red_Bellied_Woodpecker_0021_182303.jpg"
11084,"Red_Bellied_Woodpecker_0055_180768.jpg"
11085,"Red_Bellied_Woodpecker_0015_182320.jpg"
11086,"Red_Bellied_Woodpecker_0010_180772.jpg"
11087,"Red_Bellied_Woodpecker_0115_180775.jpg"
11088,"Red_Bellied_Woodpecker_0125_180780.jpg"
11089,"Red_Bellied_Woodpecker_0058_182317.jpg"
11090,"Red_Bellied_Woodpecker_0026_180783.jpg"
11091,"Red_Bellied_Woodpecker_0075_180788.jpg"
11092,"Red_Bellied_Woodpecker_0077_182334.jpg"
11093,"Red_Bellied_Woodpecker_0020_182335.jpg"
11094,"Red_Bellied_Woodpecker_0081_182336.jpg"
11095,"Red_Bellied_Woodpecker_0103_180803.jpg"
11096,"Red_Bellied_Woodpecker_0028_181830.jpg"
11097,"Red_Bellied_Woodpecker_0039_180814.jpg"
11098,"Red_Bellied_Woodpecker_0032_181587.jpg"
11099,"Red_Bellied_Woodpecker_0112_180827.jpg"
11100,"Red_Bellied_Woodpecker_0044_181122.jpg"
11101,"Red_Bellied_Woodpecker_0104_181616.jpg"
11102,"Red_Bellied_Woodpecker_0097_181363.jpg"
11103,"Red_Bellied_Woodpecker_0008_180858.jpg"
11104,"Red_Bellied_Woodpecker_0078_181887.jpg"
11105,"Red_Bellied_Woodpecker_0071_180866.jpg"
11106,"Red_Bellied_Woodpecker_0086_181891.jpg"
11107,"Red_Bellied_Woodpecker_0057_182154.jpg"
11108,"Red_Bellied_Woodpecker_0017_181131.jpg"
11109,"Red_Bellied_Woodpecker_0002_180879.jpg"
11110,"Red_Bellied_Woodpecker_0089_181907.jpg"
11111,"Red_Bellied_Woodpecker_0035_181913.jpg"
11112,"Red_Bellied_Woodpecker_0042_181062.jpg"
11113,"Red_Bellied_Woodpecker_0120_181420.jpg"
11114,"Red_Bellied_Woodpecker_0054_182031.jpg"
11115,"Red_Bellied_Woodpecker_0070_181182.jpg"
11116,"Red_Bellied_Woodpecker_0110_181188.jpg"
11117,"Red_Bellied_Woodpecker_0023_181958.jpg"
11118,"Red_Bellied_Woodpecker_0074_180936.jpg"
11119,"Red_Bellied_Woodpecker_0091_180938.jpg"
11120,"Red_Bellied_Woodpecker_0088_180941.jpg"
11121,"Red_Bellied_Woodpecker_0022_181969.jpg"
11122,"Red_Bellied_Woodpecker_0056_180946.jpg"
11123,"Red_Bellied_Woodpecker_0095_180948.jpg"
11124,"Red_Bellied_Woodpecker_0068_180949.jpg"
11125,"Red_Bellied_Woodpecker_0092_182235.jpg"
11126,"Red_Bellied_Woodpecker_0108_180956.jpg"
11127,"Red_Bellied_Woodpecker_0009_180961.jpg"
11128,"Red_Bellied_Woodpecker_0007_182242.jpg"
11129,"Red_Bellied_Woodpecker_0114_181092.jpg"
11130,"Red_Bellied_Woodpecker_0031_180975.jpg"
11131,"Red_Bellied_Woodpecker_0123_182116.jpg"
11132,"Red_Cockaded_Woodpecker_0052_794752.jpg"
11133,"Red_Cockaded_Woodpecker_0008_794753.jpg"
11134,"Red_Cockaded_Woodpecker_0007_794755.jpg"
11135,"Red_Cockaded_Woodpecker_0028_182395.jpg"
11136,"Red_Cockaded_Woodpecker_0041_182408.jpg"
11137,"Red_Cockaded_Woodpecker_0009_182540.jpg"
11138,"Red_Cockaded_Woodpecker_0001_182541.jpg"
11139,"Red_Cockaded_Woodpecker_0020_182683.jpg"
11140,"Red_Cockaded_Woodpecker_0042_182373.jpg"
11141,"Red_Cockaded_Woodpecker_0035_182435.jpg"
11142,"Red_Cockaded_Woodpecker_0048_182599.jpg"
11143,"Red_Cockaded_Woodpecker_0010_182451.jpg"
11144,"Red_Cockaded_Woodpecker_0049_182452.jpg"
11145,"Red_Cockaded_Woodpecker_0061_794728.jpg"
11146,"Red_Cockaded_Woodpecker_0015_182459.jpg"
11147,"Red_Cockaded_Woodpecker_0036_182519.jpg"
11148,"Red_Cockaded_Woodpecker_0006_182592.jpg"
11149,"Red_Cockaded_Woodpecker_0040_182502.jpg"
11150,"Red_Cockaded_Woodpecker_0051_182347.jpg"
11151,"Red_Cockaded_Woodpecker_0004_182340.jpg"
11152,"Red_Cockaded_Woodpecker_0003_794695.jpg"
11153,"Red_Cockaded_Woodpecker_0002_794696.jpg"
11154,"Red_Cockaded_Woodpecker_0012_794697.jpg"
11155,"Red_Cockaded_Woodpecker_0021_182647.jpg"
11156,"Red_Cockaded_Woodpecker_0022_794700.jpg"
11157,"Red_Cockaded_Woodpecker_0023_794701.jpg"
11158,"Red_Cockaded_Woodpecker_0018_794705.jpg"
11159,"Red_Cockaded_Woodpecker_0054_794699.jpg"
11160,"Red_Cockaded_Woodpecker_0053_794707.jpg"
11161,"Red_Cockaded_Woodpecker_0024_794708.jpg"
11162,"Red_Cockaded_Woodpecker_0059_794709.jpg"
11163,"Red_Cockaded_Woodpecker_0025_794710.jpg"
11164,"Red_Cockaded_Woodpecker_0030_794711.jpg"
11165,"Red_Cockaded_Woodpecker_0017_794712.jpg"
11166,"Red_Cockaded_Woodpecker_0027_794713.jpg"
11167,"Red_Cockaded_Woodpecker_0016_182493.jpg"
11168,"Red_Cockaded_Woodpecker_0014_794718.jpg"
11169,"Red_Cockaded_Woodpecker_0038_794719.jpg"
11170,"Red_Cockaded_Woodpecker_0034_794720.jpg"
11171,"Red_Cockaded_Woodpecker_0047_794704.jpg"
11172,"Red_Cockaded_Woodpecker_0046_794722.jpg"
11173,"Red_Cockaded_Woodpecker_0062_182371.jpg"
11174,"Red_Cockaded_Woodpecker_0029_794724.jpg"
11175,"Red_Cockaded_Woodpecker_0057_794725.jpg"
11176,"Red_Cockaded_Woodpecker_0044_182374.jpg"
11177,"Red_Cockaded_Woodpecker_0033_794721.jpg"
11178,"Red_Cockaded_Woodpecker_0032_182376.jpg"
11179,"Red_Cockaded_Woodpecker_0060_182377.jpg"
11180,"Red_Cockaded_Woodpecker_0045_794727.jpg"
11181,"Red_Cockaded_Woodpecker_0037_794733.jpg"
11182,"Red_Cockaded_Woodpecker_0056_794734.jpg"
11183,"Red_Cockaded_Woodpecker_0039_794736.jpg"
11184,"Red_Cockaded_Woodpecker_0031_794737.jpg"
11185,"Red_Cockaded_Woodpecker_0058_794739.jpg"
11186,"Red_Cockaded_Woodpecker_0013_794740.jpg"
11187,"Red_Cockaded_Woodpecker_0050_794743.jpg"
11188,"Red_Cockaded_Woodpecker_0055_182520.jpg"
11189,"Red_Cockaded_Woodpecker_0063_794726.jpg"
11190,"Red_Headed_Woodpecker_0073_182784.jpg"
11191,"Red_Headed_Woodpecker_0024_183297.jpg"
11192,"Red_Headed_Woodpecker_0092_182787.jpg"
11193,"Red_Headed_Woodpecker_0041_182788.jpg"
11194,"Red_Headed_Woodpecker_0087_183271.jpg"
11195,"Red_Headed_Woodpecker_0101_182538.jpg"
11196,"Red_Headed_Woodpecker_0011_182803.jpg"
11197,"Red_Headed_Woodpecker_0034_182806.jpg"
11198,"Red_Headed_Woodpecker_0066_183322.jpg"
11199,"Red_Headed_Woodpecker_0081_182811.jpg"
11200,"Red_Headed_Woodpecker_0029_183337.jpg"
11201,"Red_Headed_Woodpecker_0058_183086.jpg"
11202,"Red_Headed_Woodpecker_0045_182832.jpg"
11203,"Red_Headed_Woodpecker_0042_182834.jpg"
11204,"Red_Headed_Woodpecker_0031_183096.jpg"
11205,"Red_Headed_Woodpecker_0086_182715.jpg"
11206,"Red_Headed_Woodpecker_0063_183358.jpg"
11207,"Red_Headed_Woodpecker_0065_182863.jpg"
11208,"Red_Headed_Woodpecker_0006_183383.jpg"
11209,"Red_Headed_Woodpecker_0109_183385.jpg"
11210,"Red_Headed_Woodpecker_0071_183132.jpg"
11211,"Red_Headed_Woodpecker_0012_183395.jpg"
11212,"Red_Headed_Woodpecker_0044_183141.jpg"
11213,"Red_Headed_Woodpecker_0091_183144.jpg"
11214,"Red_Headed_Woodpecker_0094_183401.jpg"
11215,"Red_Headed_Woodpecker_0108_183403.jpg"
11216,"Red_Headed_Woodpecker_0068_183662.jpg"
11217,"Red_Headed_Woodpecker_0049_183229.jpg"
11218,"Red_Headed_Woodpecker_0103_183571.jpg"
11219,"Red_Headed_Woodpecker_0097_182903.jpg"
11220,"Red_Headed_Woodpecker_0078_183427.jpg"
11221,"Red_Headed_Woodpecker_0095_183688.jpg"
11222,"Red_Headed_Woodpecker_0089_183435.jpg"
11223,"Red_Headed_Woodpecker_0093_182925.jpg"
11224,"Red_Headed_Woodpecker_0014_183701.jpg"
11225,"Red_Headed_Woodpecker_0039_183446.jpg"
11226,"Red_Headed_Woodpecker_0021_183454.jpg"
11227,"Red_Headed_Woodpecker_0018_183455.jpg"
11228,"Red_Headed_Woodpecker_0020_183255.jpg"
11229,"Red_Headed_Woodpecker_0052_182702.jpg"
11230,"Red_Headed_Woodpecker_0067_183710.jpg"
11231,"Red_Headed_Woodpecker_0032_182815.jpg"
11232,"Red_Headed_Woodpecker_0013_182721.jpg"
11233,"Red_Headed_Woodpecker_0057_183234.jpg"
11234,"Red_Headed_Woodpecker_0051_182724.jpg"
11235,"Red_Headed_Woodpecker_0005_183414.jpg"
11236,"Red_Headed_Woodpecker_0007_182728.jpg"
11237,"Red_Headed_Woodpecker_0098_182732.jpg"
11238,"Red_Headed_Woodpecker_0088_183246.jpg"
11239,"Red_Headed_Woodpecker_0085_182703.jpg"
11240,"Red_Headed_Woodpecker_0055_183515.jpg"
11241,"Red_Headed_Woodpecker_0084_183004.jpg"
11242,"Red_Headed_Woodpecker_0016_183007.jpg"
11243,"Red_Headed_Woodpecker_0017_183777.jpg"
11244,"Red_Headed_Woodpecker_0022_183010.jpg"
11245,"Red_Headed_Woodpecker_0099_183524.jpg"
11246,"Red_Headed_Woodpecker_0038_183280.jpg"
11247,"Red_Headed_Woodpecker_0027_183029.jpg"
11248,"Red_Headed_Woodpecker_0076_183288.jpg"
11249,"Red_Headed_Woodpecker_0107_183290.jpg"
11250,"Downy_Woodpecker_0116_184326.jpg"
11251,"Downy_Woodpecker_0062_184343.jpg"
11252,"Downy_Woodpecker_0075_184346.jpg"
11253,"Downy_Woodpecker_0124_184364.jpg"
11254,"Downy_Woodpecker_0030_184368.jpg"
11255,"Downy_Woodpecker_0078_184375.jpg"
11256,"Downy_Woodpecker_0138_184385.jpg"
11257,"Downy_Woodpecker_0059_184396.jpg"
11258,"Downy_Woodpecker_0072_184401.jpg"
11259,"Downy_Woodpecker_0132_184408.jpg"
11260,"Downy_Woodpecker_0113_184413.jpg"
11261,"Downy_Woodpecker_0038_184418.jpg"
11262,"Downy_Woodpecker_0074_183907.jpg"
11263,"Downy_Woodpecker_0056_183913.jpg"
11264,"Downy_Woodpecker_0073_184430.jpg"
11265,"Downy_Woodpecker_0049_183920.jpg"
11266,"Downy_Woodpecker_0082_183922.jpg"
11267,"Downy_Woodpecker_0120_183926.jpg"
11268,"Downy_Woodpecker_0003_183933.jpg"
11269,"Downy_Woodpecker_0011_183934.jpg"
11270,"Downy_Woodpecker_0027_183940.jpg"
11271,"Downy_Woodpecker_0066_183953.jpg"
11272,"Downy_Woodpecker_0090_183964.jpg"
11273,"Downy_Woodpecker_0094_184478.jpg"
11274,"Downy_Woodpecker_0037_183968.jpg"
11275,"Downy_Woodpecker_0001_184484.jpg"
11276,"Downy_Woodpecker_0014_183975.jpg"
11277,"Downy_Woodpecker_0121_184002.jpg"
11278,"Downy_Woodpecker_0058_184520.jpg"
11279,"Downy_Woodpecker_0096_184532.jpg"
11280,"Downy_Woodpecker_0136_184534.jpg"
11281,"Downy_Woodpecker_0091_184537.jpg"
11282,"Downy_Woodpecker_0006_184538.jpg"
11283,"Downy_Woodpecker_0041_184528.jpg"
11284,"Downy_Woodpecker_0029_184046.jpg"
11285,"Downy_Woodpecker_0036_184048.jpg"
11286,"Downy_Woodpecker_0007_184051.jpg"
11287,"Downy_Woodpecker_0131_184446.jpg"
11288,"Downy_Woodpecker_0098_184567.jpg"
11289,"Downy_Woodpecker_0040_184061.jpg"
11290,"Downy_Woodpecker_0100_184584.jpg"
11291,"Downy_Woodpecker_0115_184096.jpg"
11292,"Downy_Woodpecker_0005_184098.jpg"
11293,"Downy_Woodpecker_0032_184622.jpg"
11294,"Downy_Woodpecker_0031_184120.jpg"
11295,"Downy_Woodpecker_0033_184636.jpg"
11296,"Downy_Woodpecker_0028_184131.jpg"
11297,"Downy_Woodpecker_0025_184545.jpg"
11298,"Downy_Woodpecker_0004_184648.jpg"
11299,"Downy_Woodpecker_0101_184139.jpg"
11300,"Downy_Woodpecker_0042_184144.jpg"
11301,"Downy_Woodpecker_0048_184164.jpg"
11302,"Downy_Woodpecker_0044_184170.jpg"
11303,"Downy_Woodpecker_0123_184692.jpg"
11304,"Downy_Woodpecker_0080_184240.jpg"
11305,"Downy_Woodpecker_0039_184243.jpg"
11306,"Downy_Woodpecker_0102_184263.jpg"
11307,"Downy_Woodpecker_0061_184285.jpg"
11308,"Downy_Woodpecker_0125_184656.jpg"
11309,"Downy_Woodpecker_0043_184314.jpg"
11310,"Bewick_Wren_0056_184834.jpg"
11311,"Bewick_Wren_0087_184918.jpg"
11312,"Bewick_Wren_0139_184839.jpg"
11313,"Bewick_Wren_0097_185358.jpg"
11314,"Bewick_Wren_0060_185366.jpg"
11315,"Bewick_Wren_0032_184870.jpg"
11316,"Bewick_Wren_0042_184878.jpg"
11317,"Bewick_Wren_0023_185400.jpg"
11318,"Bewick_Wren_0070_184892.jpg"
11319,"Bewick_Wren_0068_184895.jpg"
11320,"Bewick_Wren_0061_184898.jpg"
11321,"Bewick_Wren_0092_184901.jpg"
11322,"Bewick_Wren_0054_184902.jpg"
11323,"Bewick_Wren_0132_184906.jpg"
11324,"Bewick_Wren_0107_184908.jpg"
11325,"Bewick_Wren_0051_185425.jpg"
11326,"Bewick_Wren_0050_184919.jpg"
11327,"Bewick_Wren_0066_184928.jpg"
11328,"Bewick_Wren_0025_184932.jpg"
11329,"Bewick_Wren_0121_184765.jpg"
11330,"Bewick_Wren_0112_184956.jpg"
11331,"Bewick_Wren_0085_185474.jpg"
11332,"Bewick_Wren_0015_184981.jpg"
11333,"Bewick_Wren_0039_184989.jpg"
11334,"Bewick_Wren_0016_184999.jpg"
11335,"Bewick_Wren_0106_185013.jpg"
11336,"Bewick_Wren_0082_185021.jpg"
11337,"Bewick_Wren_0075_185046.jpg"
11338,"Bewick_Wren_0073_185049.jpg"
11339,"Bewick_Wren_0062_185063.jpg"
11340,"Bewick_Wren_0123_185069.jpg"
11341,"Bewick_Wren_0003_185072.jpg"
11342,"Bewick_Wren_0081_185080.jpg"
11343,"Bewick_Wren_0113_185113.jpg"
11344,"Bewick_Wren_0017_185127.jpg"
11345,"Bewick_Wren_0034_185130.jpg"
11346,"Bewick_Wren_0096_185139.jpg"
11347,"Bewick_Wren_0010_185142.jpg"
11348,"Bewick_Wren_0118_185169.jpg"
11349,"Bewick_Wren_0109_185170.jpg"
11350,"Bewick_Wren_0083_185190.jpg"
11351,"Bewick_Wren_0004_185202.jpg"
11352,"Bewick_Wren_0005_184699.jpg"
11353,"Bewick_Wren_0027_185212.jpg"
11354,"Bewick_Wren_0110_185216.jpg"
11355,"Bewick_Wren_0047_184707.jpg"
11356,"Bewick_Wren_0084_184715.jpg"
11357,"Bewick_Wren_0055_185230.jpg"
11358,"Bewick_Wren_0088_184733.jpg"
11359,"Bewick_Wren_0065_185247.jpg"
11360,"Bewick_Wren_0135_185251.jpg"
11361,"Bewick_Wren_0127_184756.jpg"
11362,"Bewick_Wren_0052_184760.jpg"
11363,"Bewick_Wren_0124_184771.jpg"
11364,"Bewick_Wren_0099_185288.jpg"
11365,"Bewick_Wren_0014_184810.jpg"
11366,"Bewick_Wren_0067_184816.jpg"
11367,"Bewick_Wren_0104_185256.jpg"
11368,"Bewick_Wren_0037_185332.jpg"
11369,"Bewick_Wren_0049_185339.jpg"
11370,"Cactus_Wren_0040_185859.jpg"
11371,"Cactus_Wren_0009_185871.jpg"
11372,"Cactus_Wren_0088_185873.jpg"
11373,"Cactus_Wren_0056_185626.jpg"
11374,"Cactus_Wren_0101_185627.jpg"
11375,"Cactus_Wren_0086_185630.jpg"
11376,"Cactus_Wren_0108_185733.jpg"
11377,"Cactus_Wren_0095_185633.jpg"
11378,"Cactus_Wren_0007_185634.jpg"
11379,"Cactus_Wren_0027_185893.jpg"
11380,"Cactus_Wren_0115_185895.jpg"
11381,"Cactus_Wren_0096_185898.jpg"
11382,"Cactus_Wren_0078_185899.jpg"
11383,"Cactus_Wren_0080_185901.jpg"
11384,"Cactus_Wren_0102_185902.jpg"
11385,"Cactus_Wren_0058_185903.jpg"
11386,"Cactus_Wren_0125_185648.jpg"
11387,"Cactus_Wren_0073_185670.jpg"
11388,"Cactus_Wren_0116_185927.jpg"
11389,"Cactus_Wren_0002_185680.jpg"
11390,"Cactus_Wren_0041_185691.jpg"
11391,"Cactus_Wren_0118_185788.jpg"
11392,"Cactus_Wren_0060_185950.jpg"
11393,"Cactus_Wren_0092_185951.jpg"
11394,"Cactus_Wren_0025_185696.jpg"
11395,"Cactus_Wren_0120_185956.jpg"
11396,"Cactus_Wren_0075_186066.jpg"
11397,"Cactus_Wren_0001_185645.jpg"
11398,"Cactus_Wren_0014_185993.jpg"
11399,"Cactus_Wren_0017_185745.jpg"
11400,"Cactus_Wren_0077_186003.jpg"
11401,"Cactus_Wren_0044_185492.jpg"
11402,"Cactus_Wren_0124_185501.jpg"
11403,"Cactus_Wren_0033_186014.jpg"
11404,"Cactus_Wren_0046_186017.jpg"
11405,"Cactus_Wren_0103_185506.jpg"
11406,"Cactus_Wren_0030_185798.jpg"
11407,"Cactus_Wren_0089_186023.jpg"
11408,"Cactus_Wren_0020_186012.jpg"
11409,"Cactus_Wren_0042_185514.jpg"
11410,"Cactus_Wren_0085_185515.jpg"
11411,"Cactus_Wren_0066_186028.jpg"
11412,"Cactus_Wren_0069_186033.jpg"
11413,"Cactus_Wren_0067_186034.jpg"
11414,"Cactus_Wren_0097_186015.jpg"
11415,"Cactus_Wren_0114_185532.jpg"
11416,"Cactus_Wren_0028_185795.jpg"
11417,"Cactus_Wren_0004_185797.jpg"
11418,"Cactus_Wren_0076_186067.jpg"
11419,"Cactus_Wren_0045_185556.jpg"
11420,"Cactus_Wren_0079_185560.jpg"
11421,"Cactus_Wren_0034_185817.jpg"
11422,"Cactus_Wren_0036_185563.jpg"
11423,"Cactus_Wren_0098_185637.jpg"
11424,"Cactus_Wren_0064_185826.jpg"
11425,"Cactus_Wren_0008_186083.jpg"
11426,"Cactus_Wren_0016_185582.jpg"
11427,"Cactus_Wren_0063_185589.jpg"
11428,"Cactus_Wren_0117_185591.jpg"
11429,"Cactus_Wren_0123_186068.jpg"
11430,"Carolina_Wren_0130_186369.jpg"
11431,"Carolina_Wren_0024_186377.jpg"
11432,"Carolina_Wren_0062_186390.jpg"
11433,"Carolina_Wren_0117_186916.jpg"
11434,"Carolina_Wren_0080_186919.jpg"
11435,"Carolina_Wren_0058_186409.jpg"
11436,"Carolina_Wren_0047_186928.jpg"
11437,"Carolina_Wren_0082_186421.jpg"
11438,"Carolina_Wren_0090_186942.jpg"
11439,"Carolina_Wren_0086_186431.jpg"
11440,"Carolina_Wren_0038_186436.jpg"
11441,"Carolina_Wren_0142_186443.jpg"
11442,"Carolina_Wren_0001_186455.jpg"
11443,"Carolina_Wren_0091_186464.jpg"
11444,"Carolina_Wren_0125_187009.jpg"
11445,"Carolina_Wren_0002_186506.jpg"
11446,"Carolina_Wren_0051_186510.jpg"
11447,"Carolina_Wren_0065_186517.jpg"
11448,"Carolina_Wren_0014_186525.jpg"
11449,"Carolina_Wren_0028_186526.jpg"
11450,"Carolina_Wren_0019_186527.jpg"
11451,"Carolina_Wren_0095_186561.jpg"
11452,"Carolina_Wren_0112_186562.jpg"
11453,"Carolina_Wren_0032_186566.jpg"
11454,"Carolina_Wren_0078_186570.jpg"
11455,"Carolina_Wren_0013_187086.jpg"
11456,"Carolina_Wren_0128_186581.jpg"
11457,"Carolina_Wren_0073_186587.jpg"
11458,"Carolina_Wren_0108_186089.jpg"
11459,"Carolina_Wren_0005_186109.jpg"
11460,"Carolina_Wren_0049_186129.jpg"
11461,"Carolina_Wren_0044_186645.jpg"
11462,"Carolina_Wren_0126_186654.jpg"
11463,"Carolina_Wren_0119_186153.jpg"
11464,"Carolina_Wren_0055_186154.jpg"
11465,"Carolina_Wren_0113_186675.jpg"
11466,"Carolina_Wren_0045_186165.jpg"
11467,"Carolina_Wren_0021_186683.jpg"
11468,"Carolina_Wren_0020_186702.jpg"
11469,"Carolina_Wren_0031_186713.jpg"
11470,"Carolina_Wren_0036_186722.jpg"
11471,"Carolina_Wren_0029_186212.jpg"
11472,"Carolina_Wren_0069_186230.jpg"
11473,"Carolina_Wren_0099_186237.jpg"
11474,"Carolina_Wren_0107_186972.jpg"
11475,"Carolina_Wren_0043_186286.jpg"
11476,"Carolina_Wren_0077_186294.jpg"
11477,"Carolina_Wren_0060_186296.jpg"
11478,"Carolina_Wren_0066_186818.jpg"
11479,"Carolina_Wren_0072_186309.jpg"
11480,"Carolina_Wren_0056_186313.jpg"
11481,"Carolina_Wren_0068_186830.jpg"
11482,"Carolina_Wren_0083_186324.jpg"
11483,"Carolina_Wren_0102_186332.jpg"
11484,"Carolina_Wren_0033_186848.jpg"
11485,"Carolina_Wren_0141_186347.jpg"
11486,"Carolina_Wren_0006_186742.jpg"
11487,"Carolina_Wren_0035_186356.jpg"
11488,"Carolina_Wren_0011_186871.jpg"
11489,"Carolina_Wren_0122_186365.jpg"
11490,"House_Wren_0055_187397.jpg"
11491,"House_Wren_0071_187399.jpg"
11492,"House_Wren_0083_187406.jpg"
11493,"House_Wren_0087_187946.jpg"
11494,"House_Wren_0061_187911.jpg"
11495,"House_Wren_0004_187448.jpg"
11496,"House_Wren_0012_187973.jpg"
11497,"House_Wren_0103_187466.jpg"
11498,"House_Wren_0046_187477.jpg"
11499,"House_Wren_0064_187489.jpg"
11500,"House_Wren_0117_187492.jpg"
11501,"House_Wren_0005_187493.jpg"
11502,"House_Wren_0016_188006.jpg"
11503,"House_Wren_0114_188016.jpg"
11504,"House_Wren_0057_187157.jpg"
11505,"House_Wren_0047_188036.jpg"
11506,"House_Wren_0091_188046.jpg"
11507,"House_Wren_0001_188047.jpg"
11508,"House_Wren_0011_187547.jpg"
11509,"House_Wren_0119_187552.jpg"
11510,"House_Wren_0063_188076.jpg"
11511,"House_Wren_0134_188077.jpg"
11512,"House_Wren_0116_187604.jpg"
11513,"House_Wren_0123_187095.jpg"
11514,"House_Wren_0042_187098.jpg"
11515,"House_Wren_0092_187100.jpg"
11516,"House_Wren_0133_187101.jpg"
11517,"House_Wren_0108_187102.jpg"
11518,"House_Wren_0130_187109.jpg"
11519,"House_Wren_0110_187111.jpg"
11520,"House_Wren_0034_187120.jpg"
11521,"House_Wren_0101_187133.jpg"
11522,"House_Wren_0126_187647.jpg"
11523,"House_Wren_0025_187160.jpg"
11524,"House_Wren_0112_187355.jpg"
11525,"House_Wren_0139_187177.jpg"
11526,"House_Wren_0137_187273.jpg"
11527,"House_Wren_0023_187192.jpg"
11528,"House_Wren_0062_187194.jpg"
11529,"House_Wren_0035_187708.jpg"
11530,"House_Wren_0085_187723.jpg"
11531,"House_Wren_0043_187224.jpg"
11532,"House_Wren_0094_187226.jpg"
11533,"House_Wren_0107_187230.jpg"
11534,"House_Wren_0099_187240.jpg"
11535,"House_Wren_0088_187243.jpg"
11536,"House_Wren_0097_187760.jpg"
11537,"House_Wren_0090_187762.jpg"
11538,"House_Wren_0125_187251.jpg"
11539,"House_Wren_0086_187815.jpg"
11540,"House_Wren_0127_187832.jpg"
11541,"House_Wren_0017_187330.jpg"
11542,"House_Wren_0122_187331.jpg"
11543,"House_Wren_0022_187848.jpg"
11544,"House_Wren_0098_187368.jpg"
11545,"House_Wren_0045_187374.jpg"
11546,"House_Wren_0129_187376.jpg"
11547,"House_Wren_0118_187383.jpg"
11548,"House_Wren_0072_187899.jpg"
11549,"Marsh_Wren_0043_188426.jpg"
11550,"Marsh_Wren_0110_188434.jpg"
11551,"Marsh_Wren_0115_188443.jpg"
11552,"Marsh_Wren_0068_188446.jpg"
11553,"Marsh_Wren_0040_188252.jpg"
11554,"Marsh_Wren_0019_188460.jpg"
11555,"Marsh_Wren_0103_188483.jpg"
11556,"Marsh_Wren_0118_188512.jpg"
11557,"Marsh_Wren_0038_188530.jpg"
11558,"Marsh_Wren_0008_188533.jpg"
11559,"Marsh_Wren_0049_188540.jpg"
11560,"Marsh_Wren_0075_188549.jpg"
11561,"Marsh_Wren_0133_188565.jpg"
11562,"Marsh_Wren_0106_188100.jpg"
11563,"Marsh_Wren_0099_188579.jpg"
11564,"Marsh_Wren_0053_188276.jpg"
11565,"Marsh_Wren_0058_188107.jpg"
11566,"Marsh_Wren_0076_188108.jpg"
11567,"Marsh_Wren_0071_188111.jpg"
11568,"Marsh_Wren_0055_188123.jpg"
11569,"Marsh_Wren_0006_188126.jpg"
11570,"Marsh_Wren_0102_188654.jpg"
11571,"Marsh_Wren_0050_188657.jpg"
11572,"Marsh_Wren_0095_188371.jpg"
11573,"Marsh_Wren_0062_188158.jpg"
11574,"Marsh_Wren_0117_188676.jpg"
11575,"Marsh_Wren_0082_188699.jpg"
11576,"Marsh_Wren_0004_188188.jpg"
11577,"Marsh_Wren_0145_188193.jpg"
11578,"Marsh_Wren_0042_188195.jpg"
11579,"Marsh_Wren_0094_188710.jpg"
11580,"Marsh_Wren_0039_188201.jpg"
11581,"Marsh_Wren_0070_188205.jpg"
11582,"Marsh_Wren_0097_188214.jpg"
11583,"Marsh_Wren_0134_188213.jpg"
11584,"Marsh_Wren_0005_188235.jpg"
11585,"Marsh_Wren_0056_188241.jpg"
11586,"Marsh_Wren_0072_188764.jpg"
11587,"Marsh_Wren_0051_188260.jpg"
11588,"Marsh_Wren_0069_188776.jpg"
11589,"Marsh_Wren_0033_188778.jpg"
11590,"Marsh_Wren_0044_188270.jpg"
11591,"Marsh_Wren_0012_188275.jpg"
11592,"Marsh_Wren_0108_188788.jpg"
11593,"Marsh_Wren_0022_188280.jpg"
11594,"Marsh_Wren_0141_188796.jpg"
11595,"Marsh_Wren_0028_188797.jpg"
11596,"Marsh_Wren_0014_188802.jpg"
11597,"Marsh_Wren_0080_188812.jpg"
11598,"Marsh_Wren_0089_188318.jpg"
11599,"Marsh_Wren_0109_188329.jpg"
11600,"Marsh_Wren_0015_188852.jpg"
11601,"Marsh_Wren_0018_188363.jpg"
11602,"Marsh_Wren_0147_188367.jpg"
11603,"Marsh_Wren_0048_188370.jpg"
11604,"Marsh_Wren_0122_188323.jpg"
11605,"Marsh_Wren_0036_188374.jpg"
11606,"Marsh_Wren_0027_188376.jpg"
11607,"Marsh_Wren_0107_188390.jpg"
11608,"Marsh_Wren_0119_188404.jpg"
11609,"Rock_Wren_0127_188931.jpg"
11610,"Rock_Wren_0043_188933.jpg"
11611,"Rock_Wren_0034_187656.jpg"
11612,"Rock_Wren_0059_188941.jpg"
11613,"Rock_Wren_0024_188942.jpg"
11614,"Rock_Wren_0086_188944.jpg"
11615,"Rock_Wren_0098_188947.jpg"
11616,"Rock_Wren_0113_189204.jpg"
11617,"Rock_Wren_0125_188951.jpg"
11618,"Rock_Wren_0073_188952.jpg"
11619,"Rock_Wren_0022_188958.jpg"
11620,"Rock_Wren_0078_188960.jpg"
11621,"Rock_Wren_0118_188964.jpg"
11622,"Rock_Wren_0096_188966.jpg"
11623,"Rock_Wren_0019_188968.jpg"
11624,"Rock_Wren_0069_188969.jpg"
11625,"Rock_Wren_0041_189227.jpg"
11626,"Rock_Wren_0121_188974.jpg"
11627,"Rock_Wren_0087_188988.jpg"
11628,"Rock_Wren_0065_188995.jpg"
11629,"Rock_Wren_0035_188998.jpg"
11630,"Rock_Wren_0025_188897.jpg"
11631,"Rock_Wren_0037_189256.jpg"
11632,"Rock_Wren_0042_189006.jpg"
11633,"Rock_Wren_0114_189283.jpg"
11634,"Rock_Wren_0027_189331.jpg"
11635,"Rock_Wren_0012_189021.jpg"
11636,"Rock_Wren_0001_189289.jpg"
11637,"Rock_Wren_0066_189034.jpg"
11638,"Rock_Wren_0094_189037.jpg"
11639,"Rock_Wren_0036_189245.jpg"
11640,"Rock_Wren_0122_189042.jpg"
11641,"Rock_Wren_0062_189045.jpg"
11642,"Rock_Wren_0004_189046.jpg"
11643,"Rock_Wren_0111_189443.jpg"
11644,"Rock_Wren_0050_189207.jpg"
11645,"Rock_Wren_0038_189328.jpg"
11646,"Rock_Wren_0023_189075.jpg"
11647,"Rock_Wren_0080_189340.jpg"
11648,"Rock_Wren_0109_189094.jpg"
11649,"Rock_Wren_0116_189101.jpg"
11650,"Rock_Wren_0071_189213.jpg"
11651,"Rock_Wren_0053_189112.jpg"
11652,"Rock_Wren_0063_189121.jpg"
11653,"Rock_Wren_0044_189127.jpg"
11654,"Rock_Wren_0058_189346.jpg"
11655,"Rock_Wren_0076_189141.jpg"
11656,"Rock_Wren_0029_189145.jpg"
11657,"Rock_Wren_0123_189405.jpg"
11658,"Rock_Wren_0020_188895.jpg"
11659,"Rock_Wren_0067_189152.jpg"
11660,"Rock_Wren_0045_189153.jpg"
11661,"Rock_Wren_0040_189159.jpg"
11662,"Rock_Wren_0104_189161.jpg"
11663,"Rock_Wren_0009_189162.jpg"
11664,"Rock_Wren_0003_189167.jpg"
11665,"Rock_Wren_0100_189426.jpg"
11666,"Rock_Wren_0021_189175.jpg"
11667,"Rock_Wren_0026_189181.jpg"
11668,"Rock_Wren_0033_189397.jpg"
11669,"Winter_Wren_0095_189985.jpg"
11670,"Winter_Wren_0122_189475.jpg"
11671,"Winter_Wren_0117_189999.jpg"
11672,"Winter_Wren_0013_189500.jpg"
11673,"Winter_Wren_0062_189501.jpg"
11674,"Winter_Wren_0049_189504.jpg"
11675,"Winter_Wren_0112_189507.jpg"
11676,"Winter_Wren_0056_189508.jpg"
11677,"Winter_Wren_0103_189509.jpg"
11678,"Winter_Wren_0038_189510.jpg"
11679,"Winter_Wren_0083_190025.jpg"
11680,"Winter_Wren_0050_189514.jpg"
11681,"Winter_Wren_0072_189521.jpg"
11682,"Winter_Wren_0130_189531.jpg"
11683,"Winter_Wren_0073_190044.jpg"
11684,"Winter_Wren_0019_189533.jpg"
11685,"Winter_Wren_0081_190049.jpg"
11686,"Winter_Wren_0007_190052.jpg"
11687,"Winter_Wren_0063_189543.jpg"
11688,"Winter_Wren_0119_189545.jpg"
11689,"Winter_Wren_0082_189549.jpg"
11690,"Winter_Wren_0044_190068.jpg"
11691,"Winter_Wren_0113_189558.jpg"
11692,"Winter_Wren_0102_189563.jpg"
11693,"Winter_Wren_0110_189569.jpg"
11694,"Winter_Wren_0075_189578.jpg"
11695,"Winter_Wren_0127_190091.jpg"
11696,"Winter_Wren_0128_190093.jpg"
11697,"Winter_Wren_0131_190061.jpg"
11698,"Winter_Wren_0015_190099.jpg"
11699,"Winter_Wren_0090_190104.jpg"
11700,"Winter_Wren_0111_189596.jpg"
11701,"Winter_Wren_0021_189597.jpg"
11702,"Winter_Wren_0037_190123.jpg"
11703,"Winter_Wren_0087_190135.jpg"
11704,"Winter_Wren_0097_190139.jpg"
11705,"Winter_Wren_0033_189635.jpg"
11706,"Winter_Wren_0066_189637.jpg"
11707,"Winter_Wren_0141_190152.jpg"
11708,"Winter_Wren_0051_189990.jpg"
11709,"Winter_Wren_0004_189670.jpg"
11710,"Winter_Wren_0065_189675.jpg"
11711,"Winter_Wren_0048_189683.jpg"
11712,"Winter_Wren_0093_189686.jpg"
11713,"Winter_Wren_0071_189689.jpg"
11714,"Winter_Wren_0086_189692.jpg"
11715,"Winter_Wren_0005_189750.jpg"
11716,"Winter_Wren_0030_190311.jpg"
11717,"Winter_Wren_0026_189816.jpg"
11718,"Winter_Wren_0126_190342.jpg"
11719,"Winter_Wren_0116_189834.jpg"
11720,"Winter_Wren_0003_189838.jpg"
11721,"Winter_Wren_0129_189843.jpg"
11722,"Winter_Wren_0109_189850.jpg"
11723,"Winter_Wren_0132_189861.jpg"
11724,"Winter_Wren_0029_190376.jpg"
11725,"Winter_Wren_0142_190379.jpg"
11726,"Winter_Wren_0077_190366.jpg"
11727,"Winter_Wren_0047_190390.jpg"
11728,"Winter_Wren_0118_189805.jpg"
11729,"Common_Yellowthroat_0020_190720.jpg"
11730,"Common_Yellowthroat_0016_190986.jpg"
11731,"Common_Yellowthroat_0077_190990.jpg"
11732,"Common_Yellowthroat_0104_190489.jpg"
11733,"Common_Yellowthroat_0114_190501.jpg"
11734,"Common_Yellowthroat_0090_190503.jpg"
11735,"Common_Yellowthroat_0039_190513.jpg"
11736,"Common_Yellowthroat_0003_190521.jpg"
11737,"Common_Yellowthroat_0019_190524.jpg"
11738,"Common_Yellowthroat_0081_190525.jpg"
11739,"Common_Yellowthroat_0028_190527.jpg"
11740,"Common_Yellowthroat_0099_190531.jpg"
11741,"Common_Yellowthroat_0125_190902.jpg"
11742,"Common_Yellowthroat_0050_190535.jpg"
11743,"Common_Yellowthroat_0106_190989.jpg"
11744,"Common_Yellowthroat_0025_190547.jpg"
11745,"Common_Yellowthroat_0118_190805.jpg"
11746,"Common_Yellowthroat_0015_190556.jpg"
11747,"Common_Yellowthroat_0045_190563.jpg"
11748,"Common_Yellowthroat_0035_190567.jpg"
11749,"Common_Yellowthroat_0111_190569.jpg"
11750,"Common_Yellowthroat_0122_190570.jpg"
11751,"Common_Yellowthroat_0112_190571.jpg"
11752,"Common_Yellowthroat_0010_190572.jpg"
11753,"Common_Yellowthroat_0092_190573.jpg"
11754,"Common_Yellowthroat_0006_190576.jpg"
11755,"Common_Yellowthroat_0009_190578.jpg"
11756,"Common_Yellowthroat_0031_190582.jpg"
11757,"Common_Yellowthroat_0059_190584.jpg"
11758,"Common_Yellowthroat_0032_190592.jpg"
11759,"Common_Yellowthroat_0088_190594.jpg"
11760,"Common_Yellowthroat_0121_190597.jpg"
11761,"Common_Yellowthroat_0046_190446.jpg"
11762,"Common_Yellowthroat_0004_190606.jpg"
11763,"Common_Yellowthroat_0093_190609.jpg"
11764,"Common_Yellowthroat_0027_190869.jpg"
11765,"Common_Yellowthroat_0126_190407.jpg"
11766,"Common_Yellowthroat_0086_190639.jpg"
11767,"Common_Yellowthroat_0075_190900.jpg"
11768,"Common_Yellowthroat_0066_190646.jpg"
11769,"Common_Yellowthroat_0018_190904.jpg"
11770,"Common_Yellowthroat_0054_190398.jpg"
11771,"Common_Yellowthroat_0021_190655.jpg"
11772,"Common_Yellowthroat_0069_190400.jpg"
11773,"Common_Yellowthroat_0011_190401.jpg"
11774,"Common_Yellowthroat_0072_190402.jpg"
11775,"Common_Yellowthroat_0029_190403.jpg"
11776,"Common_Yellowthroat_0080_190663.jpg"
11777,"Common_Yellowthroat_0071_190665.jpg"
11778,"Common_Yellowthroat_0087_190414.jpg"
11779,"Common_Yellowthroat_0070_190678.jpg"
11780,"Common_Yellowthroat_0040_190427.jpg"
11781,"Common_Yellowthroat_0098_190430.jpg"
11782,"Common_Yellowthroat_0094_190690.jpg"
11783,"Common_Yellowthroat_0063_190440.jpg"
11784,"Common_Yellowthroat_0037_190698.jpg"
11785,"Common_Yellowthroat_0058_190958.jpg"
11786,"Common_Yellowthroat_0008_190703.jpg"
11787,"Common_Yellowthroat_0049_190708.jpg"
11788,"Common_Yellowthroat_0055_190967.jpg"
